"observation","duration_demographics","time_run_demographics","time_render_demographics","time_show_demographics","time_end_demographics","time_commit_demographics","timestamp_demographics","time_switch_demographics","please_tell_us_your_gender","which_year_were_you_born","please_tell_us_your_education_level","native_language","url_special_code","duration_consent","time_run_consent","time_render_consent","time_show_consent","time_end_consent","time_commit_consent","timestamp_consent","time_switch_consent","url_lab","meta_labjs_version","meta_location","meta_user_agent","meta_platform","meta_language","meta_locale","meta_time_zone","meta_timezone_offset","meta_screen_width","meta_screen_height","meta_scroll_width","meta_scroll_height","meta_window_inner_width","meta_window_inner_height","meta_device_pixel_ratio","meta_labjs_build_flavor","meta_labjs_build_commit","keep","n_trials","correct"
"023e6",52736.541,42953.3999999762,42933.011,42982.959,95719.5,95720.5,2022-08-26 15:44:57,95766.393,"male",1976,"high school","русский",220760792192155,38784.9429999821,4054.29999998212,3782.707,4149.357,42934.2999999821,42951.1999999881,2022-08-26 15:44:04,42982.959,"ZPID","20.2.4","https://psa007.psysciacc.org/ru4/?lab=ZPID&?special_code=220760792192155","Mozilla/5.0 (Windows NT 10.0; Win64; x64) AppleWebKit/537.36 (KHTML, like Gecko) Chrome/104.0.0.0 Safari/537.36","Win32","ru-RU","ru","Asia/Krasnoyarsk",-420,1366,768,1366,577,1366,625,1,"production","f5b4a49f956347addd546a832a3327688c2c0fef","exclude",92,0.195652173913043
"03ff7",43331.722999857,68593.7000000477,68585.205,68685.177,112016.899999857,112017.5,2022-08-26 15:46:43,112019.66,"male",1969,"high school","РУССКИЙ",220760717751459,55687.827,4962.89999985695,12853.693,12903.673,68591.5,68593.0999999046,2022-08-26 15:46:00,68685.177,"ZPID","20.2.4","https://psa007.psysciacc.org/ru2/?lab=ZPID&?special_code=220760717751459","Mozilla/5.0 (Windows NT 6.1) AppleWebKit/537.36 (KHTML, like Gecko) Chrome/104.0.0.0 Safari/537.36","Win32","ru-RU","ru","Etc/GMT-3",-180,1128,902,1254,845,1254,893,1.02187490463257,"production","f5b4a49f956347addd546a832a3327688c2c0fef","exclude",16,0.25
"04691",40532.36,15692,15691.48,15780.64,56313,56314,2022-08-26 15:46:51,56311.7,"male",1979,"high school","русский",220760960817375,10188.28,4824,4811.04,5389.72,15578,15690,2022-08-26 15:46:10,15780.64,"ZPID","20.2.4","https://psa007.psysciacc.org/ru1/?lab=ZPID&?special_code=220760960817375","Mozilla/5.0 (Windows NT 6.1; Win64; x64; rv:104.0) Gecko/20100101 Firefox/104.0","Win32","ru-RU","ru-RU","Europe/Moscow",-180,1280,1024,1259,773,1259,821,1,"production","f5b4a49f956347addd546a832a3327688c2c0fef","exclude",802,0.0586034912718204
"0812f",45319.3359999978,59789.5999999978,59784.321,59800.764,105120.099999998,105120.399999999,2022-08-26 15:50:49,105122.489,"female",1974,"master","русский",220761164853319,57638.2499999985,1473.5,2132,2148.65,59786.8999999985,59789.1999999993,2022-08-26 15:50:04,59800.764,"ZPID","20.2.4","https://psa007.psysciacc.org/ru2/?lab=ZPID&?special_code=220761164853319","Mozilla/5.0 (Windows NT 10.0; Win64; x64) AppleWebKit/537.36 (KHTML, like Gecko) Chrome/104.0.5112.102 Safari/537.36","Win32","ru-RU","ru","Europe/Moscow",-180,1600,900,1600,737,1600,785,1,"production","f5b4a49f956347addd546a832a3327688c2c0fef","keep",802,0.971321695760598
"0b400",32360.9879999881,25217.5,25190.256,25240.212,57601.1999999881,57602.6000000238,2022-08-26 15:43:07,57647.482,"female",1972,"college","русский",220760749956225,23002.1399999881,2066.90000003576,1936.166,2203.06,25205.1999999881,25215.9000000358,2022-08-26 15:42:35,25240.212,"ZPID","20.2.4","https://psa007.psysciacc.org/ru12/?lab=ZPID&?special_code=220760749956225","Mozilla/5.0 (Windows NT 10.0; Win64; x64) AppleWebKit/537.36 (KHTML, like Gecko) Chrome/104.0.0.0 Safari/537.36","Win32","ru-RU","ru","Asia/Yekaterinburg",-300,1366,768,1370,573,1370,621,1,"production","f5b4a49f956347addd546a832a3327688c2c0fef","exclude",100,0
"0c204",62518.9499999523,23551,23524.263,23573.85,86092.7999999523,86108.6999999285,2022-08-26 15:44:33,86170.251,"female",1982,"high school","русский",220760783880342,20508.932,2632.5,2341.779,3025.068,23534,23549.3999999762,2022-08-26 15:43:31,23573.85,"ZPID","20.2.4","https://psa007.psysciacc.org/ru/?lab=ZPID&?special_code=220760783880342","Mozilla/5.0 (Windows NT 10.0; Win64; x64) AppleWebKit/537.36 (KHTML, like Gecko) Chrome/102.0.5005.167 YaBrowser/22.7.3.822 Yowser/2.5 Safari/537.36","Win32","ru","ru","Europe/Volgograd",-180,1366,768,1366,604,1366,652,1,"production","f5b4a49f956347addd546a832a3327688c2c0fef","keep",802,0.948877805486284
"10668",37601.9339999977,16171.7999999964,16158.075,16208.066,53809.9999999977,53810.8999999968,2022-08-26 15:49:36,53841.958,"female",1994,"master","русский",220761143771179,9983.81800000026,3452.40000000194,6157.915,6174.582,16158.4000000003,16171.199999997,2022-08-26 15:48:58,16208.066,"ZPID","20.2.4","https://psa007.psysciacc.org/ru2/?lab=ZPID&?special_code=220761143771179","Mozilla/5.0 (X11; Linux x86_64) AppleWebKit/537.36 (KHTML, like Gecko) Chrome/67.0.3396.62 Safari/537.36","Linux x86_64","ru-RU","ru","Europe/Moscow",-180,1366,768,1301,654,1301,678,1,"production","f5b4a49f956347addd546a832a3327688c2c0fef","keep",802,0.890274314214464
"12487",62787.351,16746,16747.988,16764.649,79552,79553,2022-08-26 15:45:43,79572.57,"male",1981,"college","русский",220760864172210,14830.451,1810,1704.504,1900.549,16731,16741,2022-08-26 15:44:40,16764.649,"ZPID","20.2.4","https://psa007.psysciacc.org/ru7/?lab=ZPID&?special_code=220760864172210","Mozilla/5.0 (Windows NT 10.0; Win64; x64) AppleWebKit/537.36 (KHTML, like Gecko) Chrome/104.0.5112.102 Safari/537.36 Edg/104.0.1293.63","Win32","ru","ru","Asia/Novosibirsk",-420,1280,800,1280,633,1280,681,1,"production","f5b4a49f956347addd546a832a3327688c2c0fef","exclude",802,0.0199501246882793
"131e6",34946.146999994,22302.3000000119,22117.314,22733.953,57680.099999994,57680.900000006,2022-08-26 15:43:02,57717.278,"female",1965,"high school","пусскмй",220760739319934,8798.872,10591.1999999881,8033.994,13300.628,22099.5,22300.5,2022-08-26 15:42:26,22733.953,"ZPID","20.2.4","https://psa007.psysciacc.org/ru4/?lab=ZPID&?special_code=220760739319934","Mozilla/5.0 (Windows NT 10.0; Win64; x64) AppleWebKit/537.36 (KHTML, like Gecko) Chrome/103.0.5060.134 Safari/537.36 OPR/89.0.4447.83","Win32","ru-RU","ru","Europe/Minsk",-180,1366,768,1310,598,1310,646,1,"production","f5b4a49f956347addd546a832a3327688c2c0fef","exclude",400,0.675
"15e15",29601.934,22907.8000000715,22912.423,22929.066,52531,52531.3999999762,2022-08-26 15:44:20,52547.458,"male",1983,"college","русский",220760830203047,20376.11,2479.60000002384,2461.266,2527.89,22904,22907.3000000715,2022-08-26 15:43:50,22929.066,"ZPID","20.2.4","https://psa007.psysciacc.org/ru11/?lab=ZPID&?special_code=220760830203047","Mozilla/5.0 (Windows NT 10.0; Win64; x64) AppleWebKit/537.36 (KHTML, like Gecko) Chrome/104.0.0.0 Safari/537.36","Win32","ru-RU","ru","Europe/Moscow",-180,2560,1440,1650,1283,1650,1331,1.5,"production","f5b4a49f956347addd546a832a3327688c2c0fef","exclude",802,0.749376558603491
"1891e",78609.076,59764.8000000007,59737.714,59770.924,138380,138380.600000001,2022-08-26 15:48:51,138386.091,"male",1960,"master","русский",220760947153110,57330.4700000007,2376.20000000298,2354.227,2420.83,59751.3000000007,59763.5,2022-08-26 15:47:32,59770.924,"ZPID","20.2.4","https://psa007.psysciacc.org/ru12/?lab=ZPID&?special_code=220760947153110","Mozilla/5.0 (Windows NT 10.0; Win64; x64) AppleWebKit/537.36 (KHTML, like Gecko) Chrome/104.0.0.0 Safari/537.36","Win32","ru-RU","ru","Europe/Moscow",-180,1536,864,1536,674,1536,722,1.25,"production","f5b4a49f956347addd546a832a3327688c2c0fef","keep",802,0.973815461346633
"18e38",18861.8300001431,12732.7999999523,12724.092,12740.77,31602.6000001431,31604.1000001431,2022-08-26 15:41:44,31609.577,"male",1990,"master","Русский",220760693943447,10916.6449999523,1711.79999995232,1714.201,1813.155,12729.7999999523,12732.1000001431,2022-08-26 15:41:25,12740.77,"ZPID","20.2.4","https://psa007.psysciacc.org/ru12/?lab=ZPID&?special_code=220760693943447","Mozilla/5.0 (Windows NT 10.0; Win64; x64) AppleWebKit/537.36 (KHTML, like Gecko) Chrome/104.0.0.0 Safari/537.36","Win32","ru-RU","ru","Europe/Moscow",-180,1920,1080,1920,889,1920,937,1,"production","f5b4a49f956347addd546a832a3327688c2c0fef","exclude",13,0.230769230769231
"1bfc7",42447.0639999993,36708.8999999985,36700.911,36717.636,79164.6999999993,79165.0999999996,2022-08-26 15:50:24,79166.368,"male",1995,"master","русский",220761171976264,35023.8669999993,1643.59999999963,1561.261,1678.333,36702.1999999993,36708.2999999989,2022-08-26 15:49:42,36717.636,"ZPID","20.2.4","https://psa007.psysciacc.org/ru1/?lab=ZPID&?special_code=220761171976264","Mozilla/5.0 (Windows NT 10.0; Win64; x64) AppleWebKit/537.36 (KHTML, like Gecko) Chrome/103.0.5060.114 Safari/537.36 OPR/89.0.4447.64","Win32","ru-RU","ru","Europe/Moscow",-180,1366,768,1325,579,1325,627,1,"production","f5b4a49f956347addd546a832a3327688c2c0fef","keep",802,0.986284289276808
"1edb5",37281.322999997,6815.29999999702,6796.773,6813.477,44094.799999997,44095.1000000015,2022-08-26 15:46:51,44106.949,"male",1978,"college","русский",220760992602354,4718.81399999553,2063.29999999702,2059.554,2092.886,6811.69999999553,6814.89999999851,2022-08-26 15:46:13,6813.477,"ZPID","20.2.4","https://psa007.psysciacc.org/ru3/?lab=ZPID&?special_code=220760992602354","Mozilla/5.0 (Windows NT 6.1; Win64; x64) AppleWebKit/537.36 (KHTML, like Gecko) Chrome/102.0.5005.167 YaBrowser/22.7.3.822 Yowser/2.5 Safari/537.36","Win32","ru","ru","Europe/Moscow",-180,1920,1080,1869,880,1869,928,1,"production","f5b4a49f956347addd546a832a3327688c2c0fef","exclude",100,0.6
"25a33",41511.944,12235,12223.528,12247.056,53759,53759,2022-08-26 15:46:09,53773.976,"male",1984,NA,"русский",220761009052922,10086.22,2049,2012.376,2141.78,12228,12235,2022-08-26 15:45:27,12247.056,"ZPID","20.2.4","https://psa007.psysciacc.org/ru10/?lab=ZPID&?special_code=220761009052922","Mozilla/5.0 (Windows NT 6.3; Win64; x64) AppleWebKit/537.36 (KHTML, like Gecko) Chrome/104.0.5112.102 Safari/537.36 OPR/90.0.4480.54 (Edition Yx 05)","Win32","ru-RU","ru","Asia/Yekaterinburg",-300,1024,768,974,569,974,617,1,"production","f5b4a49f956347addd546a832a3327688c2c0fef","exclude",18,0.5
"2a6da",46910.828,36387.1000001431,36366.329,36399.672,83310.5,83310.8000001907,2022-08-26 15:42:59,83315.833,"male",1972,"college","русский",220760694187162,34015.0300001907,2355.80000019073,2316.79,2366.77,36381.8000001907,36386.9000000954,2022-08-26 15:42:12,36399.672,"ZPID","20.2.4","https://psa007.psysciacc.org/ru8/?lab=ZPID&?special_code=220760694187162","Mozilla/5.0 (Windows NT 10.0; Win64; x64) AppleWebKit/537.36 (KHTML, like Gecko) Chrome/104.0.5112.102 Safari/537.36 Edg/104.0.1293.70","Win32","ru","ru","Asia/Chita",-540,1920,1080,1920,913,1920,961,1,"production","f5b4a49f956347addd546a832a3327688c2c0fef","keep",802,0.973815461346633
"2c605",39381.7640000119,11521.7000000179,11508.605,11541.536,50923.3000000119,50923.7000000179,2022-08-26 15:43:47,50936.147,"male",1962,"master","русский",220760790226073,9428.61600001192,2028.09999999404,1984.275,2084.184,11512.8000000119,11520.7000000179,2022-08-26 15:43:08,11541.536,"ZPID","20.2.4","https://psa007.psysciacc.org/ru5/?lab=ZPID&?special_code=220760790226073","Mozilla/5.0 (Windows NT 10.0; Win64; x64) AppleWebKit/537.36 (KHTML, like Gecko) Chrome/104.0.5112.102 Safari/537.36 Edg/104.0.1293.63","Win32","ru","ru","Asia/Yekaterinburg",-300,1536,864,1540,706,1540,754,1.25,"production","f5b4a49f956347addd546a832a3327688c2c0fef","keep",802,0.908977556109726
"324a7",25662.56,5504,5503.32,5503.44,31166,31166,2022-08-26 15:47:55,31170.44,"male",2000,"master","Русский язык",220761073902623,3575.68,1884,1886.98,1920.32,5496,5503,2022-08-26 15:47:29,5503.44,"ZPID","20.2.4","https://psa007.psysciacc.org/ru/?lab=ZPID&?special_code=220761073902623","Mozilla/5.0 (Windows NT 10.0; Win64; x64; rv:104.0) Gecko/20100101 Firefox/104.0","Win32","ru-RU","ru-RU","Europe/Moscow",-180,1920,1080,1920,879,1920,927,1,"production","f5b4a49f956347addd546a832a3327688c2c0fef","exclude",13,0.538461538461538
"33042",40978.2969999995,11118.8349999993,11106.699,11173.363,52151.6599999995,52152.505,2022-08-26 15:50:19,52179.293,"male",1969,"master","русский",220761198107670,8176.12200000022,2820.10500000069,2845.117,2928.348,11104.4700000002,11118.2449999997,2022-08-26 15:49:38,11173.363,"ZPID","20.2.4","https://psa007.psysciacc.org/ru9/?lab=ZPID&?special_code=220761198107670","Mozilla/5.0 (X11; Linux x86_64) AppleWebKit/537.36 (KHTML, like Gecko) Chrome/81.0.4044.138 Safari/537.36 OPR/68.0.3618.104","Linux x86_64","ru-RU","ru","Asia/Novokuznetsk",-420,1920,1080,1920,915,1920,939,1,"production","f5b4a49f956347addd546a832a3327688c2c0fef","exclude",300,0.26
"333df",30046.9240000006,11420.6000000006,11391.748,11441.676,41488.6000000006,41511.8000000007,2022-08-26 15:47:46,41552.243,"female",1980,"college","русский",220761039581202,7844.95000000074,3441,3426.904,3559.85,11404.8000000007,11418.5,2022-08-26 15:47:15,11441.676,"ZPID","20.2.4","https://psa007.psysciacc.org/ru7/?lab=ZPID&?special_code=220761039581202","Mozilla/5.0 (Windows NT 10.0; Win64; x64) AppleWebKit/537.36 (KHTML, like Gecko) Chrome/102.0.5005.167 YaBrowser/22.7.3.822 Yowser/2.5 Safari/537.36","Win32","ru","ru","Europe/Volgograd",-180,1536,864,1536,702,1536,750,1.25,"production","f5b4a49f956347addd546a832a3327688c2c0fef","keep",802,0.955112219451372
"35531",72040.719,42533.599999994,42526.615,42543.281,114584,114584.599999994,2022-08-26 15:54:13,114590.399,"female",1987,"high school","русский",220761345304666,40335.5049999985,2172.09999999404,2178.229,2194.895,42530.3999999985,42533,2022-08-26 15:53:01,42543.281,"ZPID","20.2.4","https://psa007.psysciacc.org/ru13/?lab=ZPID&?special_code=220761345304666","Mozilla/5.0 (Windows NT 6.1; Win64; x64) AppleWebKit/537.36 (KHTML, like Gecko) Chrome/103.0.0.0 Safari/537.36","Win32","ru-RU","ru","Europe/Moscow",-180,1360,768,1334,590,1334,590,1,"production","f5b4a49f956347addd546a832a3327688c2c0fef","keep",802,0.829177057356609
"36189",67950.409999997,85680.8999999911,85667.226,85733.89,153684.299999997,153685.399999991,2022-08-26 18:52:28,153707.928,"male",1975,"high school","русский",220761227868196,81923.802000003,3587,3596.893,3746.898,85670.700000003,85680.099999994,2022-08-26 18:51:20,85733.89,"ZPID","20.2.4","https://psa007.psysciacc.org/ru5/?lab=ZPID&?special_code=220761227868196","Mozilla/5.0 (Windows NT 10.0; Win64; x64) AppleWebKit/537.36 (KHTML, like Gecko) Chrome/104.0.5112.102 Safari/537.36","Win32","ru-RU","ru","UTC",0,1366,768,1366,623,1366,671,1,"production","f5b4a49f956347addd546a832a3327688c2c0fef","exclude",802,0.481296758104738
"361b5",50258.605,10681.5999999046,10672.279,10688.895,60947.5,60947.7999999523,2022-08-26 15:45:14,60961.896,"female",1987,"high school","rus",220760873355445,8467.13299990463,2177.29999995232,2179.814,2212.967,10680.0999999046,10681.3999998569,2022-08-26 15:44:24,10688.895,"ZPID","20.2.4","https://psa007.psysciacc.org/ru6/?lab=ZPID&?special_code=220760873355445","Mozilla/5.0 (Windows NT 10.0; Win64; x64) AppleWebKit/537.36 (KHTML, like Gecko) Chrome/104.0.0.0 Safari/537.36","Win32","ru-RU","ru","Europe/Moscow",-180,1536,864,1536,712,1536,760,1.25,"production","f5b4a49f956347addd546a832a3327688c2c0fef","exclude",500,0.5
"3b501",55820.4450000477,17060.2999999523,17055.826,17072.255,72892.7000000477,72893,2022-08-26 15:48:23,72902.287,"male",1979,"college","русский",220761021621250,12662.1069999523,4369.39999997616,4339.602,4389.693,17051.7999999523,17059.2000000477,2022-08-26 15:47:27,17072.255,"ZPID","20.2.4","https://psa007.psysciacc.org/ru13/?lab=ZPID&?special_code=220761021621250","Mozilla/5.0 (Windows NT 10.0; Win64; x64) AppleWebKit/537.36 (KHTML, like Gecko) Chrome/104.0.5112.102 Safari/537.36 Edg/104.0.1293.63","Win32","ru","ru","Asia/Krasnoyarsk",-420,1536,864,1234,696,1234,744,1.25,"production","f5b4a49f956347addd546a832a3327688c2c0fef","keep",400,0.9375
"3bdf6",20905.326999997,6115,6101.449,6117.473,27022.799999997,27023.1000000015,2022-08-26 15:52:35,27020.352,"male",1978,"college","русский",220760992602354,5497.89400000149,593.69999999553,597.736,613.706,6111.60000000149,6114.60000000149,2022-08-26 15:52:14,6117.473,"ZPID","20.2.4","https://psa007.psysciacc.org/ru3/?lab=ZPID&?special_code=220760992602354","Mozilla/5.0 (Windows NT 6.1; Win64; x64) AppleWebKit/537.36 (KHTML, like Gecko) Chrome/102.0.5005.167 YaBrowser/22.7.3.822 Yowser/2.5 Safari/537.36","Win32","ru","ru","Europe/Moscow",-180,1920,1080,1869,880,1869,928,1,"production","f5b4a49f956347addd546a832a3327688c2c0fef","keep",802,0.815461346633416
"3c8a1",60355.2730000238,10889,10861.865,10911.827,71267.1000000238,71267.3999999762,2022-08-26 15:52:24,71275.856,"male",1958,"high school","Русский",220761288093760,9154.16499997616,1683.39999997616,1686.613,1720.235,10874.3999999762,10887,2022-08-26 15:51:24,10911.827,"ZPID","20.2.4","https://psa007.psysciacc.org/ru2/?lab=ZPID&?special_code=220761288093760","Mozilla/5.0 (Windows NT 10.0; Win64; x64) AppleWebKit/537.36 (KHTML, like Gecko) Chrome/103.0.5060.134 Safari/537.36 OPR/89.0.4447.83","Win32","ru-RU","ru","Europe/Moscow",-180,1366,768,1326,579,1326,627,1,"production","f5b4a49f956347addd546a832a3327688c2c0fef","keep",500,0.902
"3da47",26656.64,48276,48279.7,48296.36,74953,74954,2022-08-26 15:52:31,74955.42,"male",1982,"high school","Русский",220761298035781,43354.84,4755,4776.88,4910.16,48265,48275,2022-08-26 15:52:04,48296.36,"ZPID","20.2.4","https://psa007.psysciacc.org/ru6/?lab=ZPID&?special_code=220761298035781","Mozilla/5.0 (Windows NT 10.0; Win64; x64; rv:103.0) Gecko/20100101 Firefox/103.0","Win32","ru-RU","ru-RU","Europe/Moscow",-180,1280,1024,1272,800,1272,848,1,"production","f5b4a49f956347addd546a832a3327688c2c0fef","keep",802,0.854114713216958
"403bd",30813.218,13913,13901.45,13934.782,44748,44749,2022-08-26 15:48:59,44766.882,"male",1966,"high school","русский",220761119224879,11187.436,2642,2518.572,2718.564,13906,13913,2022-08-26 15:48:28,13934.782,"ZPID","20.2.4","https://psa007.psysciacc.org/ru12/?lab=ZPID&?special_code=220761119224879","Mozilla/5.0 (Windows NT 6.1; Win64; x64) AppleWebKit/537.36 (KHTML, like Gecko) Chrome/104.0.0.0 Safari/537.36","Win32","ru-RU","ru","Asia/Dubai",-240,1024,768,1024,577,1024,625,1,"production","f5b4a49f956347addd546a832a3327688c2c0fef","keep",802,0.981296758104738
"40881",37294.6460000238,9154.30000001192,9140.01,9178.454,46473.1000000238,46473.3000000119,2022-08-26 15:46:29,46474.461,"male",1992,"college","русский",220760943407316,7249.71000002384,1881,1875.738,1902.39,9152.10000002384,9154,2022-08-26 15:45:52,9178.454,"ZPID","20.2.4","https://psa007.psysciacc.org/ru8/?lab=ZPID&?special_code=220760943407316","Mozilla/5.0 (Windows NT 10.0; Win64; x64) AppleWebKit/537.36 (KHTML, like Gecko) Chrome/102.0.5005.167 YaBrowser/22.7.3.822 Yowser/2.5 Safari/537.36","Win32","ru","ru","Europe/Moscow",-180,1280,1024,1280,870,1280,918,1,"production","f5b4a49f956347addd546a832a3327688c2c0fef","exclude",300,0.04
"42691",42793.6,27400.0999999046,27379.762,27422.9,70216.5,70219.2000000477,2022-08-26 15:51:06,70234.431,"male",1965,"master","русский",220761186165841,10979.2259999523,3963.59999990463,16399.715,16416.574,27395.7999999523,27399.5,2022-08-26 15:50:23,27422.9,"ZPID","20.2.4","https://psa007.psysciacc.org/ru7/?lab=ZPID&?special_code=220761186165841","Mozilla/5.0 (Windows NT 10.0; Win64; x64) AppleWebKit/537.36 (KHTML, like Gecko) Chrome/104.0.0.0 Safari/537.36","Win32","ru-RU","ru","Europe/Moscow",-180,1280,1024,1280,833,1280,881,1,"production","f5b4a49f956347addd546a832a3327688c2c0fef","keep",212,0.962264150943396
"430e8",43003.4480000119,13066.5,13045.992,13179.352,56182.8000000119,56184.4000000358,2022-08-26 15:54:01,56221.714,"female",1975,"master","русский",220761310016584,8330.00600003576,4410.60000002384,4382.484,4716.894,13046.9000000358,13063.3000000119,2022-08-26 15:53:18,13179.352,"ZPID","20.2.4","https://psa007.psysciacc.org/ru2/?lab=ZPID&?special_code=220761310016584","Mozilla/5.0 (Windows NT 10.0; Win64; x64) AppleWebKit/537.36 (KHTML, like Gecko) Chrome/102.0.5005.167 YaBrowser/22.7.4.957 Yowser/2.5 Safari/537.36","Win32","ru","ru","Asia/Omsk",-360,1093,615,1458,631,1458,679,0.9375,"production","f5b4a49f956347addd546a832a3327688c2c0fef","keep",802,0.99501246882793
"43794",34226.652,17558.8000000119,17521.724,17582.348,51809,51843.1000000089,2022-08-26 15:37:31,51826.898,"male",1956,"master","русский",220760396750015,11341.033,5877,5869.228,6191.967,17533,17557.700000003,2022-08-26 15:36:57,17582.348,"ZPID","20.2.4","https://psa007.psysciacc.org/ru6/?lab=ZPID&?special_code=220760396750015","Mozilla/5.0 (Windows NT 6.1; WOW64) AppleWebKit/537.36 (KHTML, like Gecko) Chrome/102.0.5005.167 YaBrowser/22.7.3.821 Yowser/2.5 Safari/537.36","Win32","ru","ru","Europe/Moscow",-180,1366,768,1366,604,1366,652,1,"production","f5b4a49f956347addd546a832a3327688c2c0fef","keep",100,0.96
"44443",71935.3499999955,12097,12072.851,12106.85,84042.1999999955,84042.6999999955,2022-08-26 15:42:52,84051.932,"female",1986,"high school","русский",220760705252510,9609.04900000149,2459.29999999702,2461.939,2478.551,12087.6000000015,12095.799999997,2022-08-26 15:41:40,12106.85,"ZPID","20.2.4","https://psa007.psysciacc.org/ru/?lab=ZPID&?special_code=220760705252510","Mozilla/5.0 (Windows NT 10.0; Win64; x64) AppleWebKit/537.36 (KHTML, like Gecko) Chrome/104.0.0.0 Safari/537.36","Win32","ru-RU","ru","Asia/Barnaul",-420,1536,864,1514,696,1514,744,1.25,"production","f5b4a49f956347addd546a832a3327688c2c0fef","keep",802,0.963840399002494
"46e37",19456.9480000007,5718.90000000037,5696.734,5731.352,25188.3000000007,25188.9000000004,2022-08-26 15:48:44,25196.538,"male",1982,"master","русский",220760954341594,4665.37800000056,1033.90000000037,1030.066,1046.722,5712.10000000056,5718,2022-08-26 15:48:25,5731.352,"ZPID","20.2.4","https://psa007.psysciacc.org/ru/?lab=ZPID&?special_code=220760954341594","Mozilla/5.0 (Windows NT 10.0; Win64; x64) AppleWebKit/537.36 (KHTML, like Gecko) Chrome/104.0.0.0 Safari/537.36","Win32","ru-RU","ru","Europe/Moscow",-180,1920,1080,1920,889,1920,937,1,"production","f5b4a49f956347addd546a832a3327688c2c0fef","keep",802,0.894014962593516
"47ee9",47451.6260000119,13820.8000000119,13803.362,13836.674,61288.3000000119,61288.5999999642,2022-08-26 15:51:14,61301.43,"male",1981,"college","русский",220761237228588,11510.8179999881,2217.30000001192,2203.903,2303.882,13814.6999999881,13819.8999999762,2022-08-26 15:50:27,13836.674,"ZPID","20.2.4","https://psa007.psysciacc.org/ru2/?lab=ZPID&?special_code=220761237228588","Mozilla/5.0 (Windows NT 10.0; WOW64) AppleWebKit/537.36 (KHTML, like Gecko) Chrome/102.0.5005.167 YaBrowser/22.7.4.960 Yowser/2.5 Safari/537.36","Win32","ru","ru","Europe/Moscow",-180,1366,768,1366,596,1366,644,1,"production","f5b4a49f956347addd546a832a3327688c2c0fef","exclude",602,0.204318936877076
"4d351",77940.349,11363.7999999998,11354.501,11371.151,89311.5,89312,2022-08-26 15:56:02,89323.673,"male",1989,"high school","русский",220761353472092,7898.11800000019,3437.89999999991,3445.922,3462.582,11360.7000000002,11363.3999999999,2022-08-26 15:54:44,11371.151,"ZPID","20.2.4","https://psa007.psysciacc.org/ru12/?lab=ZPID&?special_code=220761353472092","Mozilla/5.0 (Windows NT 6.1; Win64; x64) AppleWebKit/537.36 (KHTML, like Gecko) Chrome/102.0.5005.167 YaBrowser/22.7.4.957 Yowser/2.5 Safari/537.36","Win32","ru","ru","Asia/Yekaterinburg",-300,1600,900,1167,720,1167,768,1,"production","f5b4a49f956347addd546a832a3327688c2c0fef","keep",802,0.963840399002494
"4f0ec",16552.1210000477,8322.5,8320.951,8337.579,24889.7000000477,24889.8999998569,2022-08-26 15:46:31,24893.603,"male",1990,"college",NA,220760996635892,6977.68199995232,1321,1327.098,1343.618,8321.29999995232,8322.29999995232,2022-08-26 15:46:15,8337.579,"ZPID","20.2.4","https://psa007.psysciacc.org/ru6/?lab=ZPID&?special_code=220760996635892","Mozilla/5.0 (Windows NT 6.1; Win64; x64) AppleWebKit/537.36 (KHTML, like Gecko) Chrome/104.0.0.0 Safari/537.36","Win32","ru-RU","ru","Europe/Moscow",-180,1440,900,1440,709,1440,757,1,"production","f5b4a49f956347addd546a832a3327688c2c0fef","exclude",76,0.960526315789474
"54088",30803.1800000007,6555.60000000149,6543.788,6577.12,37380.3000000007,37381.5,2022-08-26 15:50:40,37394.026,"male",1987,"college","русский",220761229464615,5120.446,1416.10000000149,1410.343,1427.054,6547.5,6554.60000000149,2022-08-26 15:50:09,6577.12,"ZPID","20.2.4","https://psa007.psysciacc.org/ru1/?lab=ZPID&?special_code=220761229464615","Mozilla/5.0 (Windows NT 6.1; Win64; x64) AppleWebKit/537.36 (KHTML, like Gecko) Chrome/104.0.5112.102 Safari/537.36","Win32","ru-RU","ru","Europe/Moscow",-180,1920,1080,1877,893,1877,941,1,"production","f5b4a49f956347addd546a832a3327688c2c0fef","exclude",802,0.118453865336658
"57f1e",43853.488000002,37958.000000006,37981.514,38031.512,81885.000000002,81885.000000002,2022-08-26 15:47:44,81929.756,"female",1979,"master","русский",220761003073783,33171.1580000052,4476.00000000239,3316.234,4782.842,37954.0000000052,37957.0000000022,2022-08-26 15:47:00,38031.512,"ZPID","20.2.4","https://psa007.psysciacc.org/ru10/?lab=ZPID&?special_code=220761003073783","Mozilla/5.0 (Windows NT 6.1) AppleWebKit/537.36 (KHTML, like Gecko) Chrome/68.0.3440.106 YaBrowser/18.9.1.954 Yowser/2.5 Safari/537.36","Win32","ru","ru","Asia/Riyadh",-180,1366,768,1366,608,1366,632,1,"production","f5b4a49f956347addd546a832a3327688c2c0fef","exclude",752,0.456117021276596
"58afb",34430.337,35884.599999994,35871.964,35905.163,70335.5,70336,2022-08-26 15:52:52,70353.185,"male",1968,"college","русский",220761337996373,33448.980999994,2381.70000001788,2306.974,2423.619,35872.599999994,35883.400000006,2022-08-26 15:52:18,35905.163,"ZPID","20.2.4","https://psa007.psysciacc.org/ru3/?lab=ZPID&?special_code=220761337996373","Mozilla/5.0 (Windows NT 10.0; Win64; x64) AppleWebKit/537.36 (KHTML, like Gecko) Chrome/104.0.0.0 Safari/537.36","Win32","ru-RU","ru","Asia/Yekaterinburg",-300,1920,1080,1518,685,1518,733,1.25,"production","f5b4a49f956347addd546a832a3327688c2c0fef","keep",802,0.958852867830424
"59d58",14668.1550000358,25862.9000000358,25839.426,25859.245,40527.4000000358,40527.7000000477,2022-08-26 15:47:46,40539.294,"male",1996,"college","Русский",220761047365654,20038.1200000477,1607.10000002384,5799.054,5819.08,25857.2000000477,25862.5,2022-08-26 15:47:31,25859.245,"ZPID","20.2.4","https://psa007.psysciacc.org/ru9/?lab=ZPID&?special_code=220761047365654","Mozilla/5.0 (Windows NT 10.0; Win64; x64) AppleWebKit/537.36 (KHTML, like Gecko) Chrome/104.0.0.0 Safari/537.36","Win32","ru-RU","ru","Europe/Moscow",-180,1587,893,1588,702,1588,750,1.21000003814697,"production","f5b4a49f956347addd546a832a3327688c2c0fef","keep",802,0.956359102244389
"5ae5a",19648.843,7387.40000009537,7380.838,7414.157,27063,27063.6000001431,2022-08-26 16:05:59,27075.189,"male",1965,"master",NA,220761186165841,6414.954,958,899.381,966.046,7381,7386.70000004768,2022-08-26 16:05:40,7414.157,"ZPID","20.2.4","https://psa007.psysciacc.org/ru7/?lab=ZPID&?special_code=220761186165841","Mozilla/5.0 (Windows NT 10.0; Win64; x64) AppleWebKit/537.36 (KHTML, like Gecko) Chrome/104.0.0.0 Safari/537.36","Win32","ru-RU","ru","Europe/Moscow",-180,1280,1024,1280,833,1280,881,1,"production","f5b4a49f956347addd546a832a3327688c2c0fef","keep",400,0.9925
"5bf8b",61715.0440000007,56959.1999999993,56945.956,56995.756,118710.800000001,118711.300000001,2022-08-26 15:53:08,118718.228,"male",1920,"high school","русский",220761288127553,52509.5959999993,4324,4304.728,4437.604,56947.1999999993,56957.5,2022-08-26 15:52:07,56995.756,"ZPID","20.2.4","https://psa007.psysciacc.org/ru5/?lab=ZPID&?special_code=220761288127553","Mozilla/5.0 (Windows NT 6.1) AppleWebKit/537.36 (KHTML, like Gecko) Chrome/104.0.0.0 Safari/537.36","Win32","ru-RU","ru","Asia/Omsk",-360,1366,768,1366,609,1366,657,1,"production","f5b4a49f956347addd546a832a3327688c2c0fef","exclude",702,0.537037037037037
"5d8a9",32999.88,13294,13294.7,13301.12,46301,46301,2022-08-26 15:46:55,46291.8,"male",1973,"master","русский",220760983344366,7390.66,5858,5852.68,5869.34,13260,13293,2022-08-26 15:46:22,13301.12,"ZPID","20.2.4","https://psa007.psysciacc.org/ru/?lab=ZPID&?special_code=220760983344366","Mozilla/5.0 (Windows NT 10.0; Win64; x64; rv:104.0) Gecko/20100101 Firefox/104.0","Win32","ru-RU","ru-RU","Europe/Samara",-240,1366,768,1366,587,1366,587,1,"production","f5b4a49f956347addd546a832a3327688c2c0fef","keep",802,0.844139650872818
"61d98",22038.6430000238,8838.60000002384,8829.748,8846.457,30885.1000000238,30885.2999999523,2022-08-26 15:49:03,30896.46,"female",1975,"master","русский",220761107342376,7124.26399997616,1677.89999997616,1663.143,1713.136,8837.39999997616,8838.20000004768,2022-08-26 15:48:41,8846.457,"ZPID","20.2.4","https://psa007.psysciacc.org/ru1/?lab=ZPID&?special_code=220761107342376","Mozilla/5.0 (Windows NT 10.0; Win64; x64) AppleWebKit/537.36 (KHTML, like Gecko) Chrome/102.0.5005.167 YaBrowser/22.7.4.957 Yowser/2.5 Safari/537.36","Win32","ru","ru","Europe/Moscow",-180,2560,1080,1260,839,1260,887,1,"production","f5b4a49f956347addd546a832a3327688c2c0fef","keep",802,0.958852867830424
"628b1",60508.164000006,8732,8721.069,8737.736,69245.900000006,69246.400000006,2022-08-26 15:44:20,69254.984,"female",1969,"high school","русский",220760794275997,7167.706,1518.70000001788,1438.633,1555.794,8723.5,8731,2022-08-26 15:43:19,8737.736,"ZPID","20.2.4","https://psa007.psysciacc.org/ru8/?lab=ZPID&?special_code=220760794275997","Mozilla/5.0 (Windows NT 10.0; Win64; x64) AppleWebKit/537.36 (KHTML, like Gecko) Chrome/104.0.5112.102 Safari/537.36 Edg/104.0.1293.63","Win32","ru","ru","Europe/Moscow",-180,1366,768,1366,609,1366,657,1,"production","f5b4a49f956347addd546a832a3327688c2c0fef","exclude",200,0.465
"665c5",31217.969000003,11686.9000000022,11672.403,11705.731,42923.700000003,42924.6000000015,2022-08-26 15:46:14,42937.27,"female",1977,"master","русский",220760949839063,8857.581,2598.5,2372.971,2822.919,11680.5,11685.8000000007,2022-08-26 15:45:43,11705.731,"ZPID","20.2.4","https://psa007.psysciacc.org/ru12/?lab=ZPID&?special_code=220760949839063","Mozilla/5.0 (Windows NT 10.0; Win64; x64) AppleWebKit/537.36 (KHTML, like Gecko) Chrome/102.0.5005.167 YaBrowser/22.7.3.822 Yowser/2.5 Safari/537.36","Win32","ru","ru","Asia/Yekaterinburg",-300,1366,768,1318,580,1318,628,1,"production","f5b4a49f956347addd546a832a3327688c2c0fef","exclude",33,0.757575757575758
"66a06",52854.577000003,28368,28347.457,28364.123,81218.700000003,81219,2022-08-26 15:44:16,81213.515,"male",1965,"high school","русский",220760734822524,25379.5510000089,2681,2681.066,2981.049,28360.6000000089,28366.8000000119,2022-08-26 15:43:23,28364.123,"ZPID","20.2.4","https://psa007.psysciacc.org/ru7/?lab=ZPID&?special_code=220760734822524","Mozilla/5.0 (Windows NT 10.0; Win64; x64) AppleWebKit/537.36 (KHTML, like Gecko) Chrome/102.0.5005.167 YaBrowser/22.7.4.957 Yowser/2.5 Safari/537.36","Win32","ru","ru","Asia/Yekaterinburg",-300,1920,1080,1872,892,1872,940,1,"production","f5b4a49f956347addd546a832a3327688c2c0fef","keep",802,0.971321695760598
"68f04",45048.9,96148,96147.9,96151.1,141200,141202,2022-08-26 15:49:05,141208.88,"male",1970,"high school","русский",220761014763773,91885.78,4186,4184.2,4234.22,96120,96145,2022-08-26 15:48:20,96151.1,"ZPID","20.2.4","https://psa007.psysciacc.org/ru4/?lab=ZPID&?special_code=220761014763773","Mozilla/5.0 (Windows NT 10.0; Win64; x64; rv:104.0) Gecko/20100101 Firefox/104.0","Win32","ru-RU","ru-RU","Europe/Moscow",-180,1093,614,1093,474,1093,474,1.25,"production","f5b4a49f956347addd546a832a3327688c2c0fef","exclude",200,0.785
"6a8e3",26225.2309999955,15163.6999999955,15158.803,15175.469,41400.6999999955,41401.299999997,2022-08-26 15:41:52,41407.753,"male",1976,"college","русский",220760689011861,13299.8649999955,1789.79999999702,1776.005,1859.335,15159.1999999955,15163.1000000015,2022-08-26 15:41:25,15175.469,"ZPID","20.2.4","https://psa007.psysciacc.org/ru13/?lab=ZPID&?special_code=220760689011861","Mozilla/5.0 (Windows NT 6.1; Win64; x64) AppleWebKit/537.36 (KHTML, like Gecko) Chrome/104.0.0.0 Safari/537.36","Win32","ru-RU","ru","Europe/Moscow",-180,1280,1024,1280,873,1280,921,1,"production","f5b4a49f956347addd546a832a3327688c2c0fef","keep",802,0.952618453865337
"6d2d6",17634.66,3545,3544.68,3558.34,21193,21194,2022-08-22 15:37:18,21204.08,"female",1996,"less than high school","few",220406551918735,1898.3,1592,1599.88,1620.7,3519,3544,2022-08-22 15:37:01,3558.34,"ZPID","20.2.4","https://psa007.psysciacc.org/ru3/?lab=ZPID&?special_code=220406551918735","Mozilla/5.0 (Windows NT 10.0; Win64; x64; rv:103.0) Gecko/20100101 Firefox/103.0","Win32","en-US","en-GB","Europe/Kiev",-180,1920,1080,1920,907,1920,955,1,"production","f5b4a49f956347addd546a832a3327688c2c0fef","exclude",802,0.468827930174564
"6e75e",38401.463,9249.90000000596,9237.454,9254.037,47655.5,47656.5,2022-08-26 15:43:23,47655.742,NA,2001,"high school","русский",220760750186626,4526.08100000149,2184,4703.853,4720.519,9246.60000000149,9249.5,2022-08-26 15:42:45,9254.037,"ZPID","20.2.4","https://psa007.psysciacc.org/ru1/?lab=ZPID&?special_code=220760750186626","Mozilla/5.0 (Windows NT 10.0; Win64; x64) AppleWebKit/537.36 (KHTML, like Gecko) Chrome/104.0.5112.102 Safari/537.36","Win32","ru-RU","ru","Asia/Yakutsk",-540,1920,1080,1132,893,1132,941,1,"production","f5b4a49f956347addd546a832a3327688c2c0fef","exclude",63,0.523809523809524
"73586",44791.439,59160.5,59142.058,59158.561,103950,103950.399999976,2022-08-26 15:43:38,103955.196,"female",1954,"college","русский",220760685788308,56605.1309999881,2505.09999999404,2467.274,2550.569,59155.6999999881,59160.099999994,2022-08-26 15:42:53,59158.561,"ZPID","20.2.4","https://psa007.psysciacc.org/ru3/?lab=ZPID&?special_code=220760685788308","Mozilla/5.0 (Windows NT 10.0; Win64; x64) AppleWebKit/537.36 (KHTML, like Gecko) Chrome/104.0.5112.102 Safari/537.36 Edg/104.0.1293.63","Win32","ru","ru","Europe/Moscow",-180,1536,864,1280,674,1280,722,1.25,"production","f5b4a49f956347addd546a832a3327688c2c0fef","keep",802,0.980049875311721
"73820",17442.54,7320,7318.8,7335.46,24778,24779,2022-08-26 15:58:32,24785.54,"male",2000,"master","Русский язык",220761073902623,6868.54,414,418.8,435.46,7304,7319,2022-08-26 15:58:15,7335.46,"ZPID","20.2.4","https://psa007.psysciacc.org/ru/?lab=ZPID&?special_code=220761073902623","Mozilla/5.0 (Windows NT 10.0; Win64; x64; rv:104.0) Gecko/20100101 Firefox/104.0","Win32","ru-RU","ru-RU","Europe/Moscow",-180,1920,1080,1920,879,1920,927,1,"production","f5b4a49f956347addd546a832a3327688c2c0fef","keep",802,0.896508728179551
"74063",41008.770999997,29173.599999994,29155.691,29189.029,70197.799999997,70198.299999997,2022-08-26 15:47:09,70200.874,"female",1966,"high school","русский",220760970811621,27613.014,1507.59999999404,1414.27,1547.986,29161,29171.799999997,2022-08-26 15:46:28,29189.029,"ZPID","20.2.4","https://psa007.psysciacc.org/ru4/?lab=ZPID&?special_code=220760970811621","Mozilla/5.0 (Windows NT 10.0; Win64; x64) AppleWebKit/537.36 (KHTML, like Gecko) Chrome/104.0.5112.102 Safari/537.36 Edg/104.0.1293.63","Win32","ru","ru","Europe/Moscow",-180,1366,768,1366,609,1366,657,1,"production","f5b4a49f956347addd546a832a3327688c2c0fef","keep",802,0.971321695760598
"75049",23423.7000000119,23317.099999994,23313.525,23330.1,46753.8000000119,46754,2022-08-26 15:52:41,46781.155,"female",1981,"master","русский",220761342800982,20737.127999994,2557.80000001192,2494.053,2577.472,23314.599999994,23316.8000000119,2022-08-26 15:52:18,23330.1,"ZPID","20.2.4","https://psa007.psysciacc.org/ru10/?lab=ZPID&?special_code=220761342800982","Mozilla/5.0 (Windows NT 10.0; Win64; x64) AppleWebKit/537.36 (KHTML, like Gecko) Chrome/104.0.5112.81 Safari/537.36 OPR/90.0.4480.48","Win32","ru-RU","ru","Europe/Moscow",-180,1536,960,1496,802,1496,850,1.25,"production","f5b4a49f956347addd546a832a3327688c2c0fef","keep",802,0.987531172069825
"75a44",39087.4849999994,55337,55320.21,55336.915,94424.3999999994,94424.8999999994,2022-08-26 15:51:16,94429.956,"male",1978,"high school","русский",220761175581774,53731.842,1554.89999999944,1475.697,1592.658,55324.5,55335.2000000002,2022-08-26 15:50:37,55336.915,"ZPID","20.2.4","https://psa007.psysciacc.org/ru4/?lab=ZPID&?special_code=220761175581774","Mozilla/5.0 (Windows NT 6.1; Win64; x64) AppleWebKit/537.36 (KHTML, like Gecko) Chrome/100.0.4896.127 Safari/537.36 OPR/86.0.4363.50","Win32","ru-RU","ru","Asia/Tashkent",-300,1366,768,1326,579,1326,627,1,"production","f5b4a49f956347addd546a832a3327688c2c0fef","exclude",802,0.488778054862843
"77d58",72468.9839999989,13321.9000000004,13306.42,13339.816,85808.7999999989,85809.0999999996,2022-08-26 15:44:31,85817.735,"male",1962,"master","украинский",220760761535624,11006.5749999996,2280.90000000037,2256.004,2306.025,13312.5999999996,13321,2022-08-26 15:43:19,13339.816,"ZPID","20.2.4","https://psa007.psysciacc.org/ru6/?lab=ZPID&?special_code=220760761535624","Mozilla/5.0 (Windows NT 6.1; Win64; x64) AppleWebKit/537.36 (KHTML, like Gecko) Chrome/103.0.5060.134 Safari/537.36 OPR/89.0.4447.83","Win32","ru-RU","ru","Europe/Moscow",-180,1600,900,1348,660,1348,708,1,"production","f5b4a49f956347addd546a832a3327688c2c0fef","keep",500,0.956
"7ba8d",38194.7969999955,13715.599999994,13715.107,13781.903,51976.6999999955,51977.599999994,2022-08-26 15:42:21,52021.5,"male",1969,"high school","русский",220760702517404,10524.012999997,3012.89999999851,2994.603,3178.287,13702.299999997,13713.799999997,2022-08-26 15:41:43,13781.903,"ZPID","20.2.4","https://psa007.psysciacc.org/ru10/?lab=ZPID&?special_code=220760702517404","Mozilla/5.0 (Windows NT 6.1; Win64; x64) AppleWebKit/537.36 (KHTML, like Gecko) Chrome/104.0.0.0 Safari/537.36","Win32","ru-RU","ru","Etc/GMT-5",-300,1366,768,1366,609,1366,657,1,"production","f5b4a49f956347addd546a832a3327688c2c0fef","exclude",384,0
"7bec8",24267.818,24059.2000000477,24072.117,24088.682,48356.5,48356.5999999046,2022-08-19 10:11:57,48379.125,"male",1987,"master","Korean",220120692436041,23160.116,831.099999904633,813.163,896.384,24056.5,24058.7000000477,2022-08-19 10:11:33,24088.682,"ZPID","20.2.4","https://psa007.psysciacc.org/ko/?lab=ZPID&?special_code=220120692436041","Mozilla/5.0 (Windows NT 10.0; Win64; x64) AppleWebKit/537.36 (KHTML, like Gecko) Chrome/104.0.0.0 Safari/537.36","Win32","en-US","en-US","Asia/Calcutta",-330,1920,1080,1920,832,1920,880,1,"production","f5b4a49f956347addd546a832a3327688c2c0fef","exclude",802,0.527431421446384
"7c1f4",46495.8320000037,10779.0000000023,10780.506,10897.168,57393.0000000037,57395.0000000041,2022-08-26 14:45:57,57461.972,"male",1986,"high school","Русский",220760938095822,5825.59400000105,4747.99999999959,4547.422,4947.406,10773.000000001,10777.9999999984,2022-08-26 14:45:10,10897.168,"ZPID","20.2.4","https://psa007.psysciacc.org/ru9/?lab=ZPID&?special_code=220760938095822","Mozilla/5.0 (Windows NT 5.1) AppleWebKit/537.36 (KHTML, like Gecko) Chrome/69.0.3497.81 Safari/537.36 Maxthon/5.3.8.2000","Win32","ru-RU","en-US",NA,-180,1440,900,1440,750,1440,774,1,"production","f5b4a49f956347addd546a832a3327688c2c0fef","exclude",100,0.42
"7c481",67812.8249999989,11689.0999999996,11671.842,11721.975,79534.7999999989,79535.5,2022-08-26 15:50:39,79548.322,"male",1976,"high school","русский",220761160986692,9817.38399999963,1778.59999999963,1696.167,1863.216,11680.5999999996,11687.8999999985,2022-08-26 15:49:31,11721.975,"ZPID","20.2.4","https://psa007.psysciacc.org/ru12/?lab=ZPID&?special_code=220761160986692","Mozilla/5.0 (Windows NT 6.1; Win64; x64) AppleWebKit/537.36 (KHTML, like Gecko) Chrome/102.0.5005.167 YaBrowser/22.7.3.829 Yowser/2.5 Safari/537.36","Win32","ru","ru","Asia/Baghdad",-180,1366,768,1318,604,1318,652,1,"production","f5b4a49f956347addd546a832a3327688c2c0fef","keep",500,0.968
"82698",11494.38,3437,3437.44,3437.62,14932,14932,2022-01-24 18:34:19,14927.08,"other",1987,"doctorate","norway",NA,2915.54,473,486.06,510.46,3426,3437,2022-01-24 18:34:08,3437.62,NA,"20.2.4","https://psa007.psysciacc.org/en-z/","Mozilla/5.0 (Macintosh; Intel Mac OS X 10.15; rv:96.0) Gecko/20100101 Firefox/96.0","MacIntel","en-US","en-US","America/Chicago",360,1260,818,1260,668,1260,716,2.4,"production","f5b4a49f956347addd546a832a3327688c2c0fef","exclude",24,0.166666666666667
"8596a",56151.1019999762,25276.8000000119,25243.769,25360.298,81511.3999999762,81513.3999999762,2022-08-26 15:44:52,81548.013,"male",1989,"college","русский",220760819095717,20650.039,3921.5,3308.515,4591.961,25242,25272,2022-08-26 15:43:56,25360.298,"ZPID","20.2.4","https://psa007.psysciacc.org/ru12/?lab=ZPID&?special_code=220760819095717","Mozilla/5.0 (Windows NT 10.0; Win64; x64) AppleWebKit/537.36 (KHTML, like Gecko) Chrome/104.0.0.0 Safari/537.36","Win32","ru-RU","ru","Europe/Moscow",-180,1366,768,1366,609,1366,657,1,"production","f5b4a49f956347addd546a832a3327688c2c0fef","keep",802,0.952618453865337
"86c8d",40871.1789999993,67056.0999999996,67040.724,67090.521,107961.699999999,107962.1,2022-08-26 15:52:42,107963.704,"female",1986,"college","русский",220761284109373,64528.2589999993,2389.69999999925,2328.823,2511.441,67039.6999999993,67053.5999999996,2022-08-26 15:52:01,67090.521,"ZPID","20.2.4","https://psa007.psysciacc.org/ru/?lab=ZPID&?special_code=220761284109373","Mozilla/5.0 (Windows NT 6.3; Win64; x64) AppleWebKit/537.36 (KHTML, like Gecko) Chrome/104.0.0.0 Safari/537.36","Win32","en","en-US","Europe/Moscow",-180,1366,768,1366,609,1366,657,1,"production","f5b4a49f956347addd546a832a3327688c2c0fef","keep",802,0.978802992518703
"88d90",77016.273,16373.1000000006,16376.028,16392.727,93409,93409.7000000002,2022-08-26 15:46:06,93424.388,"male",1962,"high school","русский",220760867694771,14318.7650000007,2032.60000000056,2018.145,2051.535,16370.3000000007,16372.6000000006,2022-08-26 15:44:49,16392.727,"ZPID","20.2.4","https://psa007.psysciacc.org/ru6/?lab=ZPID&?special_code=220760867694771","Mozilla/5.0 (Windows NT 6.1; Win64; x64) AppleWebKit/537.36 (KHTML, like Gecko) Chrome/104.0.0.0 Safari/537.36","Win32","ru-RU","ru","Europe/Moscow",-180,1440,900,1440,741,1440,789,1,"production","f5b4a49f956347addd546a832a3327688c2c0fef","keep",500,0.836
"8aa3d",47969.922999994,210294.099999994,210287.76,210301.177,258271.099999994,258271.299999982,2022-08-26 15:49:52,258278.322,"male",1996,"college","русский",220760954996955,207784.979,2492.09999999404,2480.35,2507.021,210292,210293.699999988,2022-08-26 15:49:05,210301.177,"ZPID","20.2.4","https://psa007.psysciacc.org/ru2/?lab=ZPID&?special_code=220760954996955","Mozilla/5.0 (Windows NT 10.0; Win64; x64) AppleWebKit/537.36 (KHTML, like Gecko) Chrome/104.0.0.0 Safari/537.36","Win32","ru-RU","ru","Asia/Irkutsk",-480,1920,1080,1920,959,1920,1007,1,"production","f5b4a49f956347addd546a832a3327688c2c0fef","keep",802,0.849127182044888
"8cfd7",47965.5140000002,20958.8000000007,20946.487,20963.186,68928.7000000002,68929.2000000002,2022-08-26 15:46:47,68929.425,"male",1982,"master","русский",220760954341594,19201.7820000004,1720.80000000075,1713.302,1746.618,20948.4000000004,20957.4000000004,2022-08-26 15:45:59,20963.186,"ZPID","20.2.4","https://psa007.psysciacc.org/ru/?lab=ZPID&?special_code=220760954341594","Mozilla/5.0 (Windows NT 10.0; Win64; x64) AppleWebKit/537.36 (KHTML, like Gecko) Chrome/104.0.0.0 Safari/537.36","Win32","ru-RU","ru","Europe/Moscow",-180,1920,1080,1920,889,1920,937,1,"production","f5b4a49f956347addd546a832a3327688c2c0fef","exclude",17,0.235294117647059
"91370",102979.765999964,9461.89999997616,9446.716,9496.834,112476.599999964,112479.199999988,2022-08-26 15:52:52,112506.285,"male",1976,"master",NA,220761284635711,7685.24199995232,1722.29999995232,1638.44,1771.558,9456.79999995232,9460.59999996424,2022-08-26 15:51:09,9496.834,"ZPID","20.2.4","https://psa007.psysciacc.org/ru12/?lab=ZPID&?special_code=220761284635711","Mozilla/5.0 (Windows NT 6.1; Win64; x64) AppleWebKit/537.36 (KHTML, like Gecko) Chrome/104.0.0.0 Safari/537.36","Win32","ru-RU","ru","Europe/Moscow",-180,1600,900,1600,751,1600,799,1,"production","f5b4a49f956347addd546a832a3327688c2c0fef","keep",602,0.895348837209302
"937e1",9241.34,2899,2898.46,2898.66,12140,12141,2022-01-24 19:52:28,12145.36,"other",1987,"doctorate","english",NA,2600.98,252,262.04,287.02,2888,2898,2022-01-24 19:52:19,2898.66,"1234","20.2.4","https://psa007.psysciacc.org/en-z/?lab=1234","Mozilla/5.0 (Macintosh; Intel Mac OS X 10.15; rv:96.0) Gecko/20100101 Firefox/96.0","MacIntel","en-US","en-US","America/Chicago",360,1260,818,1260,668,1260,716,2.4,"production","f5b4a49f956347addd546a832a3327688c2c0fef","exclude",24,1
"94439",57720.8849999985,27892.8999999985,27894.806,27911.515,85632.3999999985,85632.6999999955,2022-08-26 15:48:32,85657.992,"male",1973,"college","русский",220761039578129,25790.9230000015,2056.39999999851,2058.785,2092.177,27883.1000000015,27891.6000000015,2022-08-26 15:47:34,27911.515,"ZPID","20.2.4","https://psa007.psysciacc.org/ru12/?lab=ZPID&?special_code=220761039578129","Mozilla/5.0 (Windows NT 6.1; Win64; x64) AppleWebKit/537.36 (KHTML, like Gecko) Chrome/104.0.0.0 Safari/537.36","Win32","ru-RU","ru","Asia/Novosibirsk",-420,1536,864,1524,694,1524,742,1.25,"production","f5b4a49f956347addd546a832a3327688c2c0fef","keep",802,0.978802992518703
"989d4",16640.8,14012,14010.96,14020.2,30661,30662,2022-06-15 05:34:42,30661.72,"female",1985,"less than high school","English",NA,12851.4,1121,1136.92,1153.6,14005,14012,2022-06-15 05:34:26,14020.2,"1234","20.2.4","https://psa007.psysciacc.org/en/?lab=1234","Mozilla/5.0 (Macintosh; Intel Mac OS X 10.15; rv:101.0) Gecko/20100101 Firefox/101.0","MacIntel","en-US","en-US","America/Chicago",300,450,800,1260,668,1260,716,2.4,"production","f5b4a49f956347addd546a832a3327688c2c0fef","keep",100,0.98
"a0eb4",59215.5199999523,17565.5,17548.229,17597.78,76813.2999999523,76814.6000001431,2022-08-26 15:51:53,76832.466,"male",1969,"high school","русский",220761257088049,14313.147,3044.40000009537,3034.885,3234.853,17548,17562.7000000477,2022-08-26 15:50:53,17597.78,"ZPID","20.2.4","https://psa007.psysciacc.org/ru3/?lab=ZPID&?special_code=220761257088049","Mozilla/5.0 (Windows NT 10.0; Win64; x64) AppleWebKit/537.36 (KHTML, like Gecko) Chrome/102.0.5005.167 YaBrowser/22.7.3.822 Yowser/2.5 Safari/537.36","Win32","ru","ru","Europe/Moscow",-180,1600,900,1552,736,1552,784,1,"production","f5b4a49f956347addd546a832a3327688c2c0fef","exclude",146,0.458904109589041
"a3eba",41616.1819999523,11450.0999999046,11433.77,11450.618,53066.7999999523,53067.0999999046,2022-08-26 15:49:19,53070.012,"male",1972,"college","русский",220761126641713,10077.1979999523,1353.19999992847,1349.937,1366.602,11443.7999999523,11449.8999999762,2022-08-26 15:48:37,11450.618,"ZPID","20.2.4","https://psa007.psysciacc.org/ru6/?lab=ZPID&?special_code=220761126641713","Mozilla/5.0 (Windows NT 10.0; Win64; x64) AppleWebKit/537.36 (KHTML, like Gecko) Chrome/104.0.0.0 Safari/537.36","Win32","ru-RU","ru","Europe/Moscow",-180,1920,1080,1920,889,1920,937,1,"production","f5b4a49f956347addd546a832a3327688c2c0fef","keep",802,0.983790523690773
"a7239",56524.6109999285,12978.6999999285,12978.927,12995.589,69520.1999999285,69520.6999999285,2022-08-26 15:52:04,69538.313,"female",1971,"high school","русский",220760966740194,11009.806,1868.5,1864.301,1963.694,12973.5,12978.1999999285,2022-08-26 15:51:07,12995.589,"ZPID","20.2.4","https://psa007.psysciacc.org/ru2/?lab=ZPID&?special_code=220760966740194","Mozilla/5.0 (Windows NT 10.0; Win64; x64) AppleWebKit/537.36 (KHTML, like Gecko) Chrome/104.0.0.0 Safari/537.36","Win32","ru-RU","ru","Europe/Moscow",-180,1536,864,1536,666,1536,714,1.25,"production","f5b4a49f956347addd546a832a3327688c2c0fef","keep",400,0.9275
"ab386",33791.2280000477,14305.2999999523,14300.213,14333.972,48125.2000000477,48125.3999998569,2022-08-26 15:42:27,48149.359,"female",1980,"college","русский",220760703136925,12658.064,1623.79999995232,1609.69,1642.936,14301,14305.0999999046,2022-08-26 15:41:53,14333.972,"ZPID","20.2.4","https://psa007.psysciacc.org/ru13/?lab=ZPID&?special_code=220760703136925","Mozilla/5.0 (Windows NT 10.0; Win64; x64) AppleWebKit/537.36 (KHTML, like Gecko) Chrome/104.0.5112.102 Safari/537.36 Edg/104.0.1293.63","Win32","ru","ru","Europe/Moscow",-180,1600,1000,1528,881,1528,929,2,"production","f5b4a49f956347addd546a832a3327688c2c0fef","keep",801,0.968789013732834
"aee4a",31876.361,14387.2999999523,14375.386,14408.639,46285,46287.2000000477,2022-08-26 15:51:47,46316.173,"female",1973,"high school","русский",220761284173886,11055.0990000238,3143.89999997616,3128.554,3328.501,14383.6000000238,14386.7999999523,2022-08-26 15:51:15,14408.639,"ZPID","20.2.4","https://psa007.psysciacc.org/ru4/?lab=ZPID&?special_code=220761284173886","Mozilla/5.0 (Windows NT 10.0; Win64; x64) AppleWebKit/537.36 (KHTML, like Gecko) Chrome/102.0.5005.167 YaBrowser/22.7.3.822 Yowser/2.5 Safari/537.36","Win32","ru","ru","Europe/Volgograd",-180,1536,864,1488,686,1488,734,1.25,"production","f5b4a49f956347addd546a832a3327688c2c0fef","keep",802,0.972568578553616
"b22b2",38289.722,11529,11505.229,11555.278,49845,49845,2022-08-26 16:00:12,49859.446,"male",1984,"college","Русский",220761343459415,7237.51,4150,4148.026,4281.49,11519,11528,2022-08-26 15:59:34,11555.278,"ZPID","20.2.4","https://psa007.psysciacc.org/ru5/?lab=ZPID&?special_code=220761343459415","Mozilla/5.0 (Windows NT 6.1) AppleWebKit/537.36 (KHTML, like Gecko) Chrome/104.0.5112.102 Safari/537.36 Edg/104.0.1293.63","Win32","de","de","Europe/Berlin",-120,1280,800,1280,641,1280,689,1,"production","f5b4a49f956347addd546a832a3327688c2c0fef","keep",802,0.876558603491272
"b2a10",26901.8690000007,45179.3999999985,45149.803,45216.931,72118.8000000007,72120.6000000015,2022-08-26 15:44:46,72145.328,"male",1991,"college","Русский",220760840162477,40355.1180000015,4598.89999999851,4592.269,4809.982,45165.1000000015,45177.6000000015,2022-08-26 15:44:19,45216.931,"ZPID","20.2.4","https://psa007.psysciacc.org/ru13/?lab=ZPID&?special_code=220760840162477","Mozilla/5.0 (Windows NT 6.1; Win64; x64) AppleWebKit/537.36 (KHTML, like Gecko) Chrome/91.0.4472.101 Safari/537.36","Win32","ru-RU","ru","Europe/Moscow",-180,1366,768,1366,581,1366,629,1,"production","f5b4a49f956347addd546a832a3327688c2c0fef","exclude",802,0.638403990024938
"b596c",61753.1539999762,13309.7999999523,13288.042,13324.246,75077.3999999762,75078.1000000238,2022-08-26 15:43:37,75075.729,"female",1989,"college","русский",220760754925702,11649.6319999523,1608.39999997616,1619.853,1653.168,13302.7999999523,13308.8999999762,2022-08-26 15:42:35,13324.246,"ZPID","20.2.4","https://psa007.psysciacc.org/ru8/?lab=ZPID&?special_code=220760754925702","Mozilla/5.0 (Windows NT 10.0; Win64; x64) AppleWebKit/537.36 (KHTML, like Gecko) Chrome/104.0.0.0 Safari/537.36","Win32","ru-RU","ru","Europe/Moscow",-180,1440,900,1440,701,1440,749,1,"production","f5b4a49f956347addd546a832a3327688c2c0fef","keep",400,0.94
"b6ee1",41550.8799999046,38040.3999998569,38028.062,38044.72,79595.5999999046,79596.0999999046,2022-08-26 15:46:50,79594.784,"female",1975,"college","русский",220760933046474,36384.6990000477,1622.09999990463,1619.842,1653.001,38037.7000000477,38040.0999999046,2022-08-26 15:46:09,38044.72,"ZPID","20.2.4","https://psa007.psysciacc.org/ru3/?lab=ZPID&?special_code=220760933046474","Mozilla/5.0 (Windows NT 10.0; Win64; x64) AppleWebKit/537.36 (KHTML, like Gecko) Chrome/104.0.5112.102 Safari/537.36 Edg/104.0.1293.63","Win32","ru","ru","Europe/Moscow",-180,1536,864,1670,771,1670,819,1.14999997615814,"production","f5b4a49f956347addd546a832a3327688c2c0fef","keep",802,0.922693266832918
"b8939",7608.06,2778,2777.9,2781.94,10390,10390,2022-01-24 20:21:29,10398.44,"notsay",1985,"doctorate","english",NA,2603.72,149,156.96,165.28,2769,2777,2022-01-24 20:21:22,2781.94,"9999","20.2.4","https://psa007.psysciacc.org/en-z/?lab=9999","Mozilla/5.0 (Macintosh; Intel Mac OS X 10.15; rv:96.0) Gecko/20100101 Firefox/96.0","MacIntel","en-US","en-US","America/Chicago",360,1260,818,1260,668,1260,716,2.4,"production","f5b4a49f956347addd546a832a3327688c2c0fef","keep",100,0.97
"bc3d6",24508.9670000954,10283.7000000477,10272.428,10305.433,34814.4000000954,34815.1000001431,2022-08-23 15:10:21,34818.635,"male",1996,"high school","trbr",220493331923129,8095.693,2045,1945.595,2178.807,10274.5,10282.5,2022-08-23 15:09:57,10305.433,"ZPID","20.2.4","https://psa007.psysciacc.org/ru/?lab=ZPID&?special_code=220493331923129","Mozilla/5.0 (Windows NT 10.0; Win64; x64) AppleWebKit/537.36 (KHTML, like Gecko) Chrome/104.0.0.0 Safari/537.36","Win32","en-US","en-US","Europe/Kiev",-180,1536,864,1536,706,1536,754,1.25,"production","f5b4a49f956347addd546a832a3327688c2c0fef","exclude",50,0.2
"bd156",56902.5090000119,22162.1999999881,22138.461,22221.791,79124.3000000119,79126.1999999881,2022-08-26 15:51:57,79157.77,"male",1959,"high school","русский",220761237368877,18282.1530000119,3434.39999997616,3435.724,3868.647,22150.8000000119,22161.1000000238,2022-08-26 15:51:00,22221.791,"ZPID","20.2.4","https://psa007.psysciacc.org/ru13/?lab=ZPID&?special_code=220761237368877","Mozilla/5.0 (Windows NT 10.0) AppleWebKit/537.36 (KHTML, like Gecko) Chrome/103.0.5060.134 Safari/537.36 OPR/89.0.4447.101 (Edition Yx 03)","Win32","ru-RU","ru","Europe/Moscow",-180,1600,900,1560,711,1560,759,1,"production","f5b4a49f956347addd546a832a3327688c2c0fef","keep",400,0.9425
"bd6ee",78654.226,31610,31587.71,31654.374,110308.6,110309.8,2022-08-26 15:46:34,110334.56,"male",1964,"college","русский",220760879637687,28128.832,3195.59999999998,3155.514,3472.168,31601,31609.1,2022-08-26 15:45:15,31654.374,"ZPID","20.2.4","https://psa007.psysciacc.org/ru13/?lab=ZPID&?special_code=220760879637687","Mozilla/5.0 (Windows NT 6.0; Win64; x64) AppleWebKit/537.36 (KHTML, like Gecko) Chrome/104.0.5112.102 Safari/537.36 OPR/90.0.4480.54","Win32","ru-RU","ru","Asia/Krasnoyarsk",-420,1366,768,1326,610,1326,658,1,"production","f5b4a49f956347addd546a832a3327688c2c0fef","exclude",500,0.12
"bf9e0",69870.492,47015,46989.178,47072.508,116943,116944,2022-08-26 15:55:06,116969.712,"male",1967,"high school","русский",220761308100679,43530.748,3279,3324.258,3474.252,47005,47015,2022-08-26 15:53:57,47072.508,"ZPID","20.2.4","https://psa007.psysciacc.org/ru9/?lab=ZPID&?special_code=220761308100679","Mozilla/5.0 (Windows NT 6.1) AppleWebKit/537.36 (KHTML, like Gecko) Chrome/101.0.0.0 Safari/537.36","Win32","ru-RU","ru","Asia/Novosibirsk",-420,1920,1080,1920,889,1920,937,1,"production","f5b4a49f956347addd546a832a3327688c2c0fef","exclude",802,0.768079800498753
"c06a2",43530.8429999985,12704.3999999985,12687.919,12704.557,56235.3999999985,56235.5999999996,2022-08-26 15:43:11,56264.652,"female",1967,"college","русский",220760751437955,8501.98,4177.59999999963,4162.703,4196.02,12698,12703.5999999996,2022-08-26 15:42:27,12704.557,"ZPID","20.2.4","https://psa007.psysciacc.org/ru1/?lab=ZPID&?special_code=220760751437955","Mozilla/5.0 (Windows NT 10.0; Win64; x64) AppleWebKit/537.36 (KHTML, like Gecko) Chrome/104.0.0.0 Safari/537.36","Win32","es-419","es-AR","Europe/Samara",-240,1920,1080,1636,817,1636,865,1,"production","f5b4a49f956347addd546a832a3327688c2c0fef","keep",802,0.953865336658354
"c2650",25731.1489999993,8641,8635.692,8649.051,34380.1999999993,34380.5999999978,2022-08-26 15:41:51,34391.95,"male",1993,"college","русский",220760694113433,6910.98899999925,1692.80000000075,1593.326,1726.711,8637.69999999925,8640.59999999776,2022-08-26 15:41:25,8649.051,"ZPID","20.2.4","https://psa007.psysciacc.org/ru11/?lab=ZPID&?special_code=220760694113433","Mozilla/5.0 (Windows NT 10.0; Win64; x64) AppleWebKit/537.36 (KHTML, like Gecko) Chrome/102.0.5005.167 YaBrowser/22.7.3.822 Yowser/2.5 Safari/537.36","Win32","ru","ru","Asia/Almaty",-360,1920,1080,1872,892,1872,940,1,"production","f5b4a49f956347addd546a832a3327688c2c0fef","keep",463,0.950323974082073
"c9316",46589.4060000954,45129,45114.89,45131.494,91720.9000000954,91721,2022-08-26 15:53:03,91732.229,"male",1987,"high school","русский",220761291690051,42679.694,2438.40000009537,2429.429,2446.306,45126,45128.8000000715,2022-08-26 15:52:16,45131.494,"ZPID","20.2.4","https://psa007.psysciacc.org/ru6/?lab=ZPID&?special_code=220761291690051","Mozilla/5.0 (Windows NT 10.0; Win64; x64) AppleWebKit/537.36 (KHTML, like Gecko) Chrome/104.0.0.0 Safari/537.36","Win32","ru-RU","ru","Asia/Yekaterinburg",-300,1920,1080,1920,881,1920,929,1,"production","f5b4a49f956347addd546a832a3327688c2c0fef","keep",400,0.975
"ca19e",33329.1310000119,9513.10000002384,9496.381,9529.669,42858.8000000119,42859.2000000179,2022-08-26 15:46:55,42876.03,"male",1975,"high school","русский",220761001478389,8113.08400002384,1356,1340.077,1390.016,9503.10000002384,9511.60000002384,2022-08-26 15:46:22,9529.669,"ZPID","20.2.4","https://psa007.psysciacc.org/ru9/?lab=ZPID&?special_code=220761001478389","Mozilla/5.0 (Windows NT 6.3; Win64; x64) AppleWebKit/537.36 (KHTML, like Gecko) Chrome/104.0.0.0 Safari/537.36","Win32","ru-RU","ru","Europe/Moscow",-180,1366,768,1366,577,1366,625,1,"production","f5b4a49f956347addd546a832a3327688c2c0fef","keep",802,0.962593516209476
"ceba3",69509.7030000358,28729.8000000119,28717.493,28734.197,98243.9000000358,98244.7000000477,2022-08-26 15:53:16,98255.245,"male",1970,"high school","русский",220761329779793,25320.0260000477,3318.60000002384,3318.303,3401.674,28721.7000000477,28729.1000000238,2022-08-26 15:52:07,28734.197,"ZPID","20.2.4","https://psa007.psysciacc.org/ru8/?lab=ZPID&?special_code=220761329779793","Mozilla/5.0 (Windows NT 6.1; Win64; x64) AppleWebKit/537.36 (KHTML, like Gecko) Chrome/104.0.5112.105 Safari/537.36","Win32","ru-RU","ru","Etc/GMT-3",-180,1366,768,1197,567,1197,567,1.10000002384186,"production","f5b4a49f956347addd546a832a3327688c2c0fef","exclude",100,0.03
"d2554",66635.935,201937,201924.397,201941.065,268577,268577.399999991,2022-08-26 15:46:18,268584.511,"male",1958,"high school","азербайджанский",220760706654368,198857.537999991,2265.89999999106,3059.594,3076.362,201933.899999991,201936.599999994,2022-08-26 15:45:11,201941.065,"ZPID","20.2.4","https://psa007.psysciacc.org/ru6/?lab=ZPID&?special_code=220760706654368","Mozilla/5.0 (Windows NT 10.0; Win64; x64) AppleWebKit/537.36 (KHTML, like Gecko) Chrome/104.0.0.0 Safari/537.36","Win32","ru-RU","ru","Asia/Yekaterinburg",-300,1536,864,1536,683,1536,731,1.25,"production","f5b4a49f956347addd546a832a3327688c2c0fef","keep",802,0.876558603491272
"d3068",7218.85999999999,404191,404190.92,404194.14,411413,411413,2022-01-24 20:07:14,411418.98,"female",1985,"college","english",NA,403299.36,845,853.6,878.64,404178,404189,2022-01-24 20:07:07,404194.14,"9999","20.2.4","https://psa007.psysciacc.org/en-z/?lab=9999","Mozilla/5.0 (Macintosh; Intel Mac OS X 10.15; rv:96.0) Gecko/20100101 Firefox/96.0","MacIntel","en-US","en-US","America/Chicago",360,1260,818,1260,668,1260,716,2.4,"production","f5b4a49f956347addd546a832a3327688c2c0fef","keep",100,0.94
"d941f",29022.866,21357.8000000119,21346.007,21362.634,50385.5,50386,2022-08-26 15:51:40,50397.54,"male",1961,"college","русский",220761222945825,19647.828,1669.69999998808,1684.03,1700.672,21348.5,21356.1999999881,2022-08-26 15:51:11,21362.634,"ZPID","20.2.4","https://psa007.psysciacc.org/ru4/?lab=ZPID&?special_code=220761222945825","Mozilla/5.0 (Windows NT 10.0; Win64; x64) AppleWebKit/537.36 (KHTML, like Gecko) Chrome/103.0.0.0 Safari/537.36","Win32","ru-RU","ru","Europe/Moscow",-180,1536,864,1536,674,1536,722,1.25,"production","f5b4a49f956347addd546a832a3327688c2c0fef","exclude",802,0
"dabdd",49020.415999997,20683.8999999985,20677.75,20694.384,69714.799999997,69715.299999997,2022-08-26 15:47:50,69726.328,"male",1973,"college","русский",220761002035446,18290.733999997,2354.5,2355.25,2388.566,20679.299999997,20682.799999997,2022-08-26 15:47:01,20694.384,"ZPID","20.2.4","https://psa007.psysciacc.org/ru11/?lab=ZPID&?special_code=220761002035446","Mozilla/5.0 (Windows NT 10.0; Win64; x64) AppleWebKit/537.36 (KHTML, like Gecko) Chrome/102.0.5005.167 YaBrowser/22.7.4.957 Yowser/2.5 Safari/537.36","Win32","ru","ru","Asia/Yekaterinburg",-300,1920,1080,1920,892,1920,940,1,"production","f5b4a49f956347addd546a832a3327688c2c0fef","keep",802,0.900249376558603
"dc7b1",50713.516,41454,41438.154,41521.484,92235,92236,2022-08-26 17:53:44,92269.454,"male",1976,"high school","русский",220760983488751,9438.802,9798,31921.868,32005.198,41444,41454,2022-08-26 17:52:54,41521.484,"ZPID","20.2.4","https://psa007.psysciacc.org/ru6/?lab=ZPID&?special_code=220760983488751","Mozilla/5.0 (Windows NT 6.1) AppleWebKit/537.36 (KHTML, like Gecko) Chrome/104.0.0.0 Safari/537.36","Win32","ru-RU","ru","Europe/Kiev",-180,1600,900,1600,747,1600,795,1,"production","f5b4a49f956347addd546a832a3327688c2c0fef","keep",802,0.981296758104738
"dc9d3",46032.364,33525,33506.304,33539.636,79572,79573,2022-08-26 15:53:30,79587.794,"male",1961,"master","russian",220761348588635,12246.54,3331,21240.128,21273.46,33520,33525,2022-08-26 15:52:44,33539.636,"ZPID","20.2.4","https://psa007.psysciacc.org/ru1/?lab=ZPID&?special_code=220761348588635","Mozilla/5.0 (Windows NT 6.1; Win64; x64) AppleWebKit/537.36 (KHTML, like Gecko) Chrome/104.0.5112.102 Safari/537.36","Win32","ru-RU","ru","Etc/GMT-3",-180,1920,1080,1038,831,1038,879,1,"production","f5b4a49f956347addd546a832a3327688c2c0fef","exclude",802,0.00124688279301746
"de280",66729.946999994,44147.099999994,44129.389,44162.653,110892.599999994,110893.099999994,2022-08-26 15:36:48,110891.64,"female",1985,"college","русский",220760306999493,40989.9739999881,3104.5,3108.507,3141.726,44131.6999999881,44144.8999999762,2022-08-26 15:35:41,44162.653,"ZPID","20.2.4","https://psa007.psysciacc.org/ru5/?lab=ZPID&?special_code=220760306999493","Mozilla/5.0 (Windows NT 10.0; Win64; x64) AppleWebKit/537.36 (KHTML, like Gecko) Chrome/104.0.0.0 Safari/537.36","Win32","ru-RU","ru","Asia/Yekaterinburg",-300,1600,900,1600,741,1600,789,1,"production","f5b4a49f956347addd546a832a3327688c2c0fef","exclude",802,0.485037406483791
"de9c0",21974.9779999285,46389.5,46318.633,46468.222,68443.1999999285,68443.6999999285,2022-08-26 15:49:12,68442.462,"male",1977,"college","русский",220761044149268,22263.1449999523,6722.09999990463,24028.539,24045.155,46308.2999999523,46388.7999999523,2022-08-26 15:48:50,46468.222,"ZPID","20.2.4","https://psa007.psysciacc.org/ru/?lab=ZPID&?special_code=220761044149268","Mozilla/5.0 (Windows NT 6.1; Win64; x64) AppleWebKit/537.36 (KHTML, like Gecko) Chrome/104.0.0.0 Safari/537.36","Win32","ru-RU","ru","Europe/Moscow",-180,1366,768,1366,615,1366,663,1,"production","f5b4a49f956347addd546a832a3327688c2c0fef","exclude",550,0.176363636363636
"dfa87",38048.2340000477,5502.70000004768,5475.501,5525.466,43573.7000000477,43574.9000000358,2022-08-26 16:14:53,43594.883,"male",1976,"master","правша",220761284635711,4991.493,429.100000023842,349.251,499.007,5490.5,5501.20000004768,2022-08-26 16:14:15,5525.466,"ZPID","20.2.4","https://psa007.psysciacc.org/ru12/?lab=ZPID&?special_code=220761284635711","Mozilla/5.0 (Windows NT 6.1; Win64; x64) AppleWebKit/537.36 (KHTML, like Gecko) Chrome/104.0.0.0 Safari/537.36","Win32","ru-RU","ru","Europe/Moscow",-180,1600,900,1600,751,1600,799,1,"production","f5b4a49f956347addd546a832a3327688c2c0fef","keep",509,0.948919449901768
"e01a3",33886.7270000002,26267.5999999996,26261.789,26278.473,60165.2000000002,60165.8999999994,2022-08-26 15:50:00,60181.24,"male",1970,"college","русский",220761164828742,24367.6839999998,1856.09999999963,1845.179,1895.116,26262.7999999998,26267.2000000002,2022-08-26 15:49:27,26278.473,"ZPID","20.2.4","https://psa007.psysciacc.org/ru11/?lab=ZPID&?special_code=220761164828742","Mozilla/5.0 (Windows NT 10.0; Win64; x64) AppleWebKit/537.36 (KHTML, like Gecko) Chrome/104.0.5112.102 Safari/537.36 OPR/90.0.4480.54","Win32","ru-RU","ru","Europe/Moscow",-180,1920,1080,1798,849,1798,897,1,"production","f5b4a49f956347addd546a832a3327688c2c0fef","keep",602,0.958471760797342
"e1ed3",28473.76,47664,47664.48,47678.24,76152,76153,2022-08-23 14:53:35,76155.34,"male",1984,"less than high school","первый",220492255388857,46276.38,1360,1357.96,1374.62,47651,47663,2022-08-23 14:53:07,47678.24,"ZPID","20.2.4","https://psa007.psysciacc.org/ru4/?lab=ZPID&?special_code=220492255388857","Mozilla/5.0 (Windows NT 10.0; Win64; x64; rv:103.0) Gecko/20100101 Firefox/103.0","Win32","de","de-DE","Europe/Berlin",-120,1920,1080,1920,879,1920,927,1,"production","f5b4a49f956347addd546a832a3327688c2c0fef","exclude",602,0.450166112956811
"e9665",10272.7,18254,18253.72,18258.3,28531,28532,2022-08-26 15:55:13,28541.4,"male",2000,"master","Русский язык",220761073902623,17750.02,463,458.66,491.98,18242,18253,2022-08-26 15:55:03,18258.3,"ZPID","20.2.4","https://psa007.psysciacc.org/ru/?lab=ZPID&?special_code=220761073902623","Mozilla/5.0 (Windows NT 10.0; Win64; x64; rv:104.0) Gecko/20100101 Firefox/104.0","Win32","ru-RU","ru-RU","Europe/Moscow",-180,1920,1080,1920,879,1920,927,1,"production","f5b4a49f956347addd546a832a3327688c2c0fef","exclude",21,0.523809523809524
"ec604",47109.3680000443,17725.0450000283,17713.258,17746.527,64855.8950000443,64856.455000001,2022-08-26 15:48:35,64874.681,"male",1990,"college","русский",220761062423579,15740.3010000198,1830.87500004331,1814.932,1981.624,17721.9250000198,17724.7600000119,2022-08-26 15:47:48,17746.527,"ZPID","20.2.4","https://psa007.psysciacc.org/ru2/?lab=ZPID&?special_code=220761062423579","Mozilla/5.0 (Windows NT 10.0; Win64; x64) AppleWebKit/537.36 (KHTML, like Gecko) Chrome/80.0.3987.121 Safari/537.36","Win32","ru-RU","ru","Europe/Moscow",-180,1280,720,1280,578,1280,578,1.25,"production","f5b4a49f956347addd546a832a3327688c2c0fef","exclude",41,0.24390243902439
"ee1ec",56019.0269999523,46703.2999999523,46687.637,46704.273,102723.299999952,102723.600000143,2022-08-26 15:50:48,102732.475,"male",1960,"college","русский",220761175337037,45287.724,1330.90000009537,1278.636,1411.776,46699.5,46702.7999999523,2022-08-26 15:49:52,46704.273,"ZPID","20.2.4","https://psa007.psysciacc.org/ru10/?lab=ZPID&?special_code=220761175337037","Mozilla/5.0 (Windows NT 6.3; Win64; x64) AppleWebKit/537.36 (KHTML, like Gecko) Chrome/104.0.0.0 Safari/537.36","Win32","ru-RU","ru","Europe/Samara",-240,1536,864,1536,675,1536,723,1.25,"production","f5b4a49f956347addd546a832a3327688c2c0fef","keep",802,0.896508728179551
"f6613",32079.100000006,47934.900000006,47925.452,47958.8,80037.900000006,80038.5,2022-08-26 15:51:08,80052.69,"female",1951,"college","русский",220761160237122,46763.549000003,1075.80000000447,1112.45,1162.651,47926.200000003,47934.400000006,2022-08-26 15:50:36,47958.8,"ZPID","20.2.4","https://psa007.psysciacc.org/ru5/?lab=ZPID&?special_code=220761160237122","Mozilla/5.0 (Windows NT 10.0) AppleWebKit/537.36 (KHTML, like Gecko) Chrome/104.0.0.0 Safari/537.36","Win32","ru-RU","ru","Europe/Bucharest",-180,1366,768,1366,609,1366,657,1,"production","f5b4a49f956347addd546a832a3327688c2c0fef","keep",802,0.947630922693267
"f79a2",46787.9239999996,13026.7999999998,13019.427,13036.176,59824.0999999996,59824.5,2022-08-26 15:46:36,59834.739,"male",1972,"high school","Русский",220760965308641,10832.3009999998,2142.20000000019,2036.498,2186.499,13018.7999999998,13026.2000000002,2022-08-26 15:45:49,13036.176,"ZPID","20.2.4","https://psa007.psysciacc.org/ru7/?lab=ZPID&?special_code=220760965308641","Mozilla/5.0 (Windows NT 10.0; Win64; x64) AppleWebKit/537.36 (KHTML, like Gecko) Chrome/104.0.5112.102 Safari/537.36 Edg/104.0.1293.63","Win32","ru","ru","Europe/Astrakhan",-240,1600,900,1600,741,1600,789,1,"production","f5b4a49f956347addd546a832a3327688c2c0fef","keep",500,0.956
"f8bbf",36409.478,13196.900000006,13189.69,13223.022,49632.5,49633.8000000119,2022-08-26 15:46:20,49676.647,"male",1984,"college","русский",220760942536914,9387.075,3660,3655.41,3805.425,13192.5,13196.400000006,2022-08-26 15:45:44,13223.022,"ZPID","20.2.4","https://psa007.psysciacc.org/ru4/?lab=ZPID&?special_code=220760942536914","Mozilla/5.0 (Windows NT 10.0; Win64; x64) AppleWebKit/537.36 (KHTML, like Gecko) Chrome/102.0.5005.167 YaBrowser/22.7.3.822 Yowser/2.5 Safari/537.36","Win32","ru","ru","Asia/Novosibirsk",-420,1920,1080,1257,878,1257,926,1,"production","f5b4a49f956347addd546a832a3327688c2c0fef","exclude",802,0.755610972568579
"fd45e",10221.3,3581,3580.86,3582.7,13804,13804,2022-08-26 15:52:11,13815.86,"male",1998,"master","Русский",220761073902623,2360.88,1191,1199.44,1216.12,3577,3580,2022-08-26 15:52:01,3582.7,"ZPID","20.2.4","https://psa007.psysciacc.org/ru/?lab=ZPID&?special_code=220761073902623","Mozilla/5.0 (Windows NT 10.0; Win64; x64; rv:104.0) Gecko/20100101 Firefox/104.0","Win32","ru-RU","ru-RU","Europe/Moscow",-180,1920,1080,1920,879,1920,927,1,"production","f5b4a49f956347addd546a832a3327688c2c0fef","exclude",83,0.819277108433735
"ff193",32923.5169999762,41879.0999999046,41860.757,41877.383,74800.8999999762,74801.1999999285,2022-08-26 15:46:21,74816.004,"female",1991,"master","русский",220760880071864,39130.1989999046,2702.89999997616,2411.805,2744.901,41875.0999999046,41878.5999999046,2022-08-26 15:45:48,41877.383,"ZPID","20.2.4","https://psa007.psysciacc.org/ru10/?lab=ZPID&?special_code=220760880071864","Mozilla/5.0 (Windows NT 10.0; Win64; x64) AppleWebKit/537.36 (KHTML, like Gecko) Chrome/104.0.0.0 Safari/537.36","Win32","ru-RU","ru","Europe/Moscow",-180,1536,864,1536,706,1536,754,1.25,"production","f5b4a49f956347addd546a832a3327688c2c0fef","keep",802,0.973815461346633
