[{"word": "top", "class": "word"}, {"word": "vision", "class": "word"},{"word": "balance", "class": "word"}, {"word": "harmony", "class": "word"},{"word": "skin", "class": "word"}, {"word": "tissue", "class": "word"},{"word": "heritage", "class": "word"}, {"word": "inherit", "class": "word"},{"word": "sweet", "class": "word"}, {"word": "cute", "class": "word"},{"word": "agenc", "class": "nonword"}, {"word": "xappen", "class": "nonword"},{"word": "theft", "class": "word"}, {"word": "rabbis", "class": "nonword"},{"word": "producex", "class": "nonword"}, {"word": "urunk", "class": "nonword"},{"word": "gossip", "class": "word"}, {"word": "scandal", "class": "word"},{"word": "tank", "class": "word"}, {"word": "uniform", "class": "word"},{"word": "stydent", "class": "nonword"}, {"word": "sgop", "class": "nonword"},{"word": "tattoo", "class": "word"}, {"word": "apartment", "class": "word"},{"word": "thin", "class": "word"}, {"word": "thick", "class": "word"},{"word": "strong", "class": "word"}, {"word": "strawberry", "class": "nonword"},{"word": "honey", "class": "word"}, {"word": "message", "class": "word"},{"word": "persob", "class": "nonword"}, {"word": "ohef", "class": "nonword"},{"word": "dollect", "class": "nonword"}, {"word": "previde", "class": "nonword"},{"word": "hold", "class": "word"}, {"word": "keep", "class": "word"},{"word": "gesture", "class": "word"}, {"word": "cruelty", "class": "word"},{"word": "lightning", "class": "word"}, {"word": "xtate", "class": "nonword"},{"word": "trap", "class": "word"}, {"word": "nctivity", "class": "nonword"},{"word": "southesn", "class": "nonword"}, {"word": "radiation", "class": "word"},{"word": "phase", "class": "word"}, {"word": "hug", "class": "word"},{"word": "career", "class": "word"}, {"word": "electric", "class": "word"},{"word": "fair", "class": "word"}, {"word": "reasonable", "class": "word"},{"word": "patience", "class": "word"}, {"word": "compassion", "class": "word"},{"word": "bubget", "class": "nonword"}, {"word": "misfortuie", "class": "nonword"},{"word": "bteal", "class": "nonword"}, {"word": "recentay", "class": "nonword"},{"word": "ignoracce", "class": "nonword"}, {"word": "educotion", "class": "nonword"},{"word": "terminal", "class": "word"}, {"word": "education", "class": "word"},{"word": "capsule", "class": "word"}, {"word": "triangle", "class": "word"},{"word": "respect", "class": "word"}, {"word": "tie", "class": "word"},{"word": "ambassador", "class": "word"}, {"word": "minister", "class": "word"},{"word": "basketbpll", "class": "nonword"}, {"word": "nephew", "class": "word"},{"word": "fresh", "class": "word"}, {"word": "refresh", "class": "word"},{"word": "scare", "class": "word"}, {"word": "syndrome", "class": "word"},{"word": "gps", "class": "nonword"}, {"word": "sell", "class": "word"},{"word": "personal", "class": "word"}, {"word": "intimate", "class": "word"},{"word": "sturce", "class": "nonword"}, {"word": "faith", "class": "word"},{"word": "daddy", "class": "word"}, {"word": "mum", "class": "word"},{"word": "actibe", "class": "nonword"}, {"word": "knife", "class": "word"},{"word": "word", "class": "word"}, {"word": "sentence", "class": "word"},{"word": "witoy", "class": "nonword"}, {"word": "bacon", "class": "word"},{"word": "clewn", "class": "nonword"}, {"word": "dismissfl", "class": "nonword"},{"word": "falc", "class": "nonword"}, {"word": "communist", "class": "word"},{"word": "modern", "class": "word"}, {"word": "french", "class": "word"},{"word": "vein", "class": "word"}, {"word": "study", "class": "word"},{"word": "finger", "class": "word"}, {"word": "officiah", "class": "nonword"},{"word": "paint", "class": "word"}, {"word": "patrol", "class": "word"},{"word": "hire", "class": "word"}, {"word": "rent", "class": "word"}]
