"url_lab","timestamp","uuid","url_special_code","keep","n_trials","correct.y","n_answered","start","end","study_length"
"1970",2022-12-20 17:46:46.839,"688b48e5-8c70-4a30-b67e-51f44f0a828a",NA,"keep",800,0.99125,800,2022-12-20 17:47:51.709,2022-12-20 18:05:19.61,17.4650166630745
"1970",2022-12-26 10:48:59.373,"052f91ec-26c7-4e15-b875-9e0f7c3fa9d1",NA,"keep",800,0.9625,797,2022-12-26 10:50:31.336,2022-12-26 11:09:24.043,18.8784500002861
"1970",2022-12-29 15:00:38.097,"e7805944-78b5-4f5d-8e32-0eb16b125787",NA,"keep",800,0.99125,800,2022-12-29 15:01:37.394,2022-12-29 15:18:48.873,17.1913166642189
"1970",2023-01-11 13:20:48.115,"d8c54976-0b7d-4d1b-9064-24eb48989423",NA,"keep",800,0.92,800,2023-01-11 13:22:15.774,2023-01-11 13:39:26.936,17.1860333363215
"1970",2023-01-11 10:54:26.924,"2335cd5d-8a29-4039-88df-3b151e622b08",NA,"keep",800,0.925,788,2023-01-11 10:58:06.272,2023-01-11 11:25:00.128,26.8975999991099
"1970",2023-01-11 14:44:14.226,"96ce5210-1684-4110-9b38-14920dea6af2",NA,"keep",800,0.9375,793,2023-01-11 14:47:56.501,2023-01-11 15:13:33.576,25.6179166674614
"1970",2023-01-11 13:05:03.94,"af454d17-fa55-4b94-862d-099a990f3d97",NA,"keep",800,0.945,798,2023-01-11 13:06:58.154,2023-01-11 13:26:34.697,19.6090499997139
"1970",2023-01-13 09:33:38.384,"089c1ff1-6059-4db0-996a-8f6a2e7ca01b",NA,"keep",800,0.94375,794,2023-01-13 09:35:42.166,2023-01-13 09:59:09.823,23.4609500010808
"1970",2023-01-11 17:48:55.502,"47800528-b804-4f9f-bb6a-4dea1c00da51",NA,"keep",800,0.93,773,2023-01-11 17:50:14.723,2023-01-11 18:18:05.984,27.8543499986331
"1970",2023-01-11 15:47:07.4,"3ddaba58-c474-4ce0-a3c0-4c68f4f9b906",NA,"keep",800,0.9575,799,2023-01-11 15:50:40.402,2023-01-11 16:10:05.088,19.4114333351453
"1970",2023-01-11 13:56:03.868,"1ab0173a-4dea-4748-9e46-2756f0cf1a63",NA,"keep",800,0.93375,796,2023-01-11 13:57:51.669,2023-01-11 14:22:25.259,24.5598333358765
"1970",2023-01-11 09:01:06.218,"c85ec731-9d31-49a4-96e6-bbde897f1bda",NA,"keep",800,0.96375,797,2023-01-11 09:02:52.574,2023-01-11 09:22:49.763,19.9531500021617
"1970",2023-01-11 12:19:24.183,"d23ceee4-8db9-4e09-9c3b-f194fb92da5e",NA,"keep",800,0.935,778,2023-01-11 12:21:42.271,2023-01-11 12:45:59.183,24.2818666696548
"1970",2023-01-12 09:24:31.732,"bc631bd3-270d-4702-8336-701a0b2c5e2a",NA,"keep",800,0.9075,800,2023-01-12 09:25:33.6,2023-01-12 09:41:26.739,15.8856500029564
"1970",2023-01-11 11:45:39.328,"d1a4170a-6f83-46b7-addd-e864853feff5",NA,"keep",800,0.9625,787,2023-01-11 11:47:01.59,2023-01-11 12:06:51.856,19.8377666672071
"1970",2023-01-12 11:19:10.128,"36eca9d7-c042-42b2-a94e-0f2afd991ed9",NA,"keep",800,0.97625,797,2023-01-12 11:21:30.75,2023-01-12 11:46:33.475,25.0454166650772
"1970",2023-01-12 10:39:40.944,"27352bd7-0b47-4eab-b38a-dd58f1897338",NA,"keep",800,0.87125,758,2023-01-12 10:42:41.279,2023-01-12 11:03:59.753,21.3078999996185
"1970",2023-01-11 12:06:02.333,"f94ce787-050a-42b6-a943-bb0a39b7d293",NA,"keep",800,0.945,792,2023-01-11 12:07:32.935,2023-01-11 12:31:11.139,23.6367333332698
"1970",2023-01-13 13:41:11.742,"8f75bfde-965e-4511-bd0c-6b64e741d2e4",NA,"keep",800,0.88,760,2023-01-13 13:42:45.068,2023-01-13 14:06:55.437,24.1728166659673
"1970",2023-01-11 12:55:36.356,"4ae91212-f5d3-4f11-97e4-1b0f5f0fe725",NA,"keep",800,0.96875,794,2023-01-11 12:56:53.791,2023-01-11 13:18:36.219,21.7071333368619
"1970",2023-01-11 09:04:07.783,"90cac05f-e244-4b20-afa6-91b188604f03",NA,"keep",800,0.89625,800,2023-01-11 09:05:53.113,2023-01-11 09:25:06.865,19.2292000015577
"1970",2023-01-12 13:21:35.543,"90d0e4ce-18d8-4b28-a277-00c319160479",NA,"keep",800,0.9675,797,2023-01-12 13:23:18.996,2023-01-12 13:46:56.959,23.6327166676521
"1970",2023-01-11 10:32:36.035,"bf8a817f-44dd-45f4-a417-bb61a6d33f99",NA,"keep",800,0.945,795,2023-01-11 10:34:51.696,2023-01-11 10:59:03.394,24.1949666659037
"1970",2023-01-11 19:02:20.542,"10dd436c-eb00-45f3-aa66-4c99856c348f",NA,"keep",800,0.95125,798,2023-01-11 19:04:22.078,2023-01-11 19:26:23.847,22.0294833302498
"1970",2023-01-11 17:28:49.249,"ffee14b7-284e-4163-98e1-807b26c29dbc",NA,"keep",800,0.96,799,2023-01-11 17:30:29.884,2023-01-11 17:49:54.464,19.4096666653951
"1970",2023-01-12 22:12:55.165,"81404260-1b38-4554-b9d9-2d3c9e3014e6",NA,"keep",800,0.94875,796,2023-01-12 22:15:49.611,2023-01-12 22:42:57.089,27.1246333320936
"1970",2023-01-11 10:53:09.141,"cf88b725-a097-4ac6-a312-4055e4308865",NA,"exclude",800,0.40125,633,2023-01-11 13:47:07.286,2023-01-11 14:07:29.241,20.3659166653951
"1970",2023-01-14 18:41:32.438,"d097424b-0893-4054-abf6-2355bd6d3a51",NA,"keep",800,0.95375,800,2023-01-14 18:44:39.746,2023-01-14 19:07:53.919,23.2362166643143
"1970",2023-01-14 18:49:46.991,"7f6ae780-a04c-466c-a44c-f13a59293be3",NA,"keep",800,0.90875,800,2023-01-14 18:50:38.286,2023-01-14 19:10:12.565,19.5713166673978
"1970",2023-01-11 10:42:05.785,"b9049e99-d947-417a-ae90-a630f4361c1c",NA,"keep",800,0.90125,790,2023-01-11 10:43:46.65,2023-01-11 11:06:37.893,22.854049996535
"1970",2023-01-14 14:51:22.521,"8b4a3f0a-c2c5-4752-a5a3-4d935124f565",NA,"keep",800,0.955,800,2023-01-14 14:53:16.636,2023-01-14 15:10:30.177,17.2256833354632
"1970",2023-01-11 17:45:06.025,"93e10f21-431c-49e1-a585-47245ef34a0d",NA,"keep",800,0.9375,791,2023-01-11 17:46:31.073,2023-01-11 18:10:23.552,23.8746500015259
"1970",2023-01-11 17:33:19.227,"9d722d3a-9043-456c-8541-7896d572012b",NA,"keep",800,0.94125,798,2023-01-11 17:35:00.708,2023-01-11 17:53:40.219,18.6585166692734
"1970",2023-01-13 18:06:50.03,"c3c64a4e-bfd5-4c3b-a233-e4a7afc5ce7c",NA,"keep",800,0.9375,798,2023-01-13 18:08:43.564,2023-01-13 18:29:08.14,20.4096000035604
"1970",2023-01-12 22:25:19.92,"7d9ee25f-b256-4373-9f46-5d950ec66266",NA,"keep",800,0.9575,799,2023-01-12 22:26:54.184,2023-01-12 22:46:18.79,19.4100999991099
"1970",2023-01-11 23:07:57.916,"2aa225cf-a18b-4c44-8476-aefd2e91e872",NA,"keep",270,0.955555555555556,268,2023-01-11 23:10:19.381,2023-01-11 23:16:57.899,6.64196666479111
"1970",2023-01-14 18:44:03.502,"8eb7b6ab-aebf-4d71-a10c-b6c0b14a7087",NA,"exclude",800,0.7825,765,2023-01-14 18:46:20.858,2023-01-14 19:09:44.274,23.3902666648229
"1970",2023-01-11 12:43:26.459,"ab5ce7c9-2522-48cb-afba-c2606e9604a4",NA,"keep",800,0.91625,798,2023-01-11 12:44:30.07,2023-01-11 13:03:34.819,19.079150001208
"1970",2023-01-11 09:28:33.777,"1562e1e7-23e2-4f9d-82dd-2a580dc9a88e",NA,"keep",800,0.94375,796,2023-01-11 09:40:39.12,2023-01-11 10:04:35.627,23.9417833367983
"1970",2023-01-11 12:10:51.316,"85327728-d43d-46aa-99a6-340cbb62f1b2",NA,"keep",800,0.935,798,2023-01-11 12:12:38.307,2023-01-11 12:35:22.573,22.7377666672071
"1970",2023-01-11 16:16:43.392,"18b706f3-72e8-4482-b4ba-84bbef9aead0",NA,"keep",800,0.91875,799,2023-01-11 16:18:38.913,2023-01-11 16:39:19.097,20.669733329614
"1970",2023-01-11 18:28:04.901,"a5ec5e53-0bfe-47fa-b4e1-86e2126c23a9",NA,"keep",800,0.92125,790,2023-01-11 18:30:03.146,2023-01-11 19:19:27.094,49.399133336544
"1970",2023-01-12 12:32:14.832,"a52bbfce-8e29-4547-8416-34bbf05d1cda",NA,"keep",800,0.965,799,2023-01-12 12:34:16.487,2023-01-12 12:53:58.935,19.7074666659037
"1970",2023-01-14 18:41:29.071,"71a0dbfc-8cf9-4eec-b9c1-81ca03f78555",NA,"keep",800,0.8975,793,2023-01-14 18:44:41.264,2023-01-14 19:10:13.862,25.5433000008265
"1970",2023-01-11 14:40:06.463,"d648fa75-1b57-40f4-8c4e-754a3aee355c",NA,"keep",800,0.955,797,2023-01-11 14:42:45.728,2023-01-11 15:09:25.881,26.6692166686058
"1970",2023-01-17 04:17:53.987,"56d731d8-97ce-4a3c-bacd-169102853457",NA,"keep",503,0.884691848906561,492,2023-01-17 04:19:26.779,2023-01-17 10:35:32.851,376.101200000445
"1970",2023-01-16 14:31:26.775,"34b79417-cbfc-4f3a-bdba-3ef9d6325b00",NA,"keep",800,0.94125,798,2023-01-16 14:32:38.606,2023-01-16 14:50:31.563,17.8826166669528
"1970",2023-01-17 15:33:10.839,"baa5ee85-b3f7-4089-85c8-1f6c4859ede8",NA,"keep",800,0.96125,796,2023-01-17 15:39:44.14,2023-01-17 16:03:41.097,23.9492833296458
"1970",2023-01-16 14:27:43.37,"cc9b0cac-f331-4f94-b05c-f44fa9730c20",NA,"keep",800,0.8925,796,2023-01-16 14:29:04.929,2023-01-16 14:49:40.168,20.5873166680336
"1970",2023-01-20 17:12:40.5,"e7bbe446-da02-4a35-a329-5a59f3f4fab9",NA,"keep",700,0.94,698,2023-01-20 17:14:09.967,2023-01-20 17:28:57.568,14.7933500011762
"1970",2023-01-20 09:14:17.565,"e25a956d-84ed-4f9d-b1b4-c87af38e1bfc",NA,"keep",800,0.9625,796,2023-01-20 09:16:24.987,2023-01-20 09:37:52.242,21.4542500019073
"1970",2023-01-19 12:26:55.421,"f6150098-6849-4338-9ca9-0e6811899306",NA,"keep",800,0.92,773,2023-01-19 12:30:09.151,2023-01-19 12:59:02.71,28.8926500002543
"1970",2023-01-20 20:16:33.133,"b9663142-1db5-4d1f-9f43-affd294a6d88",NA,"keep",800,0.94125,799,2023-01-20 20:18:49.091,2023-01-20 20:42:40.145,23.850899998347
"1970",2023-01-15 19:40:07.201,"d1d20c5c-77a8-454a-a483-19e8f83bc0ab",NA,"keep",800,0.96375,798,2023-01-15 19:41:20.478,2023-01-15 19:59:27.333,18.1142500003179
"1970",2023-01-16 15:51:39.428,"17a26ca1-2c21-4e35-bd2c-6d54d194cbba",NA,"keep",800,0.81625,780,2023-01-16 15:52:50.937,2023-01-16 16:11:58.413,19.1246000011762
"1970",2023-01-19 12:10:52.863,"54319bdf-6914-4591-94e3-c3e006174259",NA,"keep",800,0.93375,799,2023-01-19 12:13:16.208,2023-01-19 12:34:30.255,21.2341166694959
"1970",2023-01-20 21:04:22.844,"6744e7cc-0b31-426d-9eb9-4304b2fee8a7",NA,"keep",800,0.925,788,2023-01-20 21:06:15.381,2023-01-20 21:29:34.683,23.3217000007629
"1970",2023-01-16 16:13:07.87,"3d246ce8-7717-4f26-b728-d98cf08a179f",NA,"exclude",800,0.50125,786,2023-01-16 16:13:44.463,2023-01-16 16:22:27.452,8.71648333072662
"1970",2023-01-16 16:47:18.823,"1ededac0-1266-4519-a6be-96476bce04ab",NA,"keep",800,0.95,800,2023-01-16 17:07:44.391,2023-01-16 17:26:36.514,18.868716665109
"1970",2023-01-18 09:24:02.845,"71823985-a64c-41e1-867e-c7568f202750",NA,"keep",800,0.96375,796,2023-01-18 09:25:48.24,2023-01-18 09:49:16.149,23.4651499986649
"1970",2023-01-18 16:46:47.617,"e487103a-a65c-4653-9334-c5fc6157d985",NA,"keep",800,0.93625,800,2023-01-18 16:48:13.937,2023-01-18 17:05:08.571,16.9105666677157
"1970",2023-01-19 16:21:10.162,"f17eff6f-cca3-4a93-8155-7803d3298365",NA,"keep",800,0.96125,798,2023-01-19 16:24:40.283,2023-01-19 16:46:07.267,21.4497333327929
"1970",2023-01-17 20:55:20.381,"a91350ea-41ad-4197-80a7-2e34acec2145",NA,"keep",800,0.9475,799,2023-01-17 20:57:19.278,2023-01-17 21:18:26.948,21.1278333306313
"1970",2023-01-19 16:24:27.951,"d1993365-c472-48dc-a2a5-265d8b6982af",NA,"keep",800,0.9175,797,2023-01-19 16:26:27.538,2023-01-19 16:44:48.313,18.3462499976158
"1970",2023-01-16 16:24:14.511,"84209389-128c-487d-887b-bec1f9893a4c",NA,"keep",800,0.9575,783,2023-01-16 16:27:49.544,2023-01-16 16:50:05.673,22.268816669782
"1970",2023-01-18 07:40:56.398,"efa3f858-ae07-4a6d-b5d1-f67697b62c66",NA,"keep",800,0.875,800,2023-01-18 07:43:10.239,2023-01-18 08:01:26.03,18.2631833314896
"1970",2023-01-24 18:36:32.768,"a0f87825-d91e-4424-956f-45704cd6a54d",NA,"keep",800,0.825,771,2023-01-24 18:39:24.529,2023-01-24 19:11:39.363,32.2472333312035
"1970",2023-01-22 15:21:59.428,"59a66e3f-e27f-4b37-ac81-73a3f6ee3f49",NA,"exclude",800,0.08125,111,2023-01-22 15:22:39.656,2023-01-22 16:41:22.534,78.714633333683
"1970",2023-01-22 15:06:40.712,"24453a02-64d2-4edf-8286-1faf5a8165a1",NA,"keep",426,0.87793427230047,401,2023-01-22 15:07:40.599,2023-01-22 15:19:49.906,12.1551166653633
"1970",2023-01-25 11:30:02.29,"9ddf9a8e-0e48-4ede-8d36-77d89a535815",NA,"keep",800,0.98125,793,2023-01-25 11:31:47.221,2023-01-25 11:51:04.822,19.2933500011762
"1970",2023-01-28 15:59:34.95,"0877d1c2-7ed0-45d0-9c24-c86f0e566063",NA,"keep",800,0.975,798,2023-01-28 16:01:13.132,2023-01-28 16:22:05.35,20.8702999989192
"1970",2023-01-26 19:58:36.028,"20d5c8d5-baee-4ab6-ba8d-22ffe15c905e",NA,"keep",800,0.96,789,2023-01-26 20:00:42.567,2023-01-26 20:28:18.648,27.6013500014941
"1970",2023-01-23 16:54:05.388,"00648f03-72c8-4363-ac4d-1a0bd430c47c",NA,"keep",800,0.85375,782,2023-01-23 16:55:25.62,2023-01-23 17:24:48.742,29.3853666702906
"1970",2023-01-23 20:02:04.732,"0f4756b0-4c21-440b-a733-4196e1933956",NA,"exclude",500,0.576,498,2023-01-23 20:03:25.022,2023-01-23 20:09:46.371,6.3558166662852
"1970",2023-01-26 21:00:22.521,"38374a2e-0b94-4841-b2a8-fe6ad03b30a0",NA,"keep",800,0.88375,800,2023-01-26 21:01:36.627,2023-01-26 21:22:00.955,20.4054666638374
"1970",2023-01-22 20:50:45.247,"e7299e84-715a-45be-8eaa-6686b2630b93",NA,"keep",800,0.9475,797,2023-01-22 20:52:25.605,2023-01-22 21:11:53.439,19.4638999978701
"1970",2023-01-22 17:45:29.555,"c1bab6cc-c98a-412f-8226-974048d22b32",NA,"keep",800,0.94625,793,2023-01-22 17:47:46.898,2023-01-22 18:07:52.548,20.0941666682561
"1970",2023-01-28 21:25:18.93,"29abe7d5-3847-4850-b5c6-92d8a1f81e5b",NA,"keep",800,0.93875,800,2023-01-28 21:27:55.226,2023-01-28 21:46:32.651,18.6237499992053
"1970",2023-01-26 20:17:25.923,"0bd7320d-8784-42e9-a138-7e8f93889ee4",NA,"keep",800,0.9675,795,2023-01-26 20:19:38.005,2023-01-26 20:42:55.364,23.2893166661263
"1970",2023-02-01 20:29:30.083,"23db6f29-97fa-4144-a8c7-e30bf3897151",NA,"keep",100,0.97,100,2023-02-01 20:31:56.7,2023-02-01 20:34:33.332,2.61053333282471
"1970",2023-02-03 16:29:24.957,"35ac55e3-9798-4718-94ae-a55dc2f0b6d6",NA,"keep",800,0.9575,798,2023-02-03 16:30:41.642,2023-02-03 16:48:41.644,18.000033334891
"1970",2023-01-29 16:03:52.782,"817907ad-5b39-49cb-a466-57261b39cdd8",NA,"keep",800,0.9525,792,2023-01-29 16:06:03.829,2023-01-29 16:27:58.023,21.9032333334287
"1970",2023-02-03 16:33:45.415,"c5861cba-e056-44ab-84e9-906db2441b6b",NA,"keep",800,0.92625,794,2023-02-03 16:52:35.554,2023-02-03 17:14:53.94,22.30643333594
"1970",2023-01-30 18:41:35.504,"58a90360-8cb7-4742-a43e-beec7cf9c9ec",NA,"keep",800,0.945,797,2023-01-30 18:43:21.321,2023-01-30 19:03:24.983,20.0610333323479
"1970",2023-02-01 12:50:09.589,"11444203-1a20-4fd3-ac1d-a974098b8f12",NA,"keep",800,0.84625,771,2023-02-01 12:51:49.179,2023-02-01 13:14:17.176,22.4666166702906
"1970",2023-02-02 19:28:39.265,"8a14de1c-903f-4a5c-b1a1-a77428bf1472",NA,"keep",800,0.92375,796,2023-02-02 19:30:56.841,2023-02-02 19:52:11.504,21.2443833311399
"1970",2023-02-01 19:24:32.199,"ff887306-6bac-477f-ac96-beaa5dbbba7d",NA,"keep",800,0.9725,799,2023-02-01 19:26:15.616,2023-02-01 19:46:37.378,20.3627000013987
"1970",2023-02-01 16:24:56.048,"d4d88739-3652-4fb7-bf82-208a5b47c69e",NA,"keep",800,0.9225,800,2023-02-01 16:26:34.519,2023-02-01 16:47:19.445,20.748766664664
"1970",2023-02-03 14:34:28.325,"abe0f172-bffc-40f0-a68f-8c974667b5ac",NA,"keep",800,0.97,799,2023-02-03 14:36:14.531,2023-02-03 14:58:15.192,22.0110166668892
"1970",2023-01-30 13:34:57.164,"5dfbdbec-9f83-4135-8a00-d5eda329f826",NA,"keep",800,0.955,800,2023-01-30 13:36:00.469,2023-01-30 13:54:45.085,18.743599998951
"1970",2023-02-03 23:53:51.147,"07a2cc76-31da-441f-b8e2-47b434803730",NA,"keep",800,0.95375,799,2023-02-03 23:55:40.019,2023-02-04 00:15:07.711,19.461533331871
"1970",2023-01-31 17:12:02.082,"044c72ef-2f70-4c81-af16-b81859f44cd3",NA,"keep",800,0.8875,767,2023-01-31 17:13:36.122,2023-01-31 17:38:42.438,25.1052666664124
"1970",2023-01-29 17:16:54.827,"d0ae6aae-cec8-473f-bc70-0bda40ebb84e",NA,"keep",800,0.95625,799,2023-01-29 17:18:53.243,2023-01-29 17:40:33.112,21.664483332634
"1970",2023-02-03 16:20:29.353,"24ff1ea2-ad7f-436d-96e0-26575412d9d6",NA,"keep",800,0.98,800,2023-02-03 16:26:15.721,2023-02-03 16:45:27.139,19.1902999997139
"1970",2023-02-01 11:06:58.029,"a98f152f-fca9-4425-9f98-82517f899285",NA,"keep",800,0.87,799,2023-02-01 11:08:37.511,2023-02-01 11:26:23.869,17.7726333340009
"1970",2023-02-04 11:54:37.868,"455a7bc2-66e5-4554-9cd8-48aa749e5836",NA,"keep",800,0.96375,799,2023-02-04 11:57:07.248,2023-02-04 12:20:08.163,23.0152500033379
"1970",2023-02-01 21:20:05.609,"dc23b55b-533d-4333-bacf-fd5b9f0c1bf5",NA,"keep",800,0.92125,789,2023-02-01 21:22:39.528,2023-02-01 21:46:56.137,24.2768166661263
"1970",2023-02-01 20:37:13.896,"a1f1b531-6397-422c-b232-5f1c8f8fdb4d",NA,"keep",800,0.9775,799,2023-02-01 20:38:00.979,2023-02-01 20:59:42.061,21.6847000002861
"1970",2023-02-11 14:56:31.12,"5bc8fc16-b0eb-4f3e-85c6-bfa20ffc33e6",NA,"keep",800,0.925,794,2023-02-11 14:58:53.707,2023-02-11 15:23:25.205,24.524966665109
"1970",2023-02-09 22:56:02.656,"9c2670f1-e06b-4d06-8cb4-4317923fc740",NA,"keep",800,0.85875,796,2023-02-09 22:57:44.253,2023-02-09 23:17:18.256,19.5667166670163
"1970",2023-02-07 09:23:28.643,"bfbf268f-3722-4d00-a664-40fc54078e64",NA,"keep",800,0.92,766,2023-02-07 09:25:54.309,2023-02-07 09:52:29.334,26.5837500015895
"1970",2023-02-09 22:55:42.059,"ba71b562-3350-4ce4-a644-c279ba47f2b4",NA,"keep",800,0.94125,799,2023-02-09 22:57:02.291,2023-02-09 23:15:04.812,18.0420166691144
"1970",2023-02-10 18:03:26.862,"7dc9e469-75fd-4d3e-95c9-e2a26eefc927",NA,"keep",800,0.9275,798,2023-02-10 18:05:09.001,2023-02-10 18:24:34.354,19.4225500027339
"1970",2023-02-06 13:07:45.284,"ef1c0b49-252b-4e8a-b2bb-c8aa01bc72ec",NA,"keep",800,0.9475,799,2023-02-06 13:10:00.483,2023-02-06 13:28:19.693,18.3201666673024
"1970",2023-02-08 14:02:24.151,"5ff149fc-d6fa-4085-bdef-2beddbad7a8c",NA,"keep",800,0.94375,800,2023-02-08 14:04:47.501,2023-02-08 14:21:45.092,16.9598500013351
"1970",2023-02-10 18:30:26.468,"d31beed0-e5c0-4c5d-8284-7eca1ae51fda",NA,"keep",800,0.89375,793,2023-02-10 18:33:48.582,2023-02-10 19:02:06.985,28.3067166646322
"1970",2023-02-05 22:34:19.049,"3fe2bfd4-1171-48e1-bfb0-06e4f240c3df",NA,"keep",800,0.955,800,2023-02-05 22:36:16.729,2023-02-05 22:59:49.576,23.5474499980609
"1970",2023-02-10 19:16:40.007,"e604acfa-e889-4f97-a360-a7ec0203be57",NA,"keep",800,0.91,783,2023-02-10 19:19:52.343,2023-02-10 19:43:46.122,23.8963166673978
"1970",2023-02-11 15:59:54.65,"0e182c45-8969-44a8-9c54-a97638a9733a",NA,"keep",800,0.92875,800,2023-02-11 16:01:58.69,2023-02-11 16:21:04.156,19.0910999973615
"1970",2023-02-09 18:42:13.135,"63dab2b2-63d2-4a64-ac16-a5b9d8f589be",NA,"keep",800,0.925,797,2023-02-09 18:43:49.687,2023-02-09 19:06:14.671,22.4163999994596
"1970",2023-02-08 17:32:55.888,"0810cdf9-6636-4cee-a402-c69151fd06da",NA,"keep",800,0.98,800,2023-02-08 17:34:40.561,2023-02-08 17:52:32.716,17.8692499995232
"1970",2023-02-13 16:36:26.851,"2c28fb09-4a29-4b88-83ea-426006777944",NA,"keep",800,0.89375,800,2023-02-13 16:39:30.12,2023-02-13 17:02:35.312,23.0865333358447
"1970",2023-02-18 18:03:13.336,"bbbfd503-9912-45a8-828e-52ca9f34aef2",NA,"keep",800,0.91,774,2023-02-18 18:05:21.301,2023-02-18 18:33:15.481,27.902999997139
"1970",2023-02-13 19:54:38.104,"a58f8c97-8509-420c-8a8e-15837610aeb6",NA,"keep",800,0.9225,800,2023-02-13 19:56:00.993,2023-02-13 20:16:17.851,20.2809666673342
"1970",2023-02-13 12:48:53.518,"3038ce01-09d1-4159-a81e-c273a242fe23",NA,"keep",800,0.96875,800,2023-02-13 12:50:37.478,2023-02-13 13:09:01.02,18.3923666675886
"1970",2023-02-13 20:32:05.412,"6c26a199-8383-4583-b6c7-cfdd2250866e",NA,"keep",800,0.89,797,2023-02-13 20:35:17.275,2023-02-13 21:01:01.817,25.7423666636149
"1970",2023-02-13 23:30:47.192,"07d12eba-3542-4e6f-8fc9-ea6dd589d16e",NA,"keep",800,0.88125,793,2023-02-13 23:32:12.778,2023-02-13 23:50:18.258,18.0913333296776
"1970",2023-02-17 10:17:47.417,"1cc90afb-11a3-47ed-bd40-9f5afda78e73",NA,"keep",800,0.915,768,2023-02-17 10:20:07.742,2023-02-17 10:45:40.304,25.5426999966304
"1970",2023-02-18 22:07:37.764,"35896a71-7a8f-4cbd-9239-8ec44b922cfb",NA,"keep",800,0.975,797,2023-02-18 22:09:40.681,2023-02-18 22:32:27.688,22.7834499994914
"1970",2023-02-15 15:57:29.809,"80330333-bd5e-4a36-ae1b-de2610efc9a2",NA,"keep",800,0.9525,797,2023-02-15 15:58:33.804,2023-02-15 16:25:25.366,26.8593666672707
"1970",2023-02-15 15:26:43.905,"3303973f-b311-4442-835e-2c67d6427792",NA,"keep",600,0.94,596,2023-02-15 15:31:16.795,2023-02-15 15:52:19.543,21.0457999984423
"1970",2023-02-14 20:17:17.417,"7af4147f-4bd0-4e1a-a5ec-a7e8baa08f63",NA,"keep",800,0.975,797,2023-02-14 20:19:36.8,2023-02-14 20:42:28.636,22.8639333327611
"1970",2023-02-17 13:38:08.727,"f29a620c-698f-486e-85a4-4aa55b2708f1",NA,"keep",800,0.8875,770,2023-02-17 13:40:01.895,2023-02-17 14:05:25.773,25.3979666670163
"1970",2023-02-13 15:00:53.395,"e15ac17f-a621-4400-a2c1-1fa40ed1de1c",NA,"keep",800,0.94625,799,2023-02-13 15:03:06.377,2023-02-13 15:20:41.888,17.5918499986331
"1970",2023-02-16 16:43:45.69,"a134c59e-2ec6-4c4d-ad18-4229fd17aafe",NA,"keep",800,0.96875,796,2023-02-16 16:46:25.407,2023-02-16 17:10:31.512,24.1017500003179
"1970",2023-02-13 14:10:29.642,"2002fae5-8316-4161-8532-84123cf9a371",NA,"keep",800,0.93,799,2023-02-13 14:13:33.581,2023-02-13 14:34:43.087,21.158433330059
"1970",2023-02-16 10:05:48.299,"c4f18ad7-e3c1-4cd0-ae44-845068e7ce29",NA,"keep",800,0.88375,799,2023-02-16 10:08:27.42,2023-02-16 10:27:40.432,19.2168666640917
"1970",2023-02-19 22:34:02.248,"9637d99c-be4b-421d-afeb-77494471fbc5",NA,"keep",800,0.985,800,2023-02-19 22:36:13.166,2023-02-19 22:55:10.661,18.9582500020663
"1970",2023-02-21 19:15:23.424,"6a223187-3465-4e43-b373-6ec54ee0e438",NA,"keep",700,0.94,700,2023-02-21 19:16:31.284,2023-02-21 19:29:47.045,13.26268333594
"1970",2023-02-19 16:45:45.993,"3127ee68-7f95-45f0-9528-52627d5f2e4b",NA,"exclude",537,0.793296089385475,489,2023-02-19 16:48:14.984,2023-02-19 17:02:37.628,14.3774000008901
"1970",2023-02-19 00:09:32.938,"790a2b46-4e9d-4f33-b955-9de1f1fcf096",NA,"keep",800,0.9275,799,2023-02-19 00:11:45.01,2023-02-19 00:32:36.725,20.8619166652362
"1970",2023-02-20 18:43:24.706,"33e6c06b-bf20-49ba-8a71-275a7fe2abc7",NA,"keep",800,0.82,711,2023-02-20 18:45:41.502,2023-02-20 19:14:57.379,29.2646166642507
"1970",2023-02-19 22:38:29.162,"10d342c8-196d-497f-b5e8-a31772c83a3a",NA,"keep",800,0.855,788,2023-02-19 22:40:46.853,2023-02-19 23:01:15.015,20.4693666696548
"1970",2023-02-19 16:39:29.499,"33c700c0-a0a5-4bc8-9557-d1267f9ea134",NA,"keep",800,0.90625,776,2023-02-19 16:41:46.877,2023-02-19 17:10:57.365,29.1747999986013
"1970",2023-02-22 10:08:13.381,"e020fe6f-0b15-4935-8fbc-164b3e03b4ac",NA,"keep",800,0.965,793,2023-02-22 10:09:59.777,2023-02-22 10:31:27.291,21.4585666656494
"1970",2023-02-23 14:12:37.108,"cdf6ff0d-d8f0-4675-bbc3-7575b0c8cf9a",NA,"exclude",800,0.685,770,2023-02-23 14:14:50.492,2023-02-23 14:31:40.916,16.8403999964396
"1970",2023-02-20 13:04:56.335,"9564184f-49db-40ed-b665-55ae654d27bb",NA,"keep",800,0.84875,798,2023-02-20 13:05:57.606,2023-02-20 13:24:03.312,18.0951000014941
"1970",2023-02-19 08:04:55.237,"160d2e2a-a69e-426f-a194-d8b26bc059ee",NA,"keep",800,0.965,799,2023-02-19 08:06:09.897,2023-02-19 08:26:55.2,20.755049999555
"1970",2023-02-22 18:04:09.695,"2006186b-756b-4ddd-aaf8-c25ca954a63b",NA,"keep",800,0.96625,798,2023-02-22 18:05:34.272,2023-02-22 18:24:23.929,18.8276166637739
"1970",2023-02-21 13:10:43.863,"061e191b-fce3-447a-89c4-e9786c588904",NA,"exclude",800,0,0,2023-02-21 13:12:49.982,2023-02-21 14:01:08.997,48.3169166644414
"1970",2023-02-19 18:09:53.252,"29a29a31-7175-4e20-90c0-f4a4e56f24ea",NA,"exclude",800,0.62375,700,2023-02-19 18:12:14.373,2023-02-19 18:46:11.738,33.9560833334923
"1970",2023-02-20 14:01:16.292,"795fe2ae-d612-404a-bcbd-45ff128b11fa",NA,"keep",800,0.94125,784,2023-02-20 14:02:58.262,2023-02-20 14:27:18.046,24.3297333319982
"1970",2023-02-19 19:07:10.802,"efda1245-9f85-4ac0-b98f-0049b60ff180",NA,"keep",800,0.83375,784,2023-02-19 19:09:01.725,2023-02-19 19:28:45.806,19.7346833348274
"1970",2023-02-19 21:02:27.2,"8cc1854f-01cb-4ed2-9c90-92c01272ecba",NA,"keep",800,0.98,799,2023-02-19 21:05:58.578,2023-02-19 21:31:33.857,25.5879833340645
"1970",2023-02-19 19:27:02.836,"74e9db2d-f09a-42e0-b361-847d8e166551",NA,"keep",700,0.818571428571429,682,2023-02-19 19:28:36.928,2023-02-19 19:46:02.54,17.4268666664759
"1970",2023-02-19 20:14:42.373,"984e3882-269c-4ba7-8e97-a9f401548931",NA,"exclude",800,0.78625,800,2023-02-19 20:19:15.531,2023-02-19 20:38:53.334,19.6300500035286
"1970",2023-02-19 18:09:52.772,"5309c965-f4f8-4df8-b894-fdce85c84b78",NA,"keep",800,0.95875,792,2023-02-19 18:11:48.177,2023-02-19 18:35:27.155,23.6496333320936
"1970",2023-02-19 18:25:59.633,"50686376-46a3-4f34-8861-96de379eaee1",NA,"exclude",800,0.58,799,2023-02-19 18:28:24.183,2023-02-19 18:39:33.617,11.1572333335876
"1970",2023-02-20 16:17:43.72,"e66cc116-c562-4d0c-8f5a-761386691c28",NA,"keep",800,0.95,799,2023-02-20 16:18:58.857,2023-02-20 16:37:12.751,18.2315666635831
"1970",2023-02-21 16:22:57.665,"e09ee8e4-5b9e-429a-b452-1c57b655a5af",NA,"keep",800,0.98,797,2023-02-21 16:24:30.053,2023-02-21 16:46:05.829,21.5962666670481
"1970",2023-02-19 19:12:01.437,"630e97e9-c850-4c64-a58d-9c4f866da009",NA,"exclude",800,0,0,2023-02-19 19:14:15.846,2023-02-19 20:06:52.569,52.6120500008265
"1970",2023-02-19 17:12:39.615,"ec381ba2-60f6-430f-ba5d-3ec5bd181929",NA,"keep",800,0.94375,792,2023-02-19 17:14:28.527,2023-02-19 17:39:21.488,24.8826833327611
"1970",2023-02-24 21:49:09.863,"72c74d31-a98f-433d-b78c-7aed4c233098",NA,"keep",800,0.95125,788,2023-02-24 21:51:06.568,2023-02-24 22:15:36.223,24.4942499995232
"1970",2023-02-23 13:29:32.971,"ab1691eb-871c-4eae-8cb7-1af41d03e417",NA,"keep",800,0.955,798,2023-02-23 13:31:51.786,2023-02-23 13:53:43.09,21.8550666650136
"1970",2023-02-22 14:34:18.448,"2dabc474-249c-43da-811c-e2c72f5e1119",NA,"keep",800,0.955,792,2023-02-22 14:36:40.054,2023-02-22 15:03:18.86,26.6467666665713
"1970",2023-02-19 15:34:23.693,"a9a1ed9d-0dfa-4de1-b3ef-2afe763dab11",NA,"keep",800,0.9575,800,2023-02-19 15:36:46.62,2023-02-19 15:56:31.091,19.7411833365758
"1970",2023-02-19 11:07:19.111,"df597f7a-f0e9-4731-bb17-c545828c034b",NA,"keep",800,0.9075,793,2023-02-19 11:10:29.77,2023-02-19 11:34:27.418,23.9608000000318
"1970",2023-02-23 21:51:21.43,"03b37246-d10f-4c99-a583-a6718650770f",NA,"keep",800,0.9525,800,2023-02-23 21:52:39.38,2023-02-23 22:08:45.954,16.1095666646957
"1970",2023-02-23 15:01:13.059,"60d57588-87a4-4968-9baa-d4a12f1a096b",NA,"keep",800,0.93,796,2023-02-23 15:03:15.997,2023-02-23 15:19:57.71,16.6952166676521
"1970",2023-02-19 13:13:05.316,"97969ba3-8014-494f-9b61-8dba0bddd638",NA,"keep",800,0.93875,799,2023-02-19 13:14:52.226,2023-02-19 13:33:49.161,18.948916665713
"1970",2023-02-23 16:49:33.26,"04eb703f-7140-470a-ae79-bc60b4a4ec93",NA,"keep",800,0.93375,799,2023-02-23 16:51:24.583,2023-02-23 17:13:38.774,22.2365166664124
"1970",2023-02-20 14:44:21.456,"99ef35fa-8ef7-4cbb-b6ba-eeb3b143deeb",NA,"keep",800,0.9425,795,2023-02-20 14:46:03.789,2023-02-20 15:10:24.876,24.3514499982198
"1970",2023-02-19 18:53:43.951,"9111b3af-525e-484d-9d8b-72ea46d6e971",NA,"keep",800,0.9125,798,2023-02-19 18:56:02.646,2023-02-19 19:13:52.303,17.8276166677475
"1970",2023-02-20 19:15:06.937,"81d75a01-9f98-496e-804d-75ecfe953fa3",NA,"keep",800,0.9675,799,2023-02-20 19:17:00.997,2023-02-20 19:36:31.253,19.504266667366
"1970",2023-02-19 20:48:51.113,"1a15a7a5-da9f-4960-af79-eb0f9e435589",NA,"keep",800,0.94,797,2023-02-19 20:50:49.944,2023-02-19 21:13:07.542,22.2933000008265
"1970",2023-02-19 12:53:13.445,"fbc65036-6f78-479a-b2ab-45a58b4eea8f",NA,"keep",800,0.89125,798,2023-02-19 12:57:35.805,2023-02-19 13:23:36.23,26.0070833325386
"1970",2023-02-20 10:56:46.242,"1973ac6d-28d1-4a67-847f-ebaef46e8cdd",NA,"keep",800,0.8925,800,2023-02-20 10:57:25.465,2023-02-20 11:14:04.904,16.6573166688283
"1970",2023-02-19 21:05:19.404,"e466a176-1903-4af2-be02-976826af3c66",NA,"keep",800,0.95125,799,2023-02-19 21:07:03.671,2023-02-19 21:25:06.451,18.0463333328565
"1970",2023-02-19 21:32:13.042,"3f92c1cf-e713-4afc-ba9d-79348984b9bf",NA,"keep",800,0.96625,800,2023-02-19 21:34:00.15,2023-02-19 21:52:49.931,18.8296833316485
"1970",2023-02-19 19:43:03.562,"740f26b7-6ac0-4469-9ca0-f3357da5eebc",NA,"keep",800,0.955,798,2023-02-19 19:47:13.698,2023-02-19 20:11:59.01,24.755200000604
"1970",2023-02-19 18:44:27.368,"0f32f00e-dd37-4a7f-bc91-1c1d0c4a4573",NA,"keep",800,0.925,796,2023-02-19 18:46:15.859,2023-02-19 19:09:48.312,23.5408833344777
"1970",2023-02-20 16:35:40.603,"52f7d236-df0e-429f-a984-84a4424816b3",NA,"exclude",800,0.785,774,2023-02-20 16:38:06.189,2023-02-20 17:03:25.944,25.3292500019073
"1970",2023-02-22 14:31:25.888,"a54ac4f8-1853-4a41-803e-0ad205cdaace",NA,"keep",800,0.85125,781,2023-02-22 14:33:38.764,2023-02-22 15:00:30.898,26.868900001049
"1970",2023-02-19 13:17:40.005,"c0c89b9d-bf2a-41db-a23f-9342ebe4c6d7",NA,"keep",800,0.9475,794,2023-02-19 13:18:59.931,2023-02-19 13:37:16.61,18.2779833316803
"1970",2023-02-19 17:04:55.618,"6029cf68-6e7e-44f1-945e-70d8cbe9a74f",NA,"exclude",800,0.78625,799,2023-02-19 17:08:34.409,2023-02-19 17:26:18.858,17.7408166686694
"1970",2023-02-22 21:43:02.491,"43180bce-8365-40a5-a5c1-b8aa17137587",NA,"keep",800,0.85,756,2023-02-22 21:44:43.047,2023-02-22 22:10:49.919,26.1145333329837
"1970",2023-02-20 16:39:27.174,"88746b6a-2516-4135-b097-0d288a3bb2dd",NA,"keep",800,0.9575,794,2023-02-20 16:40:39.124,2023-02-20 17:02:00.069,21.3490833322207
"1970",2023-02-19 21:09:16.411,"28bbd6dd-d0ba-4cf2-a564-0de3b9ef4638",NA,"exclude",420,0.611904761904762,351,2023-02-19 21:10:48.769,2023-02-19 21:28:13.471,17.4116999983788
"1970",2023-02-19 22:49:32.83,"8a00d9ae-ed37-44bd-a354-29362d00be4f",NA,"keep",800,0.9175,798,2023-02-19 22:50:42.359,2023-02-19 23:08:21.079,17.6453333338102
"1970",2023-02-19 20:47:50.395,"e0009a65-3da1-4b3c-8b18-387ee2d3f656",NA,"keep",800,0.93625,800,2023-02-19 20:49:19.44,2023-02-19 21:08:27.042,19.1266999999682
"1970",2023-02-19 16:05:46.582,"d6e087ba-2f14-46f8-b050-6ea815a3efd2",NA,"keep",800,0.85625,800,2023-02-19 16:08:03.267,2023-02-19 16:24:32.943,16.4946000019709
"1970",2023-02-19 18:54:34.049,"54d3ce5e-a58a-4cf7-a2b3-b675ae5c4043",NA,"keep",800,0.8425,760,2023-02-19 18:57:08.959,2023-02-19 19:17:19.824,20.1810833295186
"1970",2023-02-20 18:34:12.494,"1fe63fbe-cd3e-4726-b6a2-9ec82ce9b068",NA,"keep",800,0.93625,791,2023-02-20 18:36:38.421,2023-02-20 18:59:21.098,22.7112833340963
"1970",2023-02-20 17:33:28.864,"e2184d82-d4f6-4b3a-9029-a4b02f9110af",NA,"keep",800,0.93375,800,2023-02-20 17:35:34.107,2023-02-20 17:56:55.661,21.3592333316803
"1970",2023-02-20 08:15:36.276,"d3c4044f-2ba5-4f50-a2f0-54cc471a46b9",NA,"keep",800,0.8275,796,2023-02-20 08:17:25.038,2023-02-20 08:40:15.609,22.8428499976794
"1970",2023-02-19 20:31:58.056,"d39613cc-3609-4da6-a3f2-3e4d91c7a4e2",NA,"keep",800,0.90625,796,2023-02-19 20:34:24.4,2023-02-19 20:56:18.471,21.9011833310127
"1970",2023-02-20 23:44:46.396,"728ebdaa-b082-4dee-bb17-1eb780febef2",NA,"keep",800,0.9825,800,2023-02-20 23:46:24.83,2023-02-21 00:07:39.852,21.2503666679064
"1970",2023-02-19 20:35:34.052,"9471a0fd-0f3d-4134-9109-ff8b7c29faf9",NA,"exclude",800,0.5825,800,2023-02-19 20:37:29.738,2023-02-19 20:47:11.127,9.68981666962306
"1970",2023-02-22 15:40:07.272,"03ce24e7-bea0-4adb-bf4f-5b5b3c2a7cfa",NA,"keep",800,0.9025,787,2023-02-22 15:41:57.56,2023-02-22 16:10:02.698,28.0856333335241
"1970",2023-02-19 18:28:35.436,"a8f2845d-4c61-4cfd-a5a4-52128b06a365",NA,"keep",800,0.96625,794,2023-02-19 18:30:16.144,2023-02-19 18:52:25.458,22.1552333315214
"1970",2023-02-19 19:34:11.389,"4ce35e06-f0bc-4076-aa29-42798c825bd3",NA,"exclude",800,0.785,766,2023-02-19 19:36:18.122,2023-02-19 20:01:28.315,25.1698833346367
"1970",2023-02-19 18:39:20.104,"5db67dde-42b2-4783-889e-bd0585e3ecf4",NA,"keep",800,0.9325,797,2023-02-19 18:42:30.234,2023-02-19 19:10:53.049,28.3802500009537
"1970",2023-02-24 12:58:58.226,"4d24d25d-594e-4f7c-a621-60f4427882d1",NA,"keep",800,0.89,797,2023-02-24 13:00:58.441,2023-02-24 13:21:49.872,20.857183333238
"1970",2023-02-23 10:43:28.24,"dc504170-6081-4d2a-af07-e93d3303f5fb",NA,"keep",800,0.975,799,2023-02-23 10:44:47.224,2023-02-23 11:04:23.083,19.5976499994596
"1970",2023-02-19 20:33:37.96,"d3b111b8-3e16-4d46-b929-7ed559a22594",NA,"keep",800,0.88,799,2023-02-19 20:35:03.766,2023-02-19 20:51:16.939,16.2195499976476
"1970",2023-02-19 20:56:57.838,"8ebba455-bcdb-4c61-a6bf-0089fbbc552c",NA,"keep",800,0.9325,799,2023-02-19 20:58:26.915,2023-02-19 21:17:39.663,19.2124666690826
"1970",2023-02-20 13:49:27.409,"067f8105-be46-4fde-b18a-de8dacea63f8",NA,"keep",800,0.93875,793,2023-02-20 13:51:26.602,2023-02-20 14:15:59.046,24.5407333334287
"1970",2023-02-21 11:42:22.68,"852d853d-2e7e-4c65-9afc-92c7a58cf889",NA,"keep",800,0.92875,795,2023-02-21 11:44:06.694,2023-02-21 12:03:52.503,19.7634833335876
"1970",2023-02-19 21:11:53.017,"6b88c036-b9a8-4679-a21c-5811a341a281",NA,"keep",800,0.91,791,2023-02-19 21:12:41.295,2023-02-19 21:32:38.016,19.9453499992688
"1970",2023-02-19 21:03:13.306,"2882b628-8eae-4b0a-9b7e-44ab90c0eb0b",NA,"exclude",374,0.647058823529412,368,2023-02-19 21:05:17.591,2023-02-19 21:13:25.749,8.13596666653951
"1970",2023-02-19 20:09:25.742,"291766a1-db81-4c6c-8e99-164313699110",NA,"keep",800,0.92625,800,2023-02-19 20:10:12.782,2023-02-19 20:27:12.843,17.001016664505
"1970",2023-02-19 18:28:52.301,"41656f1f-d061-4a7e-b0f9-2502eaaa0c65",NA,"keep",800,0.95375,795,2023-02-19 18:38:15.016,2023-02-19 19:03:56.446,25.6905000011126
"1970",2023-02-21 17:51:22.246,"0737f23f-8ae8-4be8-aaf8-dbc273486b6a",NA,"keep",800,0.9325,799,2023-02-21 17:52:04.381,2023-02-21 18:14:18.115,22.2288999994596
"1970",2023-02-19 21:28:21.729,"5c229d97-7b81-4d0e-88be-f8f2f5dee1e0",NA,"exclude",100,0.69,77,2023-02-19 21:30:08.51,2023-02-19 21:34:32.102,4.39320000012716
"1970",2023-02-19 13:17:05.215,"3191cc24-57bb-488b-b0c4-0beb3c49e486",NA,"keep",800,0.865,790,2023-02-19 13:18:58.433,2023-02-19 13:41:07.779,22.1557666659355
"1970",2023-02-19 19:01:06.267,"2a29ac76-ad18-48e1-8491-832ead394557",NA,"keep",800,0.84875,793,2023-02-19 19:02:59.664,2023-02-19 19:23:14.593,20.2488166650136
"1970",2023-02-20 23:07:37.835,"31c857df-2a11-4e7e-a1ac-1d4a66557e87",NA,"keep",800,0.9425,800,2023-02-20 23:09:35.392,2023-02-20 23:26:05.521,16.5021499991417
"1970",2023-02-19 22:50:26.438,"b2712e41-54a1-4d43-b611-d31f30e1c1a5",NA,"keep",800,0.96875,797,2023-02-19 22:52:26.509,2023-02-19 23:12:54.877,20.4728000005086
"1970",2023-02-20 17:53:43.569,"d74232e6-2ea0-4470-a956-27b4fc1be282",NA,"keep",800,0.9725,797,2023-02-20 18:06:13.155,2023-02-20 18:28:15.506,22.0391833345095
"1970",2023-02-21 12:10:11.231,"55251dba-bc3f-4a9c-8ae6-0e1570ec76f7",NA,"exclude",800,0.66875,773,2023-02-21 12:12:22.506,2023-02-21 12:35:24.879,23.0395499984423
"1970",2023-02-19 21:35:11.575,"160cd5b8-dc68-4a12-9b1f-40b759910600",NA,"keep",800,0.92625,800,2023-02-19 21:36:54.009,2023-02-19 21:57:01.263,20.1208999991417
"1970",2023-02-23 13:07:32.952,"c9f60f43-2446-4c7f-a354-801276e4bc39",NA,"keep",800,0.945,797,2023-02-23 13:09:10.557,2023-02-23 13:29:29.17,20.3102166692416
"1970",2023-02-23 17:14:33.8,"dad28a28-1684-4ae3-9ff9-2dcafef364bd",NA,"keep",800,0.8575,798,2023-02-23 17:16:00.084,2023-02-23 17:36:59.196,20.9851999998093
"1970",2023-02-19 18:19:47.642,"bc0ec889-0484-4804-bb24-af1033988509",NA,"keep",800,0.93,790,2023-02-19 18:22:30.737,2023-02-19 18:51:12.2,28.6910500009855
"1970",2023-02-19 18:07:44.776,"2d4c8e3e-d310-4f45-8640-1f49b8928074",NA,"keep",800,0.9825,798,2023-02-19 18:09:59.73,2023-02-19 18:37:17.906,27.3029333313306
"1970",2023-02-19 20:59:41.409,"07a1b309-5c7e-4681-afc9-78229593f4bd",NA,"keep",800,0.94625,797,2023-02-19 21:00:46.227,2023-02-19 21:22:32.946,21.7786500016848
"1970",2023-02-19 21:09:40.751,"8994ef81-9171-44ca-9304-657615d8e002",NA,"keep",800,0.93375,794,2023-02-19 21:11:41.909,2023-02-19 21:36:37.838,24.9321500023206
"1970",2023-02-19 10:04:04.606,"109a1dfb-d4f8-431b-bb33-356ff98b0df5",NA,"keep",800,0.92125,799,2023-02-19 10:05:39.059,2023-02-19 10:24:55.075,19.2669333338737
"1970",2023-02-23 16:10:38.252,"a06f13c5-9ba3-43e8-bad0-3670bcd055af",NA,"keep",800,0.92,800,2023-02-23 16:12:25.896,2023-02-23 16:30:14.78,17.8147333343824
"1970",2023-02-19 19:03:20.885,"d1cb0c39-cafa-46c0-a8a8-b42d7dedf705",NA,"keep",800,0.9225,800,2023-02-19 19:04:56.763,2023-02-19 19:22:50.097,17.8888999978701
"1970",2023-02-19 20:04:32.477,"d4a29b57-eea6-4989-8973-b45928df6f51",NA,"keep",800,0.9825,798,2023-02-19 20:06:06.211,2023-02-19 20:33:18.279,27.2011333346367
"1970",2023-02-20 09:30:14.14,"4a165cc6-c05a-4ec2-b31c-a00ed6a90771",NA,"keep",800,0.92125,774,2023-02-20 09:41:53.651,2023-02-20 10:05:11.618,23.2994500001272
"1970",2023-02-20 11:46:18.007,"6ffc05ba-1c83-427e-a730-f0106dcd2581",NA,"keep",800,0.9675,796,2023-02-20 11:47:36.26,2023-02-20 12:07:16.408,19.6691333333651
"1970",2023-02-20 09:10:53.465,"c15138a6-6897-4cbd-9332-1d3a00349d6e",NA,"keep",800,0.93,799,2023-02-20 09:12:59.917,2023-02-20 09:33:20.113,20.3365999976794
"1970",2023-02-22 20:28:00.258,"8981c08d-29ba-4778-ad29-d3be2d8d9623",NA,"keep",800,0.93875,800,2023-02-22 20:29:54.568,2023-02-22 20:46:07.059,16.2081833322843
"1970",2023-02-19 07:23:26.498,"37ae5394-3fe8-4f7b-bbd8-55b03f34b22b",NA,"keep",800,0.97375,799,2023-02-19 07:24:55.367,2023-02-19 08:01:03.676,36.1384833335876
"1970",2023-02-19 13:19:43.067,"62286a2e-3b8b-4091-b59d-d13f70cfb771",NA,"keep",800,0.98,799,2023-02-19 13:21:44.212,2023-02-19 13:40:22.111,18.6316500027974
"1970",2023-02-19 22:21:21.467,"58fcc106-8736-4ac7-9302-36a027ee1ed8",NA,"keep",800,0.95125,799,2023-02-19 22:23:07.258,2023-02-19 22:44:29.582,21.3720666686694
"1970",2023-03-01 10:26:50.703,"7e22612d-af7f-4ba4-b5ce-7fa3170b8e40",NA,"keep",800,0.93625,798,2023-03-01 10:28:20.179,2023-03-01 10:46:05.977,17.7633000016212
"1970",2023-03-04 17:07:23.702,"cc8ac071-eb4d-4066-85b1-64c86076c44f",NA,"keep",800,0.90375,756,2023-03-04 17:11:57.9,2023-03-04 17:38:42.141,26.737349998951
"1970",2023-02-26 17:10:17.657,"7250bfcd-8c2f-4472-aba6-8148fa0e3114",NA,"keep",800,0.925,799,2023-02-26 17:11:54.17,2023-02-26 17:30:45.925,18.862583331267
"1970",2023-03-01 15:14:02.786,"3faab37d-19a8-4b72-8599-dd1f0edd12c9",NA,"keep",800,0.92,796,2023-03-01 15:15:32.65,2023-03-01 15:37:48.242,22.2598666667938
"1970",2023-03-04 13:29:15.338,"90abd7df-5e4f-4fb5-9f70-fcf62076073b",NA,"keep",800,0.94375,798,2023-03-04 13:30:46.089,2023-03-04 13:50:48.699,20.0434999982516
"1970",2023-02-26 13:47:12.592,"a72f50d4-a4c3-4cb7-a774-e3ae123a734f",NA,"keep",800,0.9275,797,2023-02-26 13:52:24.386,2023-02-26 14:23:32.529,31.1357166687648
"1970",2023-03-01 18:18:47.666,"ed444f03-fb9f-4fed-abe5-c722c301826f",NA,"keep",800,0.93125,786,2023-03-01 18:21:34.493,2023-03-01 18:48:49.714,27.2536833326022
"1970",2023-03-01 12:05:20.74,"f711f20e-a964-463d-97f8-9e8da41ff828",NA,"keep",117,0.846153846153846,116,2023-03-01 12:07:23.597,2023-03-01 12:11:00.8,3.62005000114441
"1970",2023-03-02 12:02:34.208,"467f9325-087d-4a95-84f3-145df5ad7984",NA,"keep",800,0.9175,797,2023-03-02 12:04:08.168,2023-03-02 12:24:23.702,20.2588999986649
"1970",2023-02-28 16:13:03.908,"378ac571-d1b5-49d8-9f2c-334cdc2b8a90",NA,"keep",800,0.90625,786,2023-02-28 16:15:20.063,2023-02-28 16:37:52.137,22.5345666686694
"1970",2023-02-27 14:37:31.716,"dcbf7ebb-ca02-485e-8d17-4755ecd87d63",NA,"keep",800,0.9675,799,2023-02-27 14:39:21.432,2023-02-27 14:57:58.263,18.6138500014941
"1970",2023-03-01 14:42:21.483,"74429959-f422-4133-a6be-fe4bde7570a0",NA,"keep",800,0.97125,799,2023-03-01 14:43:56.712,2023-03-01 15:07:35.454,23.6457000017166
"1970",2023-02-26 15:04:43.632,"ed8426e9-44f0-4869-89c2-81e57b79b79c",NA,"keep",800,0.9725,793,2023-02-26 15:07:04.911,2023-02-26 15:32:41.689,25.6129666646322
"1970",2023-03-04 22:10:56.891,"fb92f13b-b0b0-42de-8c3e-2a9fa86847e1",NA,"keep",800,0.95875,797,2023-03-04 22:13:31.635,2023-03-04 22:37:11.753,23.668633333842
"1970",2023-03-03 08:06:28.403,"3c6aa624-d23a-4c0c-afef-35c4363b5519",NA,"exclude",500,0.794,450,2023-03-03 08:07:51.8,2023-03-03 08:23:00.908,15.1518000006676
"1970",2023-03-03 15:47:50.306,"c6b115d0-bfb6-467f-8bc1-157751df685f",NA,"keep",800,0.9525,798,2023-03-03 15:49:35.974,2023-03-03 16:09:24.821,19.8141166687012
"1970",2023-02-28 18:09:48.685,"db076e5c-faa4-4b09-9c80-e24aa31579ec",NA,"keep",800,0.98,798,2023-02-28 18:12:42.368,2023-02-28 18:35:46.588,23.0703333338102
"1970",2023-03-04 13:11:21.869,"3fcdaba1-80db-4228-a3a0-09eadb15e38d",NA,"keep",800,0.925,785,2023-03-04 13:13:03.524,2023-03-04 13:32:33.612,19.5014666676521
"1970",2023-02-27 18:06:31.325,"945ff89c-9562-4fe3-a40c-705391f75212",NA,"keep",800,0.96375,797,2023-02-27 18:08:28.243,2023-02-27 18:30:08.963,21.6786666671435
"1970",2023-03-04 18:54:51.303,"dcee7671-6f37-4258-a11f-2d9db0c9ac4b",NA,"keep",800,0.96875,800,2023-03-04 18:56:27.79,2023-03-04 19:15:56.549,19.4793166677157
"1970",2023-03-03 19:12:30.02,"6befea02-a498-4ae7-b3e1-700d3d7c3497",NA,"keep",800,0.8775,782,2023-03-03 19:14:49.486,2023-03-03 19:43:16.999,28.4585500001907
"1970",2023-03-01 14:14:42.321,"60ed877e-e2be-4777-8652-ba32610c3a56",NA,"keep",800,0.97625,800,2023-03-01 14:16:09.975,2023-03-01 14:35:26.405,19.273833334446
"1970",2023-03-05 08:29:17.186,"99c09a77-0533-4705-a669-8be7254870c2",NA,"exclude",800,0.66,798,2023-03-05 08:30:14.675,2023-03-05 08:46:13.364,15.9781500021617
"1970",2023-03-05 15:59:44.683,"3ea894ae-6664-4993-b129-7d1a06bf6ce4",NA,"exclude",800,0.7525,734,2023-03-05 16:01:04.652,2023-03-05 16:35:17.668,34.2169333338737
"1970",2023-03-05 15:45:50.196,"ee28478b-9380-493e-8a4b-8b7817fab92e",NA,"keep",800,0.96875,794,2023-03-05 15:49:15.089,2023-03-05 16:13:15.809,24.0120000004768
"1970",2023-03-05 21:59:48.666,"6eee28a8-d63b-42fd-b4b0-b4acbabd6973",NA,"keep",800,0.9125,797,2023-03-05 22:02:13.675,2023-03-05 22:28:17.315,26.0606666684151
"1970",2023-05-04 07:33:04.63,"aee85f97-2af0-469d-915e-0fa95674b64b",NA,"keep",800,0.98875,800,2023-05-04 07:34:21.644,2023-05-04 07:51:39.017,17.2895499984423
"1970",2023-10-28 15:03:10.661,"53850e32-5989-4dde-9e2e-74d3f0507a5e",NA,"keep",800,0.94875,792,2023-10-28 15:05:57.7,2023-10-28 15:28:41.97,22.7378333330154
"1970",2023-10-26 16:54:11.656,"8546a99a-ce61-4e92-9d81-0134ac1540ef",NA,"keep",800,0.97375,799,2023-10-26 16:56:25.399,2023-10-26 17:15:40.126,19.2454499999682
"1970",2023-10-24 15:43:20.452,"912d34bd-4ed4-4d29-9671-371e630a4ba2",NA,"keep",800,0.955,794,2023-10-24 15:46:13.857,2023-10-24 16:16:44.105,30.5041333317757
"1970",2023-10-23 16:26:26.987,"fa76a1d4-7ad2-4447-8786-b36340a59c35",NA,"keep",800,0.97625,800,2023-10-23 16:28:24.533,2023-10-23 16:45:54.241,17.4951333324114
"1970",2023-10-27 18:11:06.853,"b141f674-4ea2-4638-942f-4bc8dd231a83",NA,"keep",800,0.9525,794,2023-10-27 18:13:30.927,2023-10-27 18:43:39.768,30.1473499973615
"1970",2023-10-24 18:06:48.037,"4dcf9a62-177b-4895-bf44-d7f58ada716d",NA,"keep",800,0.97375,799,2023-10-24 18:08:36.131,2023-10-24 18:28:29.625,19.8915666659673
"1970",2023-10-27 13:32:38.297,"02e26524-b633-4cfd-8f85-f1698a069851",NA,"keep",800,0.905,791,2023-10-27 13:34:39.942,2023-10-27 13:52:50.824,18.181366666158
"1970",2023-10-22 20:58:05.196,"8a89dbc6-2dab-4112-bdb0-e2db64d10f50",NA,"keep",800,0.9675,800,2023-10-22 20:59:12.719,2023-10-22 21:20:23.84,21.1853499968847
"1970",2023-10-22 18:27:12.072,"ddaaa3b1-731e-496c-82d8-fb22db63e657",NA,"keep",800,0.93625,797,2023-10-22 18:29:05.344,2023-10-22 18:51:37.379,22.5339166641235
"1970",2023-10-27 18:14:48.397,"7818527a-1ccf-470f-80b5-16042caf264c",NA,"keep",800,0.85875,790,2023-10-27 18:16:57.585,2023-10-27 18:40:27.558,23.4995500008265
"1970",2023-10-22 19:30:20.45,"82c3cecf-2238-4c84-91cd-2ca7d1b2cf4a",NA,"keep",800,0.88375,797,2023-10-22 19:32:39.798,2023-10-22 19:54:54.332,22.2422333319982
"1970",2023-10-25 17:05:26.489,"879a5eb5-97e8-445c-afc4-279a5778644b",NA,"keep",800,0.95625,797,2023-10-25 17:07:23.052,2023-10-25 17:28:59.238,21.6030999978383
"1970",2023-10-22 21:01:06.453,"aa527f17-01cb-44fa-8ffd-6692680e10ee",NA,"keep",800,0.965,800,2023-10-22 21:02:13.037,2023-10-22 21:18:54.864,16.6971166690191
"1970",2023-10-27 18:55:39.378,"f562b5ed-c3aa-44d7-9165-aaf2e02789ab",NA,"keep",800,0.9025,800,2023-10-27 18:57:40.159,2023-10-27 19:14:16.829,16.6111666679382
"1970",2023-10-23 14:06:31.765,"39af00ab-164c-453b-9613-f5e14e9b6a29",NA,"keep",800,0.97125,799,2023-10-23 14:07:25.926,2023-10-23 14:32:41.091,25.2527499993642
"1970",2023-10-28 18:34:02.563,"91dd1467-0adf-4be5-935c-ec2e0ba16f89",NA,"keep",800,0.96125,794,2023-10-28 18:37:25.041,2023-10-28 19:00:59.914,23.5812166690826
"1970",2023-10-28 11:30:43.884,"ff95e60d-2df2-4097-9316-170fc848241b",NA,"keep",800,0.96,796,2023-10-28 11:32:38.416,2023-10-28 11:55:33.525,22.9184833367666
"1970",2023-10-23 13:04:22.746,"4f51fb5d-22f9-4eb5-a35e-31d54d7c3a24",NA,"keep",800,0.96,790,2023-10-23 13:06:05.004,2023-10-23 13:29:22.623,23.2936499993006
"1970",2023-10-23 19:07:31.361,"aa7cf241-ed92-44c5-b6e5-4c9db383fc87",NA,"keep",800,0.96375,799,2023-10-23 19:09:10.514,2023-10-23 19:28:34.541,19.4004499991735
"1970",2023-10-23 14:11:59.763,"5cd4bfc0-e0c7-4a63-9480-4ecbc3695f2e",NA,"keep",800,0.95125,796,2023-10-23 14:13:38.99,2023-10-23 14:33:58.548,20.325966668129
"1970",2023-10-25 20:51:32.631,"455adea1-e425-4583-b274-64e63d4a7404",NA,"keep",800,0.9525,799,2023-10-25 20:52:56.675,2023-10-25 21:09:56.631,16.9992666681608
"1970",2023-10-22 20:41:42.745,"7d73c713-8ea1-4225-b892-f891781da461",NA,"keep",800,0.9175,796,2023-10-22 20:44:01.242,2023-10-22 21:01:38.438,17.6199333310127
"1970",2023-10-23 12:00:01.528,"d7c084e9-12d4-4d21-9a65-36e59bddb8c6",NA,"keep",800,0.93125,798,2023-10-23 12:01:43.079,2023-10-23 12:22:52.135,21.150933333238
"1970",2023-10-23 21:39:49.168,"467c94d9-84eb-46ef-ae00-230e130c2632",NA,"keep",800,0.94,784,2023-10-23 21:40:55.44,2023-10-23 22:02:12.079,21.2773166656494
"1970",2023-10-24 15:35:22.108,"9ba7afbf-1dea-4f86-8001-35cd2f11449e",NA,"exclude",800,0.44875,372,2023-10-24 15:37:25.363,2023-10-24 16:16:29.611,39.070800002416
"1970",2023-10-27 19:57:51.014,"c48c6238-7956-4ca1-bd5b-15896e828dc0",NA,"keep",800,0.96125,794,2023-10-27 19:59:16.693,2023-10-27 20:28:44.206,29.4585500001907
"1970",2023-10-22 18:14:57.497,"5b2fa35d-cc4c-423b-a6f4-5c1c1d4f7d15",NA,"keep",800,0.95125,792,2023-10-22 18:17:38.557,2023-10-22 18:40:03.538,22.4163500030835
"1970",2023-10-24 14:42:00.251,"e74b1d78-2ee1-4f1a-b3ef-bef6130f4ca8",NA,"keep",800,0.88375,736,2023-10-24 14:44:41.219,2023-10-24 15:19:04.778,34.3926500002543
"1970",2023-10-22 18:16:28.117,"e570daea-b537-4ab5-8244-7fcdf5d9abf9",NA,"keep",800,0.9725,799,2023-10-22 18:18:57.137,2023-10-22 18:42:45.214,23.8012833317121
"1970",2023-10-24 14:01:20.449,"3447a605-1f67-495f-b75e-c71b88459eb9",NA,"keep",800,0.9575,793,2023-10-24 14:02:47.653,2023-10-24 14:26:02.939,23.2547666629155
"1970",2023-10-23 14:09:48.857,"21edcfd1-b81d-4536-96a6-02392dcf1705",NA,"keep",800,0.94125,799,2023-10-23 14:11:26.224,2023-10-23 14:33:52.832,22.4434666673342
"1970",2023-10-22 18:07:35.801,"1ddbf029-645c-4f97-b3ef-89339cbeab74",NA,"keep",800,0.95875,798,2023-10-22 18:08:57.095,2023-10-22 18:27:54.38,18.9547500014305
"1970",2023-10-23 13:44:52.187,"cee29c52-edcc-4b91-97ad-45219b7fa6d5",NA,"keep",800,0.89,736,2023-10-23 14:12:47.213,2023-10-23 14:34:11.776,21.4093833327293
"1970",2023-10-23 19:35:30.32,"e3fac4f5-23fb-4fef-87ca-cbcd6035de4d",NA,"keep",800,0.98,800,2023-10-23 19:37:00.625,2023-10-23 19:56:54.208,19.8930499990781
"1970",2023-10-25 04:13:27.614,"77b4ea51-a1af-4394-9499-34e0f1c5ebb4",NA,"keep",800,0.9125,773,2023-10-25 04:14:44.022,2023-10-25 04:46:27.211,31.7198166648547
"1970",2023-10-28 21:08:15.67,"4d19c579-23fc-412e-99a3-b7c04ef126b7",NA,"keep",800,0.95875,799,2023-10-28 21:09:48.398,2023-10-28 21:29:41.748,19.8891666650772
"1970",2023-10-25 17:53:58.702,"8657da2c-dbd3-4292-b537-dbfad480cf88",NA,"keep",795,0.876729559748428,747,2023-10-25 17:56:37.183,2023-10-25 18:27:04.053,30.447833331426
"1970",2023-10-28 18:16:45.548,"78960ba0-cdef-45aa-ab85-6569dc41b028",NA,"keep",800,0.90125,784,2023-10-28 18:19:03.508,2023-10-28 18:44:09.764,25.104266667366
"1970",2023-10-28 11:47:54.531,"b040f627-b99d-4e40-9fb7-6cd2efa21d96",NA,"keep",800,0.97625,800,2023-10-28 11:49:28.398,2023-10-28 12:10:40.55,21.2025333325068
"1970",2023-10-23 19:11:09.431,"674a07ae-c03c-4229-a114-450efc3cc1c6",NA,"keep",800,0.92375,799,2023-10-23 19:13:04.554,2023-10-23 19:33:40.321,20.5961166699727
"1970",2023-10-27 21:44:04.951,"013aa776-b47e-4404-ad5a-2c56ef6ab733",NA,"keep",800,0.96625,800,2023-10-27 21:46:37.701,2023-10-27 22:11:22.902,24.7533499995867
"1970",2023-10-25 14:04:15.17,"1f91cb00-dc31-4f5d-833f-ba18fc5d2e94",NA,"keep",800,0.9225,773,2023-10-25 14:07:42.236,2023-10-25 14:37:37.184,29.9157999992371
"1970",2023-10-26 01:08:05.96,"810002c5-ae4b-4c6f-b2ca-bb0b4174151b",NA,"keep",800,0.9625,800,2023-10-26 01:08:47.43,2023-10-26 01:24:00.506,15.2179333329201
"1970",2023-10-25 17:46:57.532,"27e4dac9-49e0-44a4-96ff-1c9a4173c795",NA,"keep",800,0.8925,795,2023-10-25 17:48:32.359,2023-10-25 18:06:33.952,18.0265499989192
"1970",2023-10-27 16:52:09.994,"3b7d5441-0789-4a28-80f4-8924e99c4028",NA,"keep",800,0.97,796,2023-10-27 16:54:56.471,2023-10-27 17:16:31.525,21.5842333356539
"1970",2023-10-24 15:32:41.917,"bf877958-2539-402b-9c58-f1c63daeff91",NA,"keep",800,0.94375,800,2023-10-24 15:34:30.633,2023-10-24 15:51:17.784,16.7858500003815
"1970",2023-10-22 18:03:11.656,"6d8945e4-9dd9-40d9-8598-41f2f5d96d5c",NA,"keep",800,0.97625,800,2023-10-22 18:06:02.187,2023-10-22 18:24:18.645,18.2742999990781
"1970",2023-10-27 19:54:23.577,"d9e58074-7faf-4841-b7c3-ed954c6cf8ea",NA,"keep",800,0.925,797,2023-10-27 19:57:03.801,2023-10-27 20:18:44.261,21.6743333299955
"1970",2023-10-27 13:24:15.682,"04777e8b-5241-4169-bfb2-e609702cc2bd",NA,"keep",800,0.98125,799,2023-10-27 13:26:47.273,2023-10-27 13:53:28.044,26.6795166651408
"1970",2023-10-23 10:57:58.922,"9f38873e-c51f-4d9b-837c-898e89aba205",NA,"keep",800,0.90375,777,2023-10-23 11:00:05.692,2023-10-23 11:26:49.049,26.7226166685422
"1970",2023-10-28 16:13:00.515,"88d5fd0d-5456-4c04-9bb8-45da9d01f0b3",NA,"keep",800,0.885,781,2023-10-28 16:14:49.767,2023-10-28 16:37:13.928,22.4026833335559
"1970",2023-10-28 20:32:34.595,"97587b57-6ad0-496d-a0ed-d80b0b22e2af",NA,"keep",800,0.9175,788,2023-10-28 20:34:22.843,2023-10-28 21:01:31.21,27.1394500017166
"1970",2023-10-22 22:00:40.133,"d2b77fb7-a3f2-48e1-98fd-9854948e1e29",NA,"keep",800,0.9225,795,2023-10-22 22:02:36.359,2023-10-22 22:27:11.128,24.5794833342234
"1970",2023-10-23 15:23:59.426,"798f6a18-8cd7-4c14-813d-fe0dc7131694",NA,"keep",800,0.98875,800,2023-10-23 15:25:31.338,2023-10-23 15:50:54.221,25.3813833316167
"1970",2023-10-23 17:57:35.097,"ed8db999-50d9-4323-87cd-02e221ed3afb",NA,"keep",800,0.97125,798,2023-10-23 17:59:07.654,2023-10-23 18:19:04.636,19.9496999979019
"1970",2023-10-22 21:09:54.88,"b2fcb74d-e3b2-44bc-9e45-76d9561e4dc3",NA,"keep",800,0.94125,795,2023-10-22 21:12:38.213,2023-10-22 21:33:18.459,20.670766667525
"1970",2023-10-27 13:39:32.251,"cc6bc8b3-fc9f-4bd8-b777-2efae1a60e2c",NA,"keep",800,0.94125,788,2023-10-27 13:41:15.873,2023-10-27 14:00:47.223,19.5225000023842
"1970",2023-10-22 17:49:30.53,"54a63552-f783-4602-a0c9-d9672b6e80df",NA,"keep",800,0.91625,793,2023-10-22 17:51:22.283,2023-10-22 18:10:54.97,19.5447833339373
"1970",2023-10-26 20:50:48.092,"7cabd02a-c645-4500-abd2-820e74c64255",NA,"keep",800,0.95375,799,2023-10-26 20:51:34.102,2023-10-26 21:10:02.279,18.4696166674296
"1970",2023-10-23 15:40:21.817,"1348a708-7685-43a7-a4bd-0b6df4502d79",NA,"keep",800,0.9325,788,2023-10-23 15:45:13.299,2023-10-23 16:10:32.209,25.3151666680972
"1970",2023-10-27 13:32:24.694,"9e475ef7-4207-46ed-ad05-ad7c9841f4d5",NA,"keep",800,0.93,760,2023-10-27 13:37:03.989,2023-10-27 14:02:39.51,25.5920166651408
"1970",2023-10-23 14:03:35.966,"80734e8f-d9fb-4cac-be84-87afc14356af",NA,"keep",800,0.965,800,2023-10-23 14:05:19.021,2023-10-23 14:27:00.352,21.6888500014941
"1970",2023-10-27 11:50:16.03,"2171b7ac-0910-4088-9822-54d2ab34418c",NA,"keep",800,0.97,799,2023-10-27 11:51:36.463,2023-10-27 12:08:40.433,17.0661666671435
"1970",2023-10-26 20:22:54.65,"fc9d7f91-e924-44c5-8f6e-0eb39ca69f03",NA,"keep",800,0.9625,799,2023-10-26 20:25:04.273,2023-10-26 20:46:35.529,21.5209333340327
"1970",2023-10-27 15:45:49.528,"45ea22d3-3b31-4b91-85db-5a07677cca89",NA,"keep",800,0.9025,789,2023-10-27 15:48:42.549,2023-10-27 16:17:06.077,28.3921333312988
"1970",2023-10-27 10:21:05.114,"9eb83c85-8be6-47a7-ba21-06310f00c556",NA,"keep",800,0.97875,799,2023-10-27 10:22:50.82,2023-10-27 10:41:58.468,19.1274666666985
"1970",2023-10-23 17:09:21.918,"f20c3df6-2d02-40ce-b72d-79f515576646",NA,"keep",800,0.95,792,2023-10-23 17:11:42.158,2023-10-23 17:36:37.331,24.9195500016212
"1970",2023-10-25 12:26:28.849,"e2b380f6-06df-472a-8c90-1164cf647456",NA,"keep",800,0.94125,797,2023-10-25 12:32:06.676,2023-10-25 12:59:31.177,27.408349998792
"1970",2023-10-22 20:28:43.949,"8f161125-2267-43a0-abb4-b56f02dd30c5",NA,"keep",800,0.89875,782,2023-10-22 20:30:07.171,2023-10-22 21:05:38.73,35.5259833335876
"1970",2023-10-23 13:38:38.631,"d580fab0-a82b-4c1d-bc87-646ab0ef9c76",NA,"keep",800,0.96125,794,2023-10-23 13:40:05.812,2023-10-23 14:02:37.229,22.5236166675886
"1970",2023-10-23 14:04:11.171,"621e6b93-1e78-4f1c-b05d-8bc94f943a53",NA,"keep",800,0.9125,798,2023-10-23 14:05:51.698,2023-10-23 14:26:10.555,20.3142833352089
"1970",2023-10-25 15:18:59.485,"057ac957-2603-44a3-9784-13dabb5e3a45",NA,"keep",800,0.855,782,2023-10-25 15:24:59.77,2023-10-25 15:46:15.394,21.260400001208
"1970",2023-10-23 16:34:15.883,"e1770ec1-c0d7-4e61-84d3-1927b8a9d2d8",NA,"keep",800,0.9575,793,2023-10-23 16:36:04.503,2023-10-23 16:57:36.909,21.5400999983152
"1970",2023-10-23 15:20:18.922,"75cb957a-bd8f-45f5-aaf8-09f652b247af",NA,"keep",800,0.9475,788,2023-10-23 15:22:02.376,2023-10-23 15:43:48.467,21.7681833346685
"1970",2023-10-28 14:05:45.095,"d357b66d-47f2-41c2-a275-fa95867e54f6",NA,"keep",800,0.9025,794,2023-10-28 14:07:35.551,2023-10-28 14:29:18.609,21.717633330822
"1970",2023-10-28 08:18:23.658,"cd77d95c-a2c3-4497-99db-ebc7057584a6",NA,"keep",800,0.88625,785,2023-10-28 08:25:12.535,2023-10-28 08:52:33.983,27.3574666659037
"1970",2023-10-27 18:57:34.371,"d169e916-e495-488a-adfb-3d39f0484c74",NA,"keep",800,0.9475,799,2023-10-27 18:59:08.052,2023-10-27 19:19:18.99,20.182299999396
"1970",2023-10-23 16:21:44.393,"28e7229e-4671-43d3-a0ef-3c4143e9f49e",NA,"keep",800,0.945,790,2023-10-23 16:24:53.358,2023-10-23 16:48:17.032,23.3945666670799
"1970",2023-10-25 15:49:51.603,"eb64e7ea-f470-4a69-b48a-2f3f0c769c44",NA,"keep",800,0.9725,798,2023-10-25 15:51:20.976,2023-10-25 16:09:43.854,18.3813000003497
"1970",2023-10-27 13:10:40.576,"9bcc780e-446c-4c55-a376-795cd53a3ffc",NA,"keep",800,0.915,766,2023-10-27 13:13:11.098,2023-10-27 13:38:00.084,24.8164333343506
"1970",2023-10-24 09:56:08.908,"351909ab-dd52-4ff4-8564-16dd91befe0a",NA,"keep",800,0.9175,796,2023-10-24 09:58:06.48,2023-10-24 10:22:07.209,24.0121500015259
"1970",2023-10-22 20:33:33.558,"ca326206-af27-4f31-9a8b-cc9b9faf7298",NA,"keep",800,0.96875,800,2023-10-22 20:35:54.96,2023-10-22 20:59:45.916,23.8492666641871
"1970",2023-10-28 14:57:28.923,"97af89b0-d60b-44a4-a6f8-9c876a2d25ce",NA,"keep",800,0.97,800,2023-10-28 14:58:50.646,2023-10-28 15:19:46.345,20.9283166686694
"1970",2023-10-23 15:42:56.388,"05bb5f84-c4cb-4ce5-9eb0-59cc4a66560c",NA,"keep",800,0.9475,798,2023-10-23 15:44:46.94,2023-10-23 16:07:43.022,22.9347000002861
"1970",2023-10-23 12:24:38.084,"7f91d021-951d-4fc6-9ed1-59db3614ece9",NA,"keep",800,0.895,795,2023-10-23 12:26:13.813,2023-10-23 12:48:24.664,22.1808500011762
"1970",2023-10-23 13:29:00.769,"7c34a31a-9422-4e5f-bf9a-41c8efb95a23",NA,"keep",800,0.9725,790,2023-10-23 13:30:50.145,2023-10-23 13:51:01.48,20.1889166673025
"1970",2023-10-21 09:59:37.362,"8f8a5d67-a92c-4cd5-a744-87f8f8419943",NA,"keep",800,0.93875,792,2023-10-21 10:02:03.16,2023-10-27 12:47:02.579,8804.99031666517
"1970",2023-10-24 08:27:51.509,"bdd3c599-3384-4858-918c-ec6c584db841",NA,"keep",800,0.9475,784,2023-10-24 08:29:41.036,2023-10-24 08:53:03.81,23.3795666654905
"1970",2023-10-24 15:05:16.272,"d6aac6f7-408f-4b78-9718-7a1254d3d525",NA,"keep",800,0.93875,785,2023-10-24 15:07:40.905,2023-10-24 15:37:27.206,29.7716833353043
"1970",2023-10-28 12:07:59.069,"469900f2-fcdb-4582-a786-0cb53dd70b69",NA,"keep",800,0.82625,784,2023-10-28 12:09:43.919,2023-10-28 12:31:13.726,21.4967833360036
"1970",2023-10-22 19:22:28.998,"21474706-9f53-4de4-951c-c1d8b69dff19",NA,"keep",800,0.90625,788,2023-10-22 19:23:04.973,2023-10-22 19:41:50.516,18.7590499997139
"1970",2023-10-22 18:21:05.598,"de21abde-2028-4595-a861-6a881e31ac15",NA,"keep",800,0.95125,799,2023-10-22 18:22:13.617,2023-10-22 18:41:51.005,19.6231333335241
"1970",2023-10-24 19:55:32.399,"c2d26bbf-f37c-4a6e-9ff3-acaff9c9f97f",NA,"keep",800,0.9775,800,2023-10-24 19:57:11.606,2023-10-24 20:20:49.854,23.6374666690826
"1970",2023-10-22 17:57:14.406,"e64d5ec4-434c-444f-9da1-904c2f7207c4",NA,"keep",800,0.96875,797,2023-10-22 17:59:45.49,2023-10-22 18:21:52.375,22.1147499998411
"1970",2023-10-23 19:59:58.846,"a57bd2b3-b773-4d9d-97f4-8bdb1633a50e",NA,"keep",800,0.90875,795,2023-10-23 20:01:45.3,2023-10-23 20:23:50.561,22.08768333594
"1970",2023-10-23 13:07:41.629,"7ed424f5-bb46-4691-ade3-dd86dfdfe54f",NA,"keep",800,0.96625,798,2023-10-23 13:09:17.673,2023-10-23 13:30:38.26,21.3431166648865
"1970",2023-10-23 12:00:43.181,"b9a962c0-5d84-4c56-b829-67ceab52719c",NA,"keep",800,0.88625,797,2023-10-23 12:02:39.859,2023-10-23 12:25:25.107,22.7541333357493
"1970",2023-10-26 16:17:07.643,"1993c92c-c5e6-406d-8d4f-93bedcde6b71",NA,"exclude",800,0.7925,776,2023-10-26 16:18:21.659,2023-10-26 16:40:12.053,21.8399000008901
"1970",2023-10-23 11:28:09.832,"3bb20e73-d712-40cf-977f-306a4f3337df",NA,"keep",800,0.94625,791,2023-10-23 11:29:37.809,2023-10-23 11:50:40.854,21.0507500012716
"1970",2023-10-22 21:31:34.365,"856bf87a-2550-4a9a-b0e9-be5348f21e7a",NA,"keep",800,0.96625,797,2023-10-22 21:33:50.06,2023-10-22 21:53:32.788,19.7121333360672
"1970",2023-10-28 10:35:05.39,"a3b6eb0e-c457-466b-b9c8-88d81ed7a3c1",NA,"keep",800,0.935,785,2023-10-28 10:37:39.103,2023-10-28 11:06:09.259,28.5026000022888
"1970",2023-10-22 20:00:14.68,"682e2f0e-1da7-4b76-aa1f-98122e8625d2",NA,"exclude",800,0.77,761,2023-10-22 20:05:04.562,2023-10-22 20:29:52.878,24.8052666664124
"1970",2023-10-27 21:50:53.267,"23b1dae5-e2c3-48d2-b48a-1239b7ed863c",NA,"keep",800,0.99,800,2023-10-27 21:53:36.08,2023-10-27 22:19:14.994,25.6485666672389
"1970",2023-10-24 09:55:22.644,"11982377-3b38-497b-ac16-ad2de9c1b864",NA,"keep",800,0.92625,790,2023-10-24 09:57:52.578,2023-10-24 10:26:19.705,28.4521166642507
"1970",2023-10-24 17:37:00.24,"6dbb3e0f-ab7d-413b-a2ce-02b7939c3100",NA,"keep",800,0.91875,789,2023-10-24 17:38:58.943,2023-10-24 18:01:08.169,22.1537666638692
"1970",2023-10-22 17:57:21.662,"45d179a8-b991-4ca7-8293-939fb82d3986",NA,"keep",800,0.9675,799,2023-10-22 17:59:27.613,2023-10-22 18:18:55.413,19.4633333365122
"1970",2023-10-28 17:59:55.356,"f9f640ef-f371-4e2e-b64a-4564921f9be1",NA,"keep",800,0.98125,800,2023-10-28 18:02:17.119,2023-10-28 18:22:01.975,19.7475999991099
"1970",2023-10-22 17:55:40.949,"5550c3d1-bf1c-405c-aa1b-25b9d3f09442",NA,"exclude",600,0.478333333333333,297,2023-10-22 17:56:18.471,2023-10-22 19:20:46.079,84.4601333340009
"1970",2023-10-28 17:43:45.991,"41cae2b6-70f7-4ce1-9fa6-c417a09ad313",NA,"keep",800,0.95375,798,2023-10-28 17:44:59.249,2023-10-28 18:03:55.428,18.9363166650136
"1970",2023-10-27 21:48:43.7,"df242bd3-37a9-4fe8-b55d-f9ca51d288a1",NA,"keep",800,0.95875,799,2023-10-27 21:50:07.728,2023-10-27 22:10:30.426,20.3783000032107
"1970",2023-10-25 15:38:43.224,"537dbcbe-3acf-497d-8d1d-346161c48625",NA,"keep",800,0.9125,784,2023-10-25 15:41:08.214,2023-10-25 16:06:32.541,25.4054499983788
"1970",2023-10-22 17:53:17.185,"82bdb506-e0ef-48ef-843a-903a55733439",NA,"keep",800,0.95875,797,2023-10-22 17:56:04.649,2023-10-22 18:19:46.045,23.6899333357811
"1970",2023-10-24 13:01:56.018,"f35db9af-42f4-4f27-ba0b-6bc0c7703bb7",NA,"keep",800,0.9775,799,2023-10-24 13:03:45.139,2023-10-24 13:29:18.185,25.5507666667302
"1970",2023-10-28 14:05:40.939,"4f6c3f61-5074-4989-a6a0-0df61a31c67f",NA,"keep",800,0.88875,783,2023-10-28 14:07:26.305,2023-10-28 14:29:10.426,21.7353500008583
"1970",2023-10-25 15:36:47.494,"ebd3595b-00a6-451c-b437-e8e9b910e782",NA,"keep",800,0.95,794,2023-10-25 15:39:37.226,2023-10-25 16:03:28.716,23.8581666668256
"1970",2023-10-28 13:13:39.955,"1432199e-59b4-4f6d-b775-0fa683c58194",NA,"keep",800,0.9675,800,2023-10-28 13:16:16.125,2023-10-28 13:36:20.702,20.0762833317121
"1970",2023-10-23 19:39:50.52,"03e77d1d-2cfe-4fa0-8315-af6849daa771",NA,"keep",800,0.94125,799,2023-10-23 19:42:15.367,2023-10-23 20:05:41.081,23.4285666664441
"1970",2023-10-27 10:39:07.919,"cf2442ff-170e-450f-a120-4b39d40c6fcb",NA,"keep",800,0.9625,800,2023-10-27 10:40:19.803,2023-10-27 10:57:03.188,16.7230833331744
"1970",2023-10-23 15:26:19.294,"1fa3194a-451b-4806-b427-7f165aa940ea",NA,"keep",800,0.93625,797,2023-10-23 15:27:38.531,2023-10-23 15:47:37.603,19.9845333337784
"1970",2023-10-26 19:24:22.765,"2ac42646-c123-4406-954f-4a29f34f3ca9",NA,"keep",800,0.97375,800,2023-10-26 19:25:49.177,2023-10-26 19:43:34.76,17.7597166657448
"1970",2023-10-22 17:55:14.394,"08fe6038-5bfe-4193-9cce-72e6cac1a8fa",NA,"keep",800,0.965,800,2023-10-22 17:57:19.845,2023-10-22 18:16:54.135,19.5714999993642
"1970",2023-10-22 17:59:12.504,"23a9f0d7-b066-4def-82f1-4d56acd148a4",NA,"keep",800,0.8925,789,2023-10-22 18:01:23.26,2023-10-22 18:26:22.675,24.9902499993642
"1970",2023-10-25 19:17:37.031,"b2be023a-11fb-403d-a45e-e35afeacc3da",NA,"keep",800,0.945,789,2023-10-25 19:20:33.767,2023-10-25 19:48:16.28,27.7085500001907
"1970",2023-10-23 18:52:03.006,"99ce74c8-6c57-446b-a28e-aa3cf2300053",NA,"keep",800,0.95625,799,2023-10-23 18:54:03.642,2023-10-23 19:17:04.7,23.0176333347956
"1970",2023-10-28 12:38:17.351,"66ef3878-f6eb-44de-a5f9-ab7ab74b6efb",NA,"keep",800,0.97625,798,2023-10-28 12:40:15.347,2023-10-28 13:03:09.754,22.9067833344142
"1970",2023-10-28 18:11:40.863,"3761edac-a976-44ca-a166-ed0dc2067984",NA,"keep",800,0.9225,789,2023-10-28 18:13:33.124,2023-10-28 18:38:39.951,25.1137833317121
"1970",2023-10-26 19:10:19.879,"6c1b82ce-1ff2-4a09-943c-01a99fb2944c",NA,"keep",800,0.93875,796,2023-10-26 19:11:59.729,2023-10-26 19:32:37.737,20.6334666649501
"1970",2023-10-24 11:51:28.276,"8de48de1-2d55-4d6d-a94b-659528cf0bb7",NA,"keep",800,0.845,784,2023-10-24 11:54:14.111,2023-10-24 12:15:32.677,21.309433333079
"1970",2023-10-22 21:18:28.645,"62ef2a10-1c3d-423a-80f6-0ab2ea8df3e5",NA,"keep",800,0.965,799,2023-10-22 21:20:30.846,2023-10-22 21:44:09.367,23.6420166691144
"1970",2023-10-24 13:45:48.047,"c92c16b2-b766-4804-bf8d-aec0c3b19a8e",NA,"keep",800,0.91625,783,2023-10-24 13:51:01.598,2023-10-24 14:22:29.328,31.4621666669846
"1970",2023-10-27 16:31:31.321,"94e2b15c-cada-4216-bb1b-28cf014526be",NA,"keep",800,0.96625,799,2023-10-27 16:33:18.626,2023-10-27 16:54:51.068,21.5407000025113
"1970",2023-10-28 21:24:52.218,"40fa18b2-42b9-4026-ada7-9546889a8c18",NA,"keep",800,0.9525,794,2023-10-28 21:30:58.996,2023-10-28 21:55:19.48,24.3413999994596
"1970",2023-10-28 17:08:45.043,"f5ab69c2-df24-456b-9b91-1100872e49ec",NA,"keep",800,0.805,717,2023-10-28 17:09:55.903,2023-10-28 17:33:18.232,23.3721499999364
"1970",2023-10-28 18:56:35.869,"340ffda3-18a7-496f-8791-180df585a98f",NA,"keep",800,0.94125,796,2023-10-28 18:58:01.15,2023-10-28 19:18:39.706,20.6425999999046
"1970",2023-10-28 18:04:02.654,"df727c40-e518-4662-8fcf-5fd47728db4f",NA,"keep",800,0.93375,792,2023-10-28 18:09:09.007,2023-10-28 18:28:00.265,18.854300002257
"1970",2023-10-23 17:09:19.496,"0ba40bca-3218-41aa-aba4-bbd56eaacd4f",NA,"keep",800,0.89125,779,2023-10-23 17:10:50.905,2023-10-23 17:30:10.067,19.3193666656812
"1970",2023-10-25 12:34:10.635,"6fd84523-fd80-4b57-b42b-4bd4b2480957",NA,"keep",800,0.92375,793,2023-10-25 12:35:26.845,2023-10-25 12:55:57.629,20.5130666653315
"1970",2023-10-28 14:25:59.746,"3797f35e-0841-4414-9d97-7df682781fd9",NA,"keep",800,0.94125,787,2023-10-28 14:29:00.708,2023-10-28 14:50:55.386,21.911299999555
"1970",2023-10-28 14:51:06.635,"3992068a-d539-42aa-9e27-558ce7b7ee23",NA,"keep",800,0.8975,756,2023-10-28 14:54:09.894,2023-10-28 15:25:35.059,31.4194166660309
"1970",2023-10-23 16:59:09.619,"917426bb-60ce-41bb-8d4c-4f7fd3d4c853",NA,"keep",800,0.955,800,2023-10-23 17:01:06.409,2023-10-23 17:20:37.233,19.513733335336
"1970",2023-10-22 18:06:50.143,"62e24bd3-aa8e-4a00-8998-428c390e8665",NA,"keep",800,0.945,799,2023-10-22 18:08:29.366,2023-10-22 18:29:25.763,20.9399500012398
"1970",2023-10-23 18:15:24.016,"f007a56f-8d03-46c6-9620-3e763d35108d",NA,"keep",800,0.925,799,2023-10-23 18:17:27.898,2023-10-23 18:43:21.241,25.8890499989192
"1970",2023-10-23 15:50:52.238,"4608d013-a687-454b-95c5-18c503ae0c88",NA,"keep",800,0.94375,798,2023-10-23 15:52:41.845,2023-10-23 16:13:53.251,21.1900999983152
"1970",2023-10-23 16:56:36.224,"5e356645-610a-4d0f-b7e3-dc418c2961bc",NA,"keep",800,0.95,800,2023-10-23 16:58:12.063,2023-10-23 17:15:09.006,16.9490500013034
"1970",2023-10-28 10:54:18.744,"5e1e91d8-8ace-49e3-96ee-e135011eaddb",NA,"keep",800,0.96125,797,2023-10-28 10:58:37.846,2023-10-28 11:20:49.26,22.1902333339055
"1970",2023-10-23 14:08:56.268,"e39636d5-79be-4c84-bc65-93384b655f6b",NA,"keep",800,0.95375,796,2023-10-23 14:10:23.479,2023-10-23 14:33:39.868,23.2731499989827
"1970",2023-10-28 17:52:07.744,"e7f5ff44-9335-4d2e-8aa6-3387aa761af7",NA,"keep",800,0.97125,793,2023-10-28 17:54:55.569,2023-10-28 18:22:15.488,27.3319833318392
"1970",2023-10-22 17:54:55.583,"a30ec994-379c-4dac-aede-217cdaa7afc6",NA,"keep",800,0.9275,800,2023-10-22 17:56:57.425,2023-10-22 18:16:56.403,19.9829666694005
"1970",2023-10-23 22:28:05.183,"1f9ca783-93bf-4c42-a5c7-de2ed4be82d2",NA,"keep",800,0.8675,737,2023-10-23 22:29:17.974,2023-10-23 22:50:00.277,20.705049999555
"1970",2023-10-26 13:36:15.937,"b98fb817-f770-4dae-b0a1-ada489a0da83",NA,"keep",800,0.95125,799,2023-10-26 13:37:28.993,2023-10-26 13:56:50.877,19.3647333343824
"1970",2023-10-25 20:27:21.784,"951b2bbf-7464-44c8-bbed-cea858c55a11",NA,"keep",800,0.89875,791,2023-10-25 20:29:03.78,2023-10-25 20:48:10.616,19.1139333327611
"1970",2023-10-29 18:53:27.761,"43510c16-fb5b-4d83-9116-7d430722a7bd",NA,"keep",800,0.95125,797,2023-10-29 18:57:37.927,2023-10-29 19:18:30.273,20.8724333326022
"1970",2023-10-29 18:30:36.026,"2514cba1-466f-459e-b53c-2274521644ef",NA,"keep",800,0.9725,800,2023-10-29 18:32:48.572,2023-10-29 18:51:56.575,19.133383333683
"1970",2023-10-29 14:08:34.203,"2e354711-0c8b-47cc-91a1-072a1ec5f887",NA,"keep",800,0.96375,800,2023-10-29 14:10:11.545,2023-10-29 14:30:06.418,19.9145499984423
"1970",2023-10-29 19:26:12.45,"f3041a81-5b2a-4140-a881-ca073eaf72af",NA,"keep",800,0.90125,793,2023-10-29 19:28:08.97,2023-10-29 19:50:47.253,22.6380499998728
"1970",2023-10-29 20:22:31.314,"757bbf56-b45e-4d59-835c-258257a74a6d",NA,"keep",800,0.94875,790,2023-10-29 20:25:42.646,2023-10-29 20:50:20.772,24.635433336099
"1970",2023-10-29 17:46:39.48,"bb1937b6-da83-42c4-a353-f9745535c4c0",NA,"keep",800,0.93375,791,2023-10-29 17:47:58.798,2023-10-29 18:13:12.757,25.2326499978701
"1970",2023-10-29 19:46:42.104,"37d5b70c-1fa7-4855-b9bc-908886a21fd5",NA,"keep",800,0.96,796,2023-10-29 19:48:48.974,2023-10-29 20:09:56.614,21.1273333350817
"1970",2023-10-29 18:30:13.792,"305409dc-0dd2-43bf-9ec3-90b1c9f05614",NA,"keep",800,0.93125,787,2023-10-29 18:32:54.306,2023-10-29 18:56:39.091,23.7464166680972
"1970",2023-10-29 18:19:08.159,"05f4aef0-281e-4e40-93dc-7aa489bb8587",NA,"keep",800,0.91375,793,2023-10-29 18:20:59.073,2023-10-29 18:44:56.693,23.9603333353996
"1970",2023-10-29 19:44:41.631,"d6abfb39-a902-4d54-8c13-2a91adb932fa",NA,"keep",800,0.92375,800,2023-10-29 19:47:39.084,2023-10-29 20:09:25.873,21.7798166632652
"1970",2023-10-29 19:17:43.573,"652165c1-27dc-44fa-b390-beacee2f0410",NA,"keep",800,0.88375,782,2023-10-29 19:20:04.71,2023-10-29 19:47:41.03,27.6053333322207
"1970",2023-10-29 18:56:22.686,"bfaec8ad-5245-4516-b3af-99ef0df7cd73",NA,"keep",800,0.95125,799,2023-10-29 18:58:08.424,2023-10-29 19:20:04.832,21.9401333332062
"1970",2023-10-29 20:17:49.752,"66ad76d3-19fb-4b34-a6e0-04712c9a367d",NA,"keep",800,0.95125,800,2023-10-29 20:19:17.914,2023-10-29 20:37:01.906,17.733199997743
"1970",2023-10-29 15:08:16.743,"5400244c-5c07-4438-aaa1-938571f61089",NA,"keep",800,0.92625,784,2023-10-29 15:10:46.129,2023-10-29 15:39:02.86,28.2788499991099
"1970",2023-10-29 19:15:49.096,"ba63f554-f77f-426b-8b8e-9d8505c97d44",NA,"keep",800,0.9375,795,2023-10-29 19:18:06.791,2023-10-29 19:41:29.324,23.3755499998728
"1970",2023-10-29 18:10:40.161,"d66ae4f3-21d9-43e9-84dd-6715d645a282",NA,"exclude",800,0.6275,793,2023-10-29 18:12:23.417,2023-10-29 18:24:40.808,12.2898500005404
"1970",2023-10-29 22:27:35.569,"7a617c26-6928-4087-b578-a5de955dce37",NA,"keep",800,0.85125,799,2023-10-29 22:29:27.696,2023-10-29 22:50:29.897,21.0366833329201
"1970",2023-10-29 21:27:03.752,"4b30bc12-69c1-4af4-b62c-c2e8d470eb6b",NA,"keep",800,0.885,791,2023-10-29 21:28:44.903,2023-10-29 21:48:40.417,19.9252333323161
"1970",2023-10-29 18:24:40.202,"25bf1b4a-9a8b-491d-bb84-7cf356387b1d",NA,"keep",800,0.98125,799,2023-10-29 18:26:07.215,2023-10-29 18:48:19.821,22.2101000030835
"1970",2023-10-29 18:19:55.819,"429f14cb-b322-40d6-9d61-69fa779a909e",NA,"keep",800,0.9125,791,2023-10-29 18:21:50.637,2023-10-29 18:45:22.696,23.534316666921
"1970",2023-10-29 19:10:38.112,"0eaeb81e-e1a4-476a-9b43-abe648eaa16f",NA,"keep",800,0.9075,799,2023-10-29 19:13:21.108,2023-10-29 19:37:47.071,24.4327166676521
"1970",2023-10-29 14:49:25.351,"52dfd2ae-207c-4652-9a76-173ef4b70742",NA,"keep",800,0.95375,793,2023-10-29 14:51:11.568,2023-10-29 15:09:55.265,18.7282833337784
"1970",2023-10-29 20:40:26.699,"8db57e3c-7dd2-4d3e-b643-8d60f91eab08",NA,"keep",800,0.94,797,2023-10-29 20:42:14.685,2023-10-29 21:03:15.18,21.0082500020663
"1970",2023-10-29 18:49:12.157,"40199302-6d94-4318-a437-737c09f31dad",NA,"keep",800,0.93375,793,2023-10-29 18:50:25.341,2023-10-29 19:08:40.044,18.2450499971708
"1970",2023-10-29 19:44:10.849,"0bf2b198-2e33-4e46-93e7-54e98d7dcdef",NA,"keep",800,0.90375,796,2023-10-29 19:45:51.437,2023-10-29 20:05:40.031,19.8098999977112
"1970",2023-10-29 19:05:41.694,"02dcaf1c-59a4-4216-94e6-6cd9b1304999",NA,"keep",800,0.89125,800,2023-10-29 19:07:36.261,2023-10-29 19:24:59.26,17.3833166678747
"1970",2023-10-29 11:25:04.067,"ba266efd-3444-4902-baba-09437f344406",NA,"keep",800,0.84875,710,2023-10-29 11:27:11.003,2023-10-29 12:00:08.067,32.9510666648547
"1970",2023-10-29 13:51:36.521,"c62bf210-1f2f-435c-aa17-f294c363d4e3",NA,"keep",800,0.935,794,2023-10-29 13:53:08.326,2023-10-29 14:19:22.076,26.2291666666667
"1970",2023-10-29 20:48:12.438,"4fe87ca7-077b-4d4d-a53f-920a13f393fd",NA,"keep",800,0.93,787,2023-10-29 20:53:00.573,2023-10-29 21:17:04.219,24.0607666691144
"1970",2023-10-29 17:29:25.661,"129f9e3d-0d72-4184-b5f6-5a40e9e8344c",NA,"keep",800,0.94625,800,2023-10-29 17:31:04.78,2023-10-29 17:48:01.954,16.9529000004133
"1970",2023-10-29 16:04:54.409,"05f2f332-c0b4-4337-966e-b17f68d26987",NA,"keep",800,0.95125,791,2023-10-29 16:07:11.196,2023-10-29 16:32:47.71,25.6085666656494
"1970",2023-10-29 12:44:34.199,"f063f6df-6ab3-40c9-8718-d186a653883e",NA,"keep",800,0.94,795,2023-10-29 12:46:17.476,2023-10-29 13:07:41.133,21.3942833304405
"1970",2023-10-29 14:59:29.723,"ef66031f-962a-4b8d-ad87-2f9312c832e6",NA,"keep",800,0.9175,788,2023-10-29 15:01:21.67,2023-10-29 15:22:39.229,21.2926500002543
"1970",2023-10-29 16:17:54.704,"b7c6787c-f262-49db-9663-eb16052cbb12",NA,"keep",800,0.9375,799,2023-10-29 16:19:20.463,2023-10-29 16:35:50.654,16.503183333079
"1970",2023-10-29 17:22:31.729,"1044bbeb-2efe-468c-bb0d-ed4bda47754b",NA,"keep",800,0.97625,800,2023-10-29 17:25:15.799,2023-10-29 17:45:00.063,19.7377333323161
"1970",2023-10-29 17:14:05.602,"9bdf995a-1fb0-4112-96c2-8526955549b8",NA,"keep",800,0.94375,797,2023-10-29 17:15:38.951,2023-10-29 17:34:37.103,18.9691999991735
"1970",2023-10-29 10:40:19.745,"dee5b75d-4122-434a-b891-6639dc1409b9",NA,"keep",800,0.94875,799,2023-10-29 10:42:32.393,2023-10-29 11:00:53.851,18.3576333363851
"1970",2023-10-29 17:59:59.297,"86e1ad24-3c91-4efd-8b93-9e56710b5e8e",NA,"keep",800,0.95875,791,2023-10-29 18:01:12.891,2023-10-29 18:23:11.55,21.9776499986649
"1970",2023-10-29 16:28:37.802,"aa43b34d-da7d-4479-b4ab-7813405d0d5d",NA,"keep",800,0.88,778,2023-10-29 16:29:35.681,2023-10-29 16:52:50.733,23.2508666674296
"1970",2023-10-29 13:57:30.065,"88a0b6d8-64cf-4dc0-a774-19ea11e0201b",NA,"keep",800,0.9425,783,2023-10-29 13:59:19.75,2023-10-29 14:24:52.805,25.5509166677793
"1970",2023-10-29 11:22:01.201,"6468f05b-d151-4324-875b-12ce561ae05f",NA,"keep",800,0.95625,798,2023-10-29 11:23:39.33,2023-10-29 11:44:38.768,20.9906333327293
"1970",2023-10-29 18:09:24.464,"441555d4-9a8f-4f90-9179-c3cb4e3c15bd",NA,"exclude",800,0.745,765,2023-10-29 18:14:50.768,2023-10-29 18:41:35.968,26.7533333341281
"1970",2023-10-29 19:05:11.726,"1e8e6a3c-3eda-4aa5-9017-80615d4996e2",NA,"keep",800,0.8575,705,2023-10-29 19:06:53.613,2023-10-29 19:35:52.959,28.9891000032425
"1970",2023-10-29 17:53:33.33,"a4a36096-7e4c-482c-8283-0f608236b3df",NA,"keep",800,0.9725,798,2023-10-29 17:55:50.324,2023-10-29 18:16:41.332,20.8501333355904
"1970",2023-10-29 19:41:46.581,"2a9fd7ab-5113-4e27-a9ff-d4ce1f9313d9",NA,"keep",800,0.93,781,2023-10-29 19:42:44.654,2023-10-29 20:09:19.803,26.5858166654905
"1970",2023-10-29 14:22:55.508,"1f0e1183-7efa-4e06-be5c-06e467249434",NA,"keep",800,0.90375,787,2023-10-29 14:24:34.354,2023-10-29 14:48:38.92,24.0760999997457
"1970",2023-10-29 15:50:39.333,"945a2874-8b04-4a92-8e38-3a3c1b9f294d",NA,"keep",800,0.85625,781,2023-10-29 15:52:33.37,2023-10-29 16:15:14.676,22.6884333372116
"1970",2023-10-29 12:06:27.972,"3a070467-9818-4f23-95a3-396d3beb77be",NA,"keep",800,0.955,797,2023-10-29 12:10:00.617,2023-10-29 12:34:05.26,24.0773833314578
"1970",2023-10-29 20:34:36.385,"378cd8ea-b788-4cc7-8b27-0fa79a380c35",NA,"keep",800,0.9725,795,2023-10-29 20:37:38.301,2023-10-29 20:56:38.23,18.9988166650136
"1970",2023-10-18 07:42:46.305,"b034feac-2c00-4755-83a2-8d8a153eccdc",NA,"keep",800,0.9725,798,2023-10-18 07:44:45.099,2023-10-29 13:57:42.498,16212.9566499988
"1970",2023-11-06 12:36:47.964,"6fb05213-bd42-43c2-89ea-0c2f72ee5abc",NA,"exclude",800,0.5025,800,2023-11-06 12:37:51.237,2023-11-06 12:46:39.145,8.79846666653951
"1970",2023-11-06 13:13:50.339,"681f9155-9e6b-44f8-a4b4-10d7ce70b771",NA,"keep",789,0.894803548795944,789,2023-11-06 13:15:28.577,2023-11-06 13:31:07.863,15.6547666668892
"1970",2023-11-13 16:00:17.415,"789a7832-8fa7-4b76-a1c2-d6b14953576b",NA,"exclude",800,0.7925,783,2023-11-13 16:02:51.347,2023-11-13 16:28:50.718,25.989516667525
"1970",2023-11-16 18:49:56.181,"b07c26ad-3aa8-4cc5-8d88-15afa5d8da98",NA,"keep",800,0.96,798,2023-11-16 18:51:26.912,2023-11-16 19:11:23.372,19.9410000006358
"1970",2023-11-13 18:00:36.126,"46c439df-1ca2-4548-9ad4-47414ef6d1fa",NA,"keep",800,0.97125,793,2023-11-13 18:03:03.887,2023-11-13 18:23:32.993,20.4850999991099
"1970",2023-11-14 10:42:56.477,"c02269a2-7e4d-4a54-bdd4-6d0a2181f82e",NA,"keep",800,0.94125,795,2023-11-14 10:45:10.969,2023-11-14 11:07:15.618,22.0774833321571
"1970",2023-11-17 21:09:45.139,"cc8fe4f1-7c8e-4fcb-877b-a133a8bf5eff",NA,"keep",800,0.94125,799,2023-11-17 21:11:14.88,2023-11-17 21:29:10.524,17.9273999969165
"1970",2023-11-16 19:11:01.294,"770fee20-dc20-4822-8539-c0c32674397c",NA,"keep",800,0.9725,796,2023-11-16 19:12:17.575,2023-11-16 19:29:48.226,17.5108500003815
"1970",2023-11-14 14:19:04.971,"2b97c6f5-55cd-425f-a509-3efcd882f245",NA,"keep",800,0.97,794,2023-11-14 14:20:50.803,2023-11-14 14:42:51.249,22.0074333349864
"1970",2023-11-13 23:06:57.74,"c9ac9621-7383-4885-b75c-b99515cee498",NA,"keep",800,0.87625,798,2023-11-13 23:08:29.203,2023-11-13 23:28:34.971,20.0961333314578
"1970",2023-11-17 15:15:34.376,"a8be33e7-25e1-42de-90f9-04a4fc6b25cd",NA,"keep",800,0.81375,776,2023-11-17 15:17:14.535,2023-11-17 15:39:28.325,22.2298333326975
"1970",2023-11-15 21:07:23.362,"a9937d02-671b-4d2d-b89a-42bd1f331a5d",NA,"keep",800,0.96875,790,2023-11-15 21:09:19.885,2023-11-15 21:39:34.426,30.2423500021299
"1970",2023-11-17 13:32:32.47,"f44df511-1e5e-4943-956a-21d0a7296a27",NA,"keep",800,0.9775,794,2023-11-17 13:34:47.95,2023-11-17 14:00:58.232,26.1713666677475
"1970",2023-11-16 17:01:59.18,"67b8f6ba-8d63-4bcf-8d50-910bb7ca3dcb",NA,"keep",800,0.98,799,2023-11-16 17:03:44.231,2023-11-16 17:27:57.476,24.2207500020663
"1970",2023-11-16 16:44:04.734,"99b51d11-5deb-423b-88e4-d5edb5a19328",NA,"keep",800,0.8825,800,2023-11-16 16:47:50.576,2023-11-16 17:09:09.465,21.3148166656494
"1970",2023-11-17 08:51:59.305,"dc070671-26ee-4c69-9728-27f658caae85",NA,"keep",800,0.96125,793,2023-11-17 08:54:31.398,2023-11-17 09:20:54.906,26.3917999982834
"1970",2023-11-14 19:21:28.376,"140003ca-7a0b-4e40-823a-b5cf2ed51019",NA,"keep",800,0.94875,794,2023-11-14 19:24:13.559,2023-11-14 19:51:13.185,26.9937666654587
"1970",2023-11-17 12:38:24.613,"eb9c3226-5231-419a-8e70-922bbb17cdb5",NA,"keep",800,0.9225,787,2023-11-17 12:41:39.208,2023-11-17 13:09:25.289,27.7680166681608
"1970",2023-11-16 16:40:12.281,"cb24a40b-b41b-4b15-b1a0-e27e144a8e89",NA,"keep",800,0.93,792,2023-11-16 16:42:31.695,2023-11-16 17:07:44.584,25.2148166696231
