"url_lab","timestamp","uuid"
"1531",2022-08-10 07:11:54,"b07a60ed-3353-4c09-8624-709defd620f9"
"1531",2022-08-12 06:06:13,"809aa300-2426-4a76-bc1f-4b7d1edb757d"
"1531",2022-08-10 07:11:45,"74ed06be-92d0-4862-87b9-b5171b0caf36"
"1531",2022-08-11 02:11:32,"9ccd94cb-e519-4097-9612-e04872bb7fc6"
"1531",2022-08-11 02:17:39,"35a05a7b-fbd4-41fe-aca3-e189b3da23b8"
"1531",2022-08-10 08:05:51,"97b5b780-5919-4dda-bdb8-4a2007825fa9"
"1531",2022-08-12 06:06:02,"33f6b867-e101-46a6-aa56-ede70095f4b8"
"1531",2022-08-09 08:53:40,"1cd50cd3-1c51-4031-8e02-5a61fec51cd4"
"1531",2022-08-12 06:08:23,"890755f7-cf22-4d35-88bf-e4f862734297"
"1531",2022-08-10 08:05:33,"be3c73e3-0500-4441-9b15-de3dee6ed8fe"
"1531",2022-08-02 23:38:05,"08c54ec3-d8bd-491e-9c46-26d18c448007"
"1531",2022-08-11 03:02:45,"4c1a6bba-05fb-4f61-9353-6db5d53bfa67"
"1531",2022-08-10 07:10:39,"4246c2c1-8235-469d-9f46-6197cd941237"
"1531",2022-08-11 02:11:13,"22f7c203-11e7-4063-97e3-8e279201a403"
"1531",2022-08-11 02:10:11,"8232f830-9747-4224-85ec-f3c7f791e599"
"1531",2022-08-10 11:02:28,"fec2817f-20db-4078-8eb9-cd248453a70f"
"1531",2022-08-10 08:05:20,"c4c7c65b-347c-4505-818d-3c6f81344052"
"1531",2022-08-11 02:11:10,"a0825799-0d74-41ce-b373-c5daa76d943a"
"1531",2022-08-10 07:10:42,"3ec67df7-ac10-4cf7-8148-6ff5bb38052f"
"1531",2022-08-11 02:11:15,"84b59cb3-040c-4f6e-b50b-f9e5e3b013bd"
"1531",2022-08-11 03:02:13,"c8b14c09-bc93-4fdf-a113-19f5095bb276"
"1531",2022-08-11 03:02:45,"6277df5f-74c3-44d7-b8fc-eeb751e4785f"
"1531",2022-08-11 02:10:28,"8a2d1497-5c83-45de-aaa9-eab523573cb5"
"1531",2022-08-02 23:32:13,"627eb6ae-891b-4c69-a814-c770df32f904"
"1531",2022-08-10 07:11:17,"f5f4eba7-7fb5-4dbb-aac2-bb7df02c3937"
"1531",2022-08-12 06:18:37,"f47de591-70c5-4919-81a7-7e7aa24b001e"
"1531",2022-08-11 03:04:24,"bce74527-5674-47ef-a922-15df58ecd146"
"1531",2022-08-10 07:10:41,"91e21417-a745-41fd-8d72-a7be16306067"
"1531",2022-08-10 07:10:42,"7a0448fc-d017-42b7-8681-48ca66659d80"
"1531",2022-08-12 05:51:33,"e220b587-fa3b-4e24-b5a1-ea0127b0c274"
"1531",2022-08-11 03:02:11,"789a7f72-bb93-4d27-8094-4c336357c34e"
"1531",2022-08-10 09:47:14,"c5cf6fb7-2ff5-4347-9e89-c36ee3c7b780"
"1531",2022-08-12 06:11:10,"91ce9cf8-7735-4929-88fa-b16ba04ebdc6"
"1531",2022-08-10 07:10:59,"4727eaf2-2728-4f97-9ea7-ecdaf1e1514e"
"1531",2022-08-12 06:07:21,"ade500cf-5209-4207-b52f-2196064213b9"
"1531",2022-08-10 07:11:19,"8490a2aa-c975-4de5-a940-37296f596a44"
"1531",2022-08-10 08:07:57,"1ac9ff92-380e-47e2-977b-2b685124d335"
"1531",2022-08-10 07:11:07,"cc07f08f-367a-4b8f-b0e9-c035f33a437e"
"1531",2022-08-12 06:38:40,"1a25b6fb-5147-446a-b55d-d81a1da4c94a"
"1531",2022-08-11 02:11:21,"9685dd53-d995-4571-ad6f-eb49b8b4fe7b"
"1531",2022-08-11 03:02:25,"c92f1a12-a64b-4442-aa86-ceaff53eb7e6"
"1531",2022-08-11 02:10:55,"c6e23069-0047-4bdb-8f8c-b82adb2f36b5"
"1531",2022-08-10 08:06:43,"bcc0da04-2fe0-44d2-b4e7-f74b1c209cbc"
"1531",2022-08-12 06:10:18,"22bdebc2-5e1e-4f2d-9798-09815354099f"
"1531",2022-08-10 08:05:12,"91028b14-bd6a-4b72-b11f-23a0d9a4f866"
"1531",2022-08-10 07:11:08,"e69544d4-530c-40f0-aa77-588f9772ff28"
"1531",2022-08-11 02:11:23,"279de747-3851-432e-8d92-2fae36f79e1d"
"1531",2022-08-11 02:11:08,"79efa34a-1b61-40a8-a677-1c2754bb75cc"
"1531",2022-08-11 02:11:04,"57ce2dbf-d134-4919-af4b-0cb7d77b6ffd"
"1531",2022-08-11 03:02:14,"9d30dccc-3522-47c3-839f-74dee0d7d078"
"1531",2022-08-10 07:11:12,"046dc4fa-ce95-46d2-aa18-015c2247f1f7"
"1531",2022-08-11 02:11:01,"332a7f26-cc32-4c1e-81c4-18505669618c"
"1531",2022-08-11 02:12:14,"ce532699-318a-40fe-9748-4a38dcc00c4a"
"1531",2022-08-12 06:09:48,"acd4932d-a9a6-4ecc-b9f7-04ed0ea526ab"
"1531",2022-08-11 02:11:30,"ea30113c-e0b6-4d7b-8a82-87ce9364fbc2"
"1531",2022-08-11 02:11:52,"32e7a5de-ef11-4f6f-af02-4490140c4072"
"1531",2022-08-10 07:10:40,"80665f46-a8dc-442c-a54b-048218200c14"
"1531",2022-08-11 03:03:24,"1e76d426-6aed-4fcd-b023-3be26df10da1"
"1531",2022-08-10 07:11:31,"988e1154-e6b7-481a-9a81-543d4b4ecf7e"
"1531",2022-08-11 03:02:49,"4a3d6a5e-f129-4c69-81c4-21b95aeb87b7"
"1531",2022-08-10 08:05:33,"608e5f8b-9ea6-4aa7-b37a-2fd3798dc3c0"
"1531",2022-08-10 08:06:23,"0aa865f7-2bc8-48ad-b0f8-8cd6146b871c"
"1531",2022-08-11 03:03:28,"525c8856-b9b8-4b42-a124-00e2d3950f0d"
"1531",2022-08-10 07:10:47,"796327b1-156b-45c1-b42e-309295715828"
"1531",2022-08-11 02:10:57,"08891a47-1944-471d-af6a-5bc17efdf545"
"1531",2022-08-11 02:11:26,"8c3dfa47-fd00-4b9a-8a34-eb942439fa1d"
"1531",2022-08-12 06:08:01,"a6f37ba9-b126-40ae-b379-1393cf734aab"
"1531",2022-08-11 03:02:28,"7baf6763-c58c-46da-b8a1-3eb2da8ab7b4"
"1531",2022-08-11 03:02:21,"7448c5a6-487f-443b-b495-4f8fcb0a40b1"
"1531",2022-08-10 07:11:32,"d11e7d5e-037e-473e-912d-b59a23aa8ea1"
"1531",2022-08-11 02:10:42,"d13f06f0-33df-4d75-9e53-bf76009eb5cb"
"1531",2022-08-11 02:11:00,"0fbe7f34-3bfd-4390-90fe-3b4f9ec68c5c"
"1531",2022-08-11 02:11:27,"2bbb6f4b-5f23-4f96-9a22-bed90da018c3"
"1531",2022-08-10 07:10:44,"d9b409c2-1ee9-475c-8562-7e43ace83367"
"1531",2022-08-17 02:14:22,"8af11fb2-7a6a-42ed-a4ab-0ac848c169da"
"1531",2022-08-11 02:10:45,"23948675-a4a0-474f-92de-aa456148ef85"
"1531",2022-08-10 07:13:30,"cebfc3dd-bbf6-4a99-90ee-95f52439583e"
"1531",2022-08-10 07:13:15,"daaf390c-4f78-4425-8b98-df79118775f2"
"1531",2022-08-10 07:11:12,"33fbcaa8-86b9-42a2-9cfa-5b1e8edc71d3"
"1531",2022-08-11 02:10:53,"d1d26b0a-4dfe-44ab-9b6e-79e7b2626e34"
"1531",2022-08-10 08:06:15,"ca14ada9-1ee3-408e-90b2-52402468eb1b"
"1531",2022-08-10 07:11:27,"ce5bff08-4f0c-4659-adaa-4acddb6fdd35"
"1531",2022-08-11 02:36:05,"2b22a7d1-c46f-4959-a852-2e897ef27b8f"
"1531",2022-08-11 02:10:23,"36a6e82a-cf64-4769-b5e6-241628706f19"
"1531",2022-08-12 06:09:27,"92fedba7-f193-4f38-8dca-e78e9377eefb"
"1531",2022-08-10 07:11:37,"0133da1e-ff53-4180-9ffe-3a0a8432a023"
"1531",2022-08-10 08:06:55,"4050c622-e126-492e-8692-27e0eda95f89"
"1531",2022-08-12 06:10:36,"bffd6590-4fca-4958-8649-4d76f3a0f8a9"
"1531",2022-08-10 07:12:42,"f6bb0002-4977-435b-8a85-d3609573eb42"
"1531",2022-08-10 07:13:33,"df95e5c2-7de0-4e52-acbd-c24f2582ca36"
"1531",2022-08-11 02:15:32,"177fe5e2-80a2-4b04-a99d-b99f9b66340d"
"1531",2022-08-11 03:01:58,"5e518da3-0bf9-44a9-a717-207628c3cc0f"
"1531",2022-08-10 07:10:31,"da9712b6-9be2-490b-8169-51e7feb7ba16"
"1531",2022-08-12 06:11:27,"d8d6a762-e7a5-4345-9065-db03cd226c98"
"1531",2022-08-10 07:12:24,"257d6e6a-19eb-4134-8a7a-9cae56f4bc9a"
"1531",2022-08-10 07:10:27,"4dd216e0-b82b-4a1d-b3f6-9b263ea428f2"
"1531",2022-08-12 06:09:28,"1034ba1e-8848-4d67-93c5-892a92ca9934"
"1531",2022-08-11 03:01:55,"459f2410-780e-4758-91bf-5ae42a6204d7"
"1531",2022-08-11 03:02:31,"36fe720a-24fb-4bf4-813c-e2298221ad7d"
"1531",2022-08-10 07:11:41,"f3219508-8820-45c1-85dd-e077eedc2502"
"1531",2022-08-10 08:06:16,"610688db-9559-434f-bc69-26cb491a54be"
"1531",2022-08-11 03:03:10,"2dda8cef-ca22-40de-96aa-6de08f8f222b"
"1531",2022-08-10 07:13:34,"e95f1e5e-98ed-488b-a66b-4bdde4faaf17"
"1531",2022-08-10 08:12:02,"eaf8632a-8ffb-4d95-977c-8a1d94e07c1e"
"1531",2022-08-10 07:12:59,"55eeb6fe-6cef-47ca-b828-c6c15e7bd342"
