sender_id,fix_sender
5_0_0_1,05_00_00_1
5_0_1_1,05_00_01_1
5_0_2_1,05_00_02_1
5_0_3_1,05_00_03_1
5_0_4_1,05_00_04_1
5_0_5_1,05_00_05_1
5_0_6_1,05_00_06_1
5_0_7_1,05_00_07_1
5_0_8_1,05_00_08_1
5_0_9_1,05_00_09_1
5_0_10_1,05_00_10_1
5_0_11_1,05_00_11_1
5_0_12_1,05_00_12_1
5_0_13_1,05_00_13_1
5_0_14_1,05_00_14_1
5_0_15_1,05_00_15_1
5_0_16_1,05_00_16_1
5_0_17_1,05_00_17_1
5_0_18_1,05_00_18_1
5_0_19_1,05_00_19_1
5_0_20_1,05_00_20_1
5_0_21_1,05_00_21_1
5_0_22_1,05_00_22_1
5_0_23_1,05_00_23_1
5_0_24_1,05_00_24_1
5_0_25_1,05_00_25_1
5_0_26_1,05_00_26_1
5_0_27_1,05_00_27_1
5_0_28_1,05_00_28_1
5_0_29_1,05_00_29_1
5_0_30_1,05_00_30_1
5_0_31_1,05_00_31_1
5_0_32_1,05_00_32_1
5_0_33_1,05_00_33_1
5_0_34_1,05_00_34_1
5_0_35_1,05_00_35_1
5_0_36_1,05_00_36_1
5_0_37_1,05_00_37_1
5_0_38_1,05_00_38_1
5_0_39_1,05_00_39_1
5_0_40_1,05_00_40_1
5_0_41_1,05_00_41_1
5_0_42_1,05_00_42_1
5_0_43_1,05_00_43_1
5_0_44_1,05_00_44_1
5_0_45_1,05_00_45_1
5_0_46_1,05_00_46_1
5_0_47_1,05_00_47_1
5_0_48_1,05_00_48_1
5_0_49_1,05_00_49_1
5_0_50_1,05_00_50_1
5_0_51_1,05_00_51_1
5_0_52_1,05_00_52_1
5_0_53_1,05_00_53_1
5_0_54_1,05_00_54_1
5_0_55_1,05_00_55_1
5_0_56_1,05_00_56_1
5_0_57_1,05_00_57_1
5_0_58_1,05_00_58_1
5_0_59_1,05_00_59_1
5_0_60_1,05_00_60_1
5_0_61_1,05_00_61_1
5_0_62_1,05_00_62_1
5_0_63_1,05_00_63_1
5_0_64_1,05_00_64_1
5_0_65_1,05_00_65_1
5_0_66_1,05_00_66_1
5_0_67_1,05_00_67_1
5_0_68_1,05_00_68_1
5_0_69_1,05_00_69_1
5_0_70_1,05_00_70_1
5_0_71_1,05_00_71_1
5_0_72_1,05_00_72_1
5_0_73_1,05_00_73_1
5_0_74_1,05_00_74_1
5_0_75_1,05_00_75_1
5_0_76_1,05_00_76_1
5_0_77_1,05_00_77_1
5_0_78_1,05_00_78_1
5_0_79_1,05_00_79_1
5_0_80_1,05_00_80_1
5_0_81_1,05_00_81_1
5_0_82_1,05_00_82_1
5_0_83_1,05_00_83_1
5_0_84_1,05_00_84_1
5_0_85_1,05_00_85_1
5_0_86_1,05_00_86_1
5_0_87_1,05_00_87_1
5_0_88_1,05_00_88_1
5_0_89_1,05_00_89_1
5_0_90_1,05_00_90_1
5_0_91_1,05_00_91_1
5_0_92_1,05_00_92_1
5_0_93_1,05_00_93_1
5_0_94_1,05_00_94_1
5_0_95_1,05_00_95_1
5_0_96_1,05_00_96_1
5_0_97_1,05_00_97_1
5_0_98_1,05_00_98_1
5_0_99_1,05_00_99_1
7_0_0_1,07_00_00_1
7_0_1_1,07_00_01_1
7_0_2_1,07_00_02_1
7_0_3_1,07_00_03_1
7_0_4_1,07_00_04_1
7_0_5_1,07_00_05_1
7_0_6_1,07_00_06_1
7_0_7_1,07_00_07_1
7_0_8_1,07_00_08_1
7_0_9_1,07_00_09_1
7_0_10_1,07_00_10_1
7_0_11_1,07_00_11_1
7_0_12_1,07_00_12_1
7_0_13_1,07_00_13_1
7_0_14_1,07_00_14_1
7_0_15_1,07_00_15_1
7_0_16_1,07_00_16_1
7_0_17_1,07_00_17_1
7_0_18_1,07_00_18_1
7_0_19_1,07_00_19_1
7_0_20_1,07_00_20_1
7_0_21_1,07_00_21_1
7_0_22_1,07_00_22_1
7_0_23_1,07_00_23_1
7_0_24_1,07_00_24_1
7_0_25_1,07_00_25_1
7_0_26_1,07_00_26_1
7_0_27_1,07_00_27_1
7_0_28_1,07_00_28_1
7_0_29_1,07_00_29_1
7_0_30_1,07_00_30_1
7_0_31_1,07_00_31_1
7_0_32_1,07_00_32_1
7_0_33_1,07_00_33_1
7_0_34_1,07_00_34_1
7_0_35_1,07_00_35_1
7_0_36_1,07_00_36_1
7_0_37_1,07_00_37_1
7_0_38_1,07_00_38_1
7_0_39_1,07_00_39_1
7_0_40_1,07_00_40_1
7_0_41_1,07_00_41_1
7_0_42_1,07_00_42_1
7_0_43_1,07_00_43_1
7_0_44_1,07_00_44_1
7_0_45_1,07_00_45_1
7_0_46_1,07_00_46_1
7_0_47_1,07_00_47_1
7_0_48_1,07_00_48_1
7_0_49_1,07_00_49_1
7_0_50_1,07_00_50_1
7_0_51_1,07_00_51_1
7_0_52_1,07_00_52_1
7_0_53_1,07_00_53_1
7_0_54_1,07_00_54_1
7_0_55_1,07_00_55_1
7_0_56_1,07_00_56_1
7_0_57_1,07_00_57_1
7_0_58_1,07_00_58_1
7_0_59_1,07_00_59_1
7_0_60_1,07_00_60_1
7_0_61_1,07_00_61_1
7_0_62_1,07_00_62_1
7_0_63_1,07_00_63_1
7_0_64_1,07_00_64_1
7_0_65_1,07_00_65_1
7_0_66_1,07_00_66_1
7_0_67_1,07_00_67_1
7_0_68_1,07_00_68_1
7_0_69_1,07_00_69_1
7_0_70_1,07_00_70_1
7_0_71_1,07_00_71_1
7_0_72_1,07_00_72_1
7_0_73_1,07_00_73_1
7_0_74_1,07_00_74_1
7_0_75_1,07_00_75_1
7_0_76_1,07_00_76_1
7_0_77_1,07_00_77_1
7_0_78_1,07_00_78_1
7_0_79_1,07_00_79_1
7_0_80_1,07_00_80_1
7_0_81_1,07_00_81_1
7_0_82_1,07_00_82_1
7_0_83_1,07_00_83_1
7_0_84_1,07_00_84_1
7_0_85_1,07_00_85_1
7_0_86_1,07_00_86_1
7_0_87_1,07_00_87_1
7_0_88_1,07_00_88_1
7_0_89_1,07_00_89_1
7_0_90_1,07_00_90_1
7_0_91_1,07_00_91_1
7_0_92_1,07_00_92_1
7_0_93_1,07_00_93_1
7_0_94_1,07_00_94_1
7_0_95_1,07_00_95_1
7_0_96_1,07_00_96_1
7_0_97_1,07_00_97_1
7_0_98_1,07_00_98_1
7_0_99_1,07_00_99_1
9_0_0_1,09_00_00_1
9_0_1_1,09_00_01_1
9_0_2_1,09_00_02_1
9_0_3_1,09_00_03_1
9_0_4_1,09_00_04_1
9_0_5_1,09_00_05_1
9_0_6_1,09_00_06_1
9_0_7_1,09_00_07_1
9_0_8_1,09_00_08_1
9_0_9_1,09_00_09_1
9_0_10_1,09_00_10_1
9_0_11_1,09_00_11_1
9_0_12_1,09_00_12_1
9_0_13_1,09_00_13_1
9_0_14_1,09_00_14_1
9_0_15_1,09_00_15_1
9_0_16_1,09_00_16_1
9_0_17_1,09_00_17_1
9_0_18_1,09_00_18_1
9_0_19_1,09_00_19_1
9_0_20_1,09_00_20_1
9_0_21_1,09_00_21_1
9_0_22_1,09_00_22_1
9_0_23_1,09_00_23_1
9_0_24_1,09_00_24_1
9_0_25_1,09_00_25_1
9_0_26_1,09_00_26_1
9_0_27_1,09_00_27_1
9_0_28_1,09_00_28_1
9_0_29_1,09_00_29_1
9_0_30_1,09_00_30_1
9_0_31_1,09_00_31_1
9_0_32_1,09_00_32_1
9_0_33_1,09_00_33_1
9_0_34_1,09_00_34_1
9_0_35_1,09_00_35_1
9_0_36_1,09_00_36_1
9_0_37_1,09_00_37_1
9_0_38_1,09_00_38_1
9_0_39_1,09_00_39_1
9_0_40_1,09_00_40_1
9_0_41_1,09_00_41_1
9_0_42_1,09_00_42_1
9_0_43_1,09_00_43_1
9_0_44_1,09_00_44_1
9_0_45_1,09_00_45_1
9_0_46_1,09_00_46_1
9_0_47_1,09_00_47_1
9_0_48_1,09_00_48_1
9_0_49_1,09_00_49_1
9_0_50_1,09_00_50_1
9_0_51_1,09_00_51_1
9_0_52_1,09_00_52_1
9_0_53_1,09_00_53_1
9_0_54_1,09_00_54_1
9_0_55_1,09_00_55_1
9_0_56_1,09_00_56_1
9_0_57_1,09_00_57_1
9_0_58_1,09_00_58_1
9_0_59_1,09_00_59_1
9_0_60_1,09_00_60_1
9_0_61_1,09_00_61_1
9_0_62_1,09_00_62_1
9_0_63_1,09_00_63_1
9_0_64_1,09_00_64_1
9_0_65_1,09_00_65_1
9_0_66_1,09_00_66_1
9_0_67_1,09_00_67_1
9_0_68_1,09_00_68_1
9_0_69_1,09_00_69_1
9_0_70_1,09_00_70_1
9_0_71_1,09_00_71_1
9_0_72_1,09_00_72_1
9_0_73_1,09_00_73_1
9_0_74_1,09_00_74_1
9_0_75_1,09_00_75_1
9_0_76_1,09_00_76_1
9_0_77_1,09_00_77_1
9_0_78_1,09_00_78_1
9_0_79_1,09_00_79_1
9_0_80_1,09_00_80_1
9_0_81_1,09_00_81_1
9_0_82_1,09_00_82_1
9_0_83_1,09_00_83_1
9_0_84_1,09_00_84_1
9_0_85_1,09_00_85_1
9_0_86_1,09_00_86_1
9_0_87_1,09_00_87_1
9_0_88_1,09_00_88_1
9_0_89_1,09_00_89_1
9_0_90_1,09_00_90_1
9_0_91_1,09_00_91_1
9_0_92_1,09_00_92_1
9_0_93_1,09_00_93_1
9_0_94_1,09_00_94_1
9_0_95_1,09_00_95_1
9_0_96_1,09_00_96_1
9_0_97_1,09_00_97_1
9_0_98_1,09_00_98_1
9_0_99_1,09_00_99_1
11_0_0_1,11_00_00_1
11_0_1_1,11_00_01_1
11_0_2_1,11_00_02_1
11_0_3_1,11_00_03_1
11_0_4_1,11_00_04_1
11_0_5_1,11_00_05_1
11_0_6_1,11_00_06_1
11_0_7_1,11_00_07_1
11_0_8_1,11_00_08_1
11_0_9_1,11_00_09_1
11_0_10_1,11_00_10_1
11_0_11_1,11_00_11_1
11_0_12_1,11_00_12_1
11_0_13_1,11_00_13_1
11_0_14_1,11_00_14_1
11_0_15_1,11_00_15_1
11_0_16_1,11_00_16_1
11_0_17_1,11_00_17_1
11_0_18_1,11_00_18_1
11_0_19_1,11_00_19_1
11_0_20_1,11_00_20_1
11_0_21_1,11_00_21_1
11_0_22_1,11_00_22_1
11_0_23_1,11_00_23_1
11_0_24_1,11_00_24_1
11_0_25_1,11_00_25_1
11_0_26_1,11_00_26_1
11_0_27_1,11_00_27_1
11_0_28_1,11_00_28_1
11_0_29_1,11_00_29_1
11_0_30_1,11_00_30_1
11_0_31_1,11_00_31_1
11_0_32_1,11_00_32_1
11_0_33_1,11_00_33_1
11_0_34_1,11_00_34_1
11_0_35_1,11_00_35_1
11_0_36_1,11_00_36_1
11_0_37_1,11_00_37_1
11_0_38_1,11_00_38_1
11_0_39_1,11_00_39_1
11_0_40_1,11_00_40_1
11_0_41_1,11_00_41_1
11_0_42_1,11_00_42_1
11_0_43_1,11_00_43_1
11_0_44_1,11_00_44_1
11_0_45_1,11_00_45_1
11_0_46_1,11_00_46_1
11_0_47_1,11_00_47_1
11_0_48_1,11_00_48_1
11_0_49_1,11_00_49_1
11_0_50_1,11_00_50_1
11_0_51_1,11_00_51_1
11_0_52_1,11_00_52_1
11_0_53_1,11_00_53_1
11_0_54_1,11_00_54_1
11_0_55_1,11_00_55_1
11_0_56_1,11_00_56_1
11_0_57_1,11_00_57_1
11_0_58_1,11_00_58_1
11_0_59_1,11_00_59_1
11_0_60_1,11_00_60_1
11_0_61_1,11_00_61_1
11_0_62_1,11_00_62_1
11_0_63_1,11_00_63_1
11_0_64_1,11_00_64_1
11_0_65_1,11_00_65_1
11_0_66_1,11_00_66_1
11_0_67_1,11_00_67_1
11_0_68_1,11_00_68_1
11_0_69_1,11_00_69_1
11_0_70_1,11_00_70_1
11_0_71_1,11_00_71_1
11_0_72_1,11_00_72_1
11_0_73_1,11_00_73_1
11_0_74_1,11_00_74_1
11_0_75_1,11_00_75_1
11_0_76_1,11_00_76_1
11_0_77_1,11_00_77_1
11_0_78_1,11_00_78_1
11_0_79_1,11_00_79_1
11_0_80_1,11_00_80_1
11_0_81_1,11_00_81_1
11_0_82_1,11_00_82_1
11_0_83_1,11_00_83_1
11_0_84_1,11_00_84_1
11_0_85_1,11_00_85_1
11_0_86_1,11_00_86_1
11_0_87_1,11_00_87_1
11_0_88_1,11_00_88_1
11_0_89_1,11_00_89_1
11_0_90_1,11_00_90_1
11_0_91_1,11_00_91_1
11_0_92_1,11_00_92_1
11_0_93_1,11_00_93_1
11_0_94_1,11_00_94_1
11_0_95_1,11_00_95_1
11_0_96_1,11_00_96_1
11_0_97_1,11_00_97_1
11_0_98_1,11_00_98_1
11_0_99_1,11_00_99_1
13_0_0_1,13_00_00_1
13_0_1_1,13_00_01_1
13_0_2_1,13_00_02_1
13_0_3_1,13_00_03_1
13_0_4_1,13_00_04_1
13_0_5_1,13_00_05_1
13_0_6_1,13_00_06_1
13_0_7_1,13_00_07_1
13_0_8_1,13_00_08_1
13_0_9_1,13_00_09_1
13_0_10_1,13_00_10_1
13_0_11_1,13_00_11_1
13_0_12_1,13_00_12_1
13_0_13_1,13_00_13_1
13_0_14_1,13_00_14_1
13_0_15_1,13_00_15_1
13_0_16_1,13_00_16_1
13_0_17_1,13_00_17_1
13_0_18_1,13_00_18_1
13_0_19_1,13_00_19_1
13_0_20_1,13_00_20_1
13_0_21_1,13_00_21_1
13_0_22_1,13_00_22_1
13_0_23_1,13_00_23_1
13_0_24_1,13_00_24_1
13_0_25_1,13_00_25_1
13_0_26_1,13_00_26_1
13_0_27_1,13_00_27_1
13_0_28_1,13_00_28_1
13_0_29_1,13_00_29_1
13_0_30_1,13_00_30_1
13_0_31_1,13_00_31_1
13_0_32_1,13_00_32_1
13_0_33_1,13_00_33_1
13_0_34_1,13_00_34_1
13_0_35_1,13_00_35_1
13_0_36_1,13_00_36_1
13_0_37_1,13_00_37_1
13_0_38_1,13_00_38_1
13_0_39_1,13_00_39_1
13_0_40_1,13_00_40_1
13_0_41_1,13_00_41_1
13_0_42_1,13_00_42_1
13_0_43_1,13_00_43_1
13_0_44_1,13_00_44_1
13_0_45_1,13_00_45_1
13_0_46_1,13_00_46_1
13_0_47_1,13_00_47_1
13_0_48_1,13_00_48_1
13_0_49_1,13_00_49_1
13_0_50_1,13_00_50_1
13_0_51_1,13_00_51_1
13_0_52_1,13_00_52_1
13_0_53_1,13_00_53_1
13_0_54_1,13_00_54_1
13_0_55_1,13_00_55_1
13_0_56_1,13_00_56_1
13_0_57_1,13_00_57_1
13_0_58_1,13_00_58_1
13_0_59_1,13_00_59_1
13_0_60_1,13_00_60_1
13_0_61_1,13_00_61_1
13_0_62_1,13_00_62_1
13_0_63_1,13_00_63_1
13_0_64_1,13_00_64_1
13_0_65_1,13_00_65_1
13_0_66_1,13_00_66_1
13_0_67_1,13_00_67_1
13_0_68_1,13_00_68_1
13_0_69_1,13_00_69_1
13_0_70_1,13_00_70_1
13_0_71_1,13_00_71_1
13_0_72_1,13_00_72_1
13_0_73_1,13_00_73_1
13_0_74_1,13_00_74_1
13_0_75_1,13_00_75_1
13_0_76_1,13_00_76_1
13_0_77_1,13_00_77_1
13_0_78_1,13_00_78_1
13_0_79_1,13_00_79_1
13_0_80_1,13_00_80_1
13_0_81_1,13_00_81_1
13_0_82_1,13_00_82_1
13_0_83_1,13_00_83_1
13_0_84_1,13_00_84_1
13_0_85_1,13_00_85_1
13_0_86_1,13_00_86_1
13_0_87_1,13_00_87_1
13_0_88_1,13_00_88_1
13_0_89_1,13_00_89_1
13_0_90_1,13_00_90_1
13_0_91_1,13_00_91_1
13_0_92_1,13_00_92_1
13_0_93_1,13_00_93_1
13_0_94_1,13_00_94_1
13_0_95_1,13_00_95_1
13_0_96_1,13_00_96_1
13_0_97_1,13_00_97_1
13_0_98_1,13_00_98_1
13_0_99_1,13_00_99_1
15_0_0_1,15_00_00_1
15_0_1_1,15_00_01_1
15_0_2_1,15_00_02_1
15_0_3_1,15_00_03_1
15_0_4_1,15_00_04_1
15_0_5_1,15_00_05_1
15_0_6_1,15_00_06_1
15_0_7_1,15_00_07_1
15_0_8_1,15_00_08_1
15_0_9_1,15_00_09_1
15_0_10_1,15_00_10_1
15_0_11_1,15_00_11_1
15_0_12_1,15_00_12_1
15_0_13_1,15_00_13_1
15_0_14_1,15_00_14_1
15_0_15_1,15_00_15_1
15_0_16_1,15_00_16_1
15_0_17_1,15_00_17_1
15_0_18_1,15_00_18_1
15_0_19_1,15_00_19_1
15_0_20_1,15_00_20_1
15_0_21_1,15_00_21_1
15_0_22_1,15_00_22_1
15_0_23_1,15_00_23_1
15_0_24_1,15_00_24_1
15_0_25_1,15_00_25_1
15_0_26_1,15_00_26_1
15_0_27_1,15_00_27_1
15_0_28_1,15_00_28_1
15_0_29_1,15_00_29_1
15_0_30_1,15_00_30_1
15_0_31_1,15_00_31_1
15_0_32_1,15_00_32_1
15_0_33_1,15_00_33_1
15_0_34_1,15_00_34_1
15_0_35_1,15_00_35_1
15_0_36_1,15_00_36_1
15_0_37_1,15_00_37_1
15_0_38_1,15_00_38_1
15_0_39_1,15_00_39_1
15_0_40_1,15_00_40_1
15_0_41_1,15_00_41_1
15_0_42_1,15_00_42_1
15_0_43_1,15_00_43_1
15_0_44_1,15_00_44_1
15_0_45_1,15_00_45_1
15_0_46_1,15_00_46_1
15_0_47_1,15_00_47_1
15_0_48_1,15_00_48_1
15_0_49_1,15_00_49_1
15_0_50_1,15_00_50_1
15_0_51_1,15_00_51_1
15_0_52_1,15_00_52_1
15_0_53_1,15_00_53_1
15_0_54_1,15_00_54_1
15_0_55_1,15_00_55_1
15_0_56_1,15_00_56_1
15_0_57_1,15_00_57_1
15_0_58_1,15_00_58_1
15_0_59_1,15_00_59_1
15_0_60_1,15_00_60_1
15_0_61_1,15_00_61_1
15_0_62_1,15_00_62_1
15_0_63_1,15_00_63_1
15_0_64_1,15_00_64_1
15_0_65_1,15_00_65_1
15_0_66_1,15_00_66_1
15_0_67_1,15_00_67_1
15_0_68_1,15_00_68_1
15_0_69_1,15_00_69_1
15_0_70_1,15_00_70_1
15_0_71_1,15_00_71_1
15_0_72_1,15_00_72_1
15_0_73_1,15_00_73_1
15_0_74_1,15_00_74_1
15_0_75_1,15_00_75_1
15_0_76_1,15_00_76_1
15_0_77_1,15_00_77_1
15_0_78_1,15_00_78_1
15_0_79_1,15_00_79_1
15_0_80_1,15_00_80_1
15_0_81_1,15_00_81_1
15_0_82_1,15_00_82_1
15_0_83_1,15_00_83_1
15_0_84_1,15_00_84_1
15_0_85_1,15_00_85_1
15_0_86_1,15_00_86_1
15_0_87_1,15_00_87_1
15_0_88_1,15_00_88_1
15_0_89_1,15_00_89_1
15_0_90_1,15_00_90_1
15_0_91_1,15_00_91_1
15_0_92_1,15_00_92_1
15_0_93_1,15_00_93_1
15_0_94_1,15_00_94_1
15_0_95_1,15_00_95_1
15_0_96_1,15_00_96_1
15_0_97_1,15_00_97_1
15_0_98_1,15_00_98_1
15_0_99_1,15_00_99_1
17_0_0_1,17_00_00_1
17_0_1_1,17_00_01_1
17_0_2_1,17_00_02_1
17_0_3_1,17_00_03_1
17_0_4_1,17_00_04_1
17_0_5_1,17_00_05_1
17_0_6_1,17_00_06_1
17_0_7_1,17_00_07_1
17_0_8_1,17_00_08_1
17_0_9_1,17_00_09_1
17_0_10_1,17_00_10_1
17_0_11_1,17_00_11_1
17_0_12_1,17_00_12_1
17_0_13_1,17_00_13_1
17_0_14_1,17_00_14_1
17_0_15_1,17_00_15_1
17_0_16_1,17_00_16_1
17_0_17_1,17_00_17_1
17_0_18_1,17_00_18_1
17_0_19_1,17_00_19_1
17_0_20_1,17_00_20_1
17_0_21_1,17_00_21_1
17_0_22_1,17_00_22_1
17_0_23_1,17_00_23_1
17_0_24_1,17_00_24_1
17_0_25_1,17_00_25_1
17_0_26_1,17_00_26_1
17_0_27_1,17_00_27_1
17_0_28_1,17_00_28_1
17_0_29_1,17_00_29_1
17_0_30_1,17_00_30_1
17_0_31_1,17_00_31_1
17_0_32_1,17_00_32_1
17_0_33_1,17_00_33_1
17_0_34_1,17_00_34_1
17_0_35_1,17_00_35_1
17_0_36_1,17_00_36_1
17_0_37_1,17_00_37_1
17_0_38_1,17_00_38_1
17_0_39_1,17_00_39_1
17_0_40_1,17_00_40_1
17_0_41_1,17_00_41_1
17_0_42_1,17_00_42_1
17_0_43_1,17_00_43_1
17_0_44_1,17_00_44_1
17_0_45_1,17_00_45_1
17_0_46_1,17_00_46_1
17_0_47_1,17_00_47_1
17_0_48_1,17_00_48_1
17_0_49_1,17_00_49_1
17_0_50_1,17_00_50_1
17_0_51_1,17_00_51_1
17_0_52_1,17_00_52_1
17_0_53_1,17_00_53_1
17_0_54_1,17_00_54_1
17_0_55_1,17_00_55_1
17_0_56_1,17_00_56_1
17_0_57_1,17_00_57_1
17_0_58_1,17_00_58_1
17_0_59_1,17_00_59_1
17_0_60_1,17_00_60_1
17_0_61_1,17_00_61_1
17_0_62_1,17_00_62_1
17_0_63_1,17_00_63_1
17_0_64_1,17_00_64_1
17_0_65_1,17_00_65_1
17_0_66_1,17_00_66_1
17_0_67_1,17_00_67_1
17_0_68_1,17_00_68_1
17_0_69_1,17_00_69_1
17_0_70_1,17_00_70_1
17_0_71_1,17_00_71_1
17_0_72_1,17_00_72_1
17_0_73_1,17_00_73_1
17_0_74_1,17_00_74_1
17_0_75_1,17_00_75_1
17_0_76_1,17_00_76_1
17_0_77_1,17_00_77_1
17_0_78_1,17_00_78_1
17_0_79_1,17_00_79_1
17_0_80_1,17_00_80_1
17_0_81_1,17_00_81_1
17_0_82_1,17_00_82_1
17_0_83_1,17_00_83_1
17_0_84_1,17_00_84_1
17_0_85_1,17_00_85_1
17_0_86_1,17_00_86_1
17_0_87_1,17_00_87_1
17_0_88_1,17_00_88_1
17_0_89_1,17_00_89_1
17_0_90_1,17_00_90_1
17_0_91_1,17_00_91_1
17_0_92_1,17_00_92_1
17_0_93_1,17_00_93_1
17_0_94_1,17_00_94_1
17_0_95_1,17_00_95_1
17_0_96_1,17_00_96_1
17_0_97_1,17_00_97_1
17_0_98_1,17_00_98_1
17_0_99_1,17_00_99_1
19_0_0_1,19_00_00_1
19_0_1_1,19_00_01_1
19_0_2_1,19_00_02_1
19_0_3_1,19_00_03_1
19_0_4_1,19_00_04_1
19_0_5_1,19_00_05_1
19_0_6_1,19_00_06_1
19_0_7_1,19_00_07_1
19_0_8_1,19_00_08_1
19_0_9_1,19_00_09_1
19_0_10_1,19_00_10_1
19_0_11_1,19_00_11_1
19_0_12_1,19_00_12_1
19_0_13_1,19_00_13_1
19_0_14_1,19_00_14_1
19_0_15_1,19_00_15_1
19_0_16_1,19_00_16_1
19_0_17_1,19_00_17_1
19_0_18_1,19_00_18_1
19_0_19_1,19_00_19_1
19_0_20_1,19_00_20_1
19_0_21_1,19_00_21_1
19_0_22_1,19_00_22_1
19_0_23_1,19_00_23_1
19_0_24_1,19_00_24_1
19_0_25_1,19_00_25_1
19_0_26_1,19_00_26_1
19_0_27_1,19_00_27_1
19_0_28_1,19_00_28_1
19_0_29_1,19_00_29_1
19_0_30_1,19_00_30_1
19_0_31_1,19_00_31_1
19_0_32_1,19_00_32_1
19_0_33_1,19_00_33_1
19_0_34_1,19_00_34_1
19_0_35_1,19_00_35_1
19_0_36_1,19_00_36_1
19_0_37_1,19_00_37_1
19_0_38_1,19_00_38_1
19_0_39_1,19_00_39_1
19_0_40_1,19_00_40_1
19_0_41_1,19_00_41_1
19_0_42_1,19_00_42_1
19_0_43_1,19_00_43_1
19_0_44_1,19_00_44_1
19_0_45_1,19_00_45_1
19_0_46_1,19_00_46_1
19_0_47_1,19_00_47_1
19_0_48_1,19_00_48_1
19_0_49_1,19_00_49_1
19_0_50_1,19_00_50_1
19_0_51_1,19_00_51_1
19_0_52_1,19_00_52_1
19_0_53_1,19_00_53_1
19_0_54_1,19_00_54_1
19_0_55_1,19_00_55_1
19_0_56_1,19_00_56_1
19_0_57_1,19_00_57_1
19_0_58_1,19_00_58_1
19_0_59_1,19_00_59_1
19_0_60_1,19_00_60_1
19_0_61_1,19_00_61_1
19_0_62_1,19_00_62_1
19_0_63_1,19_00_63_1
19_0_64_1,19_00_64_1
19_0_65_1,19_00_65_1
19_0_66_1,19_00_66_1
19_0_67_1,19_00_67_1
19_0_68_1,19_00_68_1
19_0_69_1,19_00_69_1
19_0_70_1,19_00_70_1
19_0_71_1,19_00_71_1
19_0_72_1,19_00_72_1
19_0_73_1,19_00_73_1
19_0_74_1,19_00_74_1
19_0_75_1,19_00_75_1
19_0_76_1,19_00_76_1
19_0_77_1,19_00_77_1
19_0_78_1,19_00_78_1
19_0_79_1,19_00_79_1
19_0_80_1,19_00_80_1
19_0_81_1,19_00_81_1
19_0_82_1,19_00_82_1
19_0_83_1,19_00_83_1
19_0_84_1,19_00_84_1
19_0_85_1,19_00_85_1
19_0_86_1,19_00_86_1
19_0_87_1,19_00_87_1
19_0_88_1,19_00_88_1
19_0_89_1,19_00_89_1
19_0_90_1,19_00_90_1
19_0_91_1,19_00_91_1
19_0_92_1,19_00_92_1
19_0_93_1,19_00_93_1
19_0_94_1,19_00_94_1
19_0_95_1,19_00_95_1
19_0_96_1,19_00_96_1
19_0_97_1,19_00_97_1
19_0_98_1,19_00_98_1
19_0_99_1,19_00_99_1