"madly","Einstein's","buttonholes","things","sums","Christianity","rightness","imports","hallmarks","hardware","table","nowadays","devised","selects","annoying","planters","visibly","Wayne","organizes","deciding","Kenya","obstruction","Denver's","interviewed","pacifist","flicked","aims","fiddle","three","ambience","evolutionists","campground","expect","immediate","sparked","pirates","Abraham","scraps","piece","clown","shop","essays","eagerness","contrary","villains","bartender","testy","flex","crucially","telegraphic","virginity","Sabbath","disorderly","crowds","muffle","strategy","tears","specifications","inhumanities","microchemistry","navigating","worker's","extract","bench","Kleenex","survival","snags","Columbia","liquidation","vaginal","interchange","heavily","object","allow","markup","rosebuds","sow","soaps","noncompliance","infringement","takeoff","storyteller","mediating","flirted","intruding","Pete's","Louise","erecting","voyage","revolutionaries","studying","firsthand","beast","tiptoeing","hawks","Manhattan","zipped","clarity","loyalists","solitudes","sample_size"
0.193289415292984,0.355467033177338,0.282216812041429,0.422604745263121,0.12394090745285,0.223055669417714,0.305981296885821,0.0941240022945443,0.13308730502874,0.086354324872456,0.20641341706895,0.180453593212551,0.298084500238123,0.197154668876537,0.1929712371079,0.437623112855189,0.145259133406357,0.198041661033053,0.155030733082768,0.166138632182647,0.297483033024738,0.389653466788606,0.100185443978575,0.247534797701988,0.225101514656313,0.184485689249334,0.192334472009664,0.130986666494648,0.195811621082562,0.424757643627123,0.451785943305048,0.243373826976128,0.442694033086006,0.174111555589777,0.186364259415559,0.325543136454039,0.121067953092542,0.332460794640123,0.150577847359141,0.204867565946501,0.210086154439566,0.108146379913842,0.166339037004333,0.481874259218814,0.350155680207314,0.0841762662523866,0.36801798304942,0.208716909133072,0.515915405775764,0.395514079747259,0.156739226976693,0.128430602244377,0.209467995944158,0.447148421700488,0.351168050582137,0.243212904793738,0.0704030624781867,0.379483178022003,0.23741455994192,0.464850285939964,0.258965783728955,0.172023080861962,0.159191252333584,0.140064319543314,0.679067659972919,0.160574614634544,0.335509161685385,0.341732172952202,0.219455558041603,0.226369992179866,0.355318744375633,0.139682921083327,0.0951000131690147,0.110606040273192,0.213851815863203,0.177709084106167,0.510125531634868,0.157587118327388,0.579676251432175,0.471917633231099,0.122448586544153,0.15948376387228,0.333371763354389,0.116517266909393,0.234906515828632,0.0988233940467576,0.110086536666316,0.441189776604391,0.289817834479475,0.251984161176699,0.24504925216193,0.23046056482406,0.151726143255674,0.251586879144459,0.149687654283856,0.205739764144562,0.0904048095843889,0.166158431238087,0.14198840142876,0.125890346469739,5
0.104198788688369,0.169865178327517,0.289167789711809,0.431207830286373,0.136399335157957,0.17357943023882,0.159847991724096,0.0507807455509126,0.129781044378026,0.166674176894893,0.0919714984760053,0.13896182341124,0.217152273779912,0.316671205579926,0.128758060901488,0.125051756438186,0.242782618955869,0.113040950797727,0.0716379117173827,0.141548175706006,0.101671344874384,0.125635173749499,0.439795202894603,0.277578465722587,0.308223484722523,0.187561778887851,0.155188613489785,0.155191020768367,0.144680158091482,0.230404107926471,0.354346633614088,0.130160805524647,0.153293838634427,0.117076859732837,0.121095398762152,0.222154177641505,0.138367734290612,0.0937426281380478,0.15751232695052,0.174970812549288,0.166829157625361,0.1736551271056,0.117907225894115,0.315805223806708,0.124279830968762,0.129062999673345,0.153333195996262,0.122297881422264,0.282057592717347,0.131509255692746,0.56899495071423,0.162689771156369,0.282578291311666,0.259000568696867,0.302485729857458,0.214043721049329,0.0762957107839316,0.215937575080822,0.262841016789272,0.224090275627438,0.167743635087747,0.117979070727551,0.06141392520585,0.116603245659268,0.383874943248445,0.130386226634384,0.239560833898401,0.192605570223304,0.179085373241364,0.337567630799586,0.262393519812939,0.23653822041786,0.162761663405625,0.13052692316205,0.101802793176978,0.228445911904749,0.0685059374749074,0.116678985393574,0.291451850374447,0.139854654703201,0.100773910456246,0.429011592871051,0.276418573818936,0.0990106251220755,0.200672363122956,0.124472868554453,0.0823820520092323,0.264876858502326,0.206098054376261,0.219844736388071,0.133307083931964,0.418091645916392,0.0843112967125332,0.194295829721237,0.103145240129518,0.139703513389985,0.163369095403743,0.20086019790866,0.320223803469426,0.187725048164588,10
0.149715639938531,0.197019107573403,0.217167720999088,0.22205551927745,0.0800356939295626,0.140337269507416,0.248261907510249,0.0567818687135458,0.116881361189623,0.136683398849829,0.210517861267847,0.159331428519406,0.208563025103708,0.405178290448327,0.117374219535896,0.175235620857751,0.235044804049587,0.106061676993064,0.1162286900586,0.0888127630874824,0.121381267639463,0.116129961930915,0.0976303851856071,0.149324700143573,0.138845391157081,0.167444960820662,0.0952351187985279,0.167629733671641,0.126883067141294,0.162076524750134,0.219699874381622,0.108569895661403,0.287451780196994,0.085783009420789,0.0839863708099955,0.181192723699376,0.137523913865307,0.154462197337127,0.0967749300991903,0.130995144676023,0.157607782106852,0.119837554453215,0.109361125600657,0.304161151333833,0.166939076867268,0.130209879761152,0.181072588016673,0.0683460671421047,0.140443489995926,0.110379062117496,0.0984120463408014,0.0957338673815956,0.217283690308585,0.0538271694595004,0.13896504941055,0.112318188930427,0.137177377958554,0.209763335009551,0.140159869212131,0.178715964032228,0.147941967122436,0.117499962856111,0.147016265016169,0.0635590069488106,0.169131118609463,0.14279522256787,0.220973598802486,0.181517039225546,0.280210423153538,0.118845861249336,0.300820340282032,0.222869361882099,0.141282657070289,0.119753868580189,0.0845113919026501,0.158496542479802,0.163586469716995,0.0786039785267786,0.18862447220673,0.296781257513921,0.0942290923298286,0.265984600659342,0.3776559187519,0.083139618420075,0.161049510500432,0.126332306501297,0.113764765476031,0.194483634595912,0.147276562791467,0.297791493967062,0.10116925259256,0.139757011142282,0.0725136046643142,0.134412519797337,0.122627306895663,0.124475384789878,0.116446998525271,0.18643140584689,0.310259107116411,0.148284671575951,15
0.139849878529742,0.178909480031913,0.217724486065295,0.19157014108476,0.0992813175326469,0.163656068272447,0.128299423371846,0.0533677254645741,0.0856040514093475,0.117488243549568,0.0927995538686823,0.110908777510783,0.116853581447401,0.25079472850229,0.0623931465856721,0.124363982718033,0.193036020266287,0.165095010526747,0.202003555501824,0.0843448067555873,0.082480112050294,0.180306471864941,0.0758415488980911,0.127723796487797,0.107162380641039,0.18180062393239,0.109122459583445,0.103984951884187,0.128256756506806,0.111880226414662,0.135371059221093,0.125196904080764,0.140016750669369,0.0980772668665792,0.0860391338072934,0.131822765437421,0.14116625328364,0.0966883259163814,0.137053799265618,0.153839425237298,0.175657546482215,0.10361363118008,0.177835236952577,0.186949865068677,0.126825037708272,0.197027417027538,0.176165560517565,0.0896825939265874,0.197557077033781,0.089363070446256,0.208858878699908,0.0925543465459513,0.222911568239515,0.134459180938834,0.179637802735015,0.147498771622242,0.0752061481138458,0.231191248242935,0.229414093331168,0.272404368107654,0.0898562651451535,0.122027904743715,0.100995424832222,0.127348778246434,0.199532604040783,0.117295227369806,0.154067408989399,0.0794314083468704,0.175127699471683,0.212943763799162,0.127088945760233,0.176153431561111,0.097773070483094,0.0985797773929226,0.0975830096437825,0.161639805588523,0.192891208565678,0.071386020871936,0.269690727243298,0.231806532623178,0.0946528378841338,0.195460550642634,0.132430483386175,0.097619399739876,0.109748115351173,0.127675772401968,0.0933499899011148,0.170088266406628,0.114087183192035,0.212531397837778,0.0678545383905994,0.110749363215238,0.0661360072139701,0.126271109516102,0.0869413065104227,0.139423994398107,0.173798654315672,0.0883693593833507,0.203058206081831,0.109441833281815,20
0.101229602056579,0.143323517549503,0.143922855945256,0.136431289588913,0.0887076721798614,0.137696388348758,0.120977411366297,0.0527632249306971,0.0684520785406853,0.0758427545618646,0.126063742346594,0.110963844314411,0.133978330545244,0.277216420989655,0.0562280820018455,0.0899681014802739,0.136272143381057,0.115014489673146,0.134987977474067,0.0651649706541064,0.0661180511056154,0.152716314017054,0.195219456986799,0.136002808651548,0.142636727868286,0.120520618064835,0.0920890194893914,0.0780179740294046,0.0846880137325831,0.182741226542142,0.154372553057041,0.0998143060280492,0.178286727902549,0.0831114218520325,0.064275491865023,0.157466221768886,0.161938883446739,0.0608847818530097,0.106629246873139,0.0964557631486084,0.133831088267078,0.0551111767849039,0.127044331349816,0.167759486878806,0.115357724567725,0.188562370289375,0.138940939965639,0.0655379189895756,0.229690963075398,0.0935158523048655,0.0759381702372433,0.0798901815492854,0.161011769290072,0.0433383590864169,0.120571572119484,0.102326905302233,0.0974586981117994,0.158272229141056,0.0962637892412034,0.188599693572436,0.0995375834017287,0.100019449852256,0.104175262201617,0.143027609063161,0.238643544099112,0.131120123132222,0.124487258328614,0.215494276149861,0.170385592352245,0.144412334502854,0.14203169404419,0.162566379802677,0.122541636889339,0.0910261065128333,0.114361585126001,0.109131710260609,0.112825852911359,0.287518393812813,0.156774690689845,0.176691748824444,0.0761510904634547,0.107500116034214,0.156919505617393,0.0857661470908593,0.123761483660563,0.0681403004965715,0.0699288518692072,0.105731542295166,0.0880725892631818,0.218792053494984,0.0816583270107285,0.188725972790255,0.058195291054795,0.151477382938975,0.309772912715004,0.0863582474700826,0.0934114503205828,0.0906385187577695,0.214045260620174,0.0923959699101949,25
0.0953700562985528,0.139137901731872,0.143013319259848,0.246490241167268,0.0765719743106428,0.125932484001621,0.146716994051562,0.0495195243869893,0.0711487130528217,0.0856366255005905,0.188392878437156,0.0785572389238616,0.138161382619661,0.144676551210312,0.0928559314305772,0.0847688699313185,0.0974994073007594,0.106411252162898,0.176713208964782,0.0643391169635018,0.0727006459165972,0.120155742976125,0.058474024256786,0.152480854677075,0.149574578350747,0.139871225846538,0.0889112499720027,0.106287544386028,0.107564448512797,0.202270790451363,0.130694268046731,0.0997829844627781,0.156207615673246,0.0693537747036461,0.073322033564164,0.0867345903221702,0.151046174251585,0.0977645314839346,0.173900334231012,0.0893300279917148,0.0856688506288764,0.0918055995533819,0.0971267132627984,0.148254556890356,0.151286895346666,0.129692210415914,0.116135850349072,0.0634677819664495,0.192919190884115,0.0589381315702043,0.0845626458614886,0.0612622212608073,0.125522636840177,0.0937384446091747,0.133449703570859,0.139219814754654,0.0634797740355089,0.135037121748369,0.103240742745432,0.178254370385111,0.108674566733553,0.0931069191649235,0.0994502697199981,0.0993816974357498,0.187103965126457,0.101659226309399,0.130510728503834,0.154600365060991,0.144099179133021,0.123125955549419,0.170292904525593,0.101135090124401,0.104985171773459,0.0797267485808205,0.0925631779544207,0.117910262978958,0.105417482481876,0.242039384302433,0.21982210416403,0.163068253780634,0.0945252807457806,0.140713272461078,0.102735966126591,0.0656838005533576,0.240775673975256,0.0680873739746318,0.048509133531689,0.118615441020699,0.0969948963071563,0.20885679095492,0.0637493062534771,0.10092988777474,0.0727261550569884,0.122264373058144,0.268164587388936,0.061032621700034,0.127953859139318,0.114826423919236,0.125339944066616,0.0929648939932614,30
0.0784103748689086,0.10566601453394,0.129822956043167,0.108007487184755,0.0653498248422671,0.126464490173628,0.102815302798178,0.0376446450284131,0.0675043367176731,0.09938201951919,0.176679348522648,0.0780377128531702,0.117209263674744,0.173796688683249,0.0648578122808436,0.105874516947527,0.0829347949226275,0.0936348486736519,0.105289786386384,0.0656251741383064,0.0800085599261267,0.124312192752585,0.112544216425903,0.102989423502907,0.11335480343409,0.118176813857478,0.0728664195109473,0.104577397556814,0.0914240896182615,0.174635913808804,0.13222724718751,0.0654457345211611,0.119730457011156,0.0740015468283648,0.0604290106987539,0.0722342705395776,0.134626146372234,0.0921935192087752,0.152794221088832,0.10419131358123,0.124848781809281,0.0860794088835759,0.15310267951355,0.110397902251247,0.126518027254752,0.0670001013130143,0.116770596950399,0.0508056271186493,0.173605361850173,0.0720373378487816,0.0647311843675117,0.0673894146223283,0.147630270979707,0.1228662973146,0.107925939700074,0.0982426796639917,0.0614014492497947,0.156428400906891,0.11884301638645,0.163654961000886,0.0831527243562953,0.0814587784583163,0.0740329626583264,0.068364681421891,0.0833306528393351,0.0945412950453606,0.123612698532534,0.157955743499086,0.130397656432377,0.155256023609209,0.150400489173552,0.12514492189431,0.109295138961446,0.075919198653442,0.0734390687386557,0.144769429805114,0.107248763350786,0.0762478222978496,0.170267791494282,0.203312153076848,0.0707677361410113,0.110337136278997,0.162916117938327,0.0769198402990223,0.14240111919594,0.0763000980560055,0.0535768559380532,0.118222315526624,0.0981331032912607,0.398257471643861,0.0491408678254511,0.152648648144709,0.0684425992352175,0.120897931144334,0.0684928521154042,0.11439642097846,0.125600970655965,0.0986559455506357,0.177756805492442,0.0724987306931145,35
0.0721621922305233,0.0936878864661221,0.12605345371425,0.111277046266101,0.0704749358594018,0.121663230816242,0.0976332984041296,0.0395422157471603,0.0621636260603493,0.0924945531870394,0.103990739051603,0.0798335548086554,0.0813201680596949,0.222456318148032,0.0779047283753676,0.0691432571024406,0.131802361884675,0.0979331211435746,0.104120511913391,0.053994721311143,0.0606518083561036,0.123964832312923,0.133260350136212,0.101530030881315,0.161561401970575,0.107012666760199,0.0654768349465646,0.0822064537569541,0.09055097074931,0.136783935777978,0.134613017666341,0.097509017111953,0.154918646057102,0.0508892866712788,0.0578802598709336,0.0819384901962894,0.0925649763876304,0.0729218444629578,0.0678035327733496,0.0994327457735398,0.100183291615142,0.0836658666362654,0.123851436725162,0.126201473240791,0.0891302743448423,0.0988506350601606,0.075660196880951,0.0562153935167852,0.202469351768415,0.101358446391133,0.141368444020003,0.063647605799928,0.112910266098055,0.115662567579733,0.105112404407912,0.0933103998145268,0.0618096990591144,0.119951975495055,0.130191971215122,0.191354220916044,0.0803169148760606,0.0840950029040097,0.0821860981730332,0.0893587975850342,0.10986798292318,0.0718747626745611,0.122791222588078,0.129195846279723,0.102594211731828,0.0760365078952072,0.117882606933792,0.120720524966479,0.107432728237298,0.0672893437498837,0.0644464259851412,0.0687690646157672,0.117767484094329,0.135272381047393,0.169540835137039,0.120734522707741,0.0728913242074683,0.11648676957743,0.101526837734935,0.0679570179669287,0.155514149699095,0.0592629820738845,0.067782381871179,0.115801010692918,0.0581245819774247,0.250764072720751,0.0672656683269833,0.148399831416156,0.0640993047361746,0.128088076462933,0.200722340214816,0.160769828677539,0.0722901103691205,0.070166299649051,0.11174918609168,0.0681163057669737,40
0.0738306259856956,0.0811017774210476,0.211893707797146,0.118207482839942,0.0562142156286065,0.128038366169289,0.109115087157452,0.0315982594290325,0.0605646609896696,0.0666712716776638,0.149597165642814,0.0711178434586201,0.0938070103368211,0.100706961655254,0.0394948417411765,0.0978522439431296,0.112109745114359,0.0855186785985055,0.141873405614839,0.052349018685109,0.0514290813679923,0.12147380624313,0.0556488338754279,0.125039605524236,0.104023592332542,0.11317970869937,0.061858254073589,0.0792756761394354,0.0749568957362059,0.0972804847772617,0.140231999298976,0.0872889319927825,0.105736661171604,0.0704259290312215,0.0517805302781264,0.0850662540347916,0.116350842520051,0.0580217274254936,0.111627417972755,0.0764998869027421,0.103282772154413,0.0714226429010748,0.0914531570558397,0.105704140455571,0.0997263746218998,0.0779588641592217,0.113971579162393,0.0486108571147824,0.174563491281942,0.0556483182125416,0.172872329887269,0.0580418021630458,0.107133537056962,0.12419295670407,0.106017833504091,0.0959915665727865,0.0691279313307408,0.107583504316729,0.0897121198784937,0.168850651297464,0.0751711188670399,0.0682516784936356,0.0708718191778989,0.0752303113473058,0.160930428069424,0.0848212678616574,0.104680139793218,0.13625736457517,0.101321655812103,0.120111115095381,0.130644577881642,0.113095100800274,0.0977352078322853,0.0647828886239925,0.0818754423720753,0.113588962469453,0.102061562910322,0.0476399822459976,0.114794020569393,0.170395039052312,0.0755189928868212,0.106783802193958,0.136651699641004,0.0817217128367129,0.160429872915102,0.0629946072551644,0.0459456047313509,0.0994254091338747,0.0723458532195975,0.20856912314479,0.0549520626203161,0.0751943516839145,0.0583272858642973,0.096651397600228,0.124808247480553,0.131629603130331,0.0847706088720893,0.0772616467509336,0.0788156352413592,0.0791245804420378,45
0.0636446660032979,0.0932256094700026,0.200666647476017,0.127757621349323,0.0718297691712348,0.106600923676997,0.10976616764433,0.034825261340629,0.0593431001137321,0.0716791403981918,0.125436453884687,0.0693742426502337,0.0918161042401794,0.158024240973609,0.0604606517292485,0.051709869825462,0.119377470158026,0.0961502140340312,0.097310381922517,0.0541716863083736,0.0640354956066714,0.0967769867979406,0.0851839651639719,0.131843250432288,0.0878046747758326,0.0783920275277753,0.0653322696848474,0.0856740088681244,0.0896536330219442,0.115214146791747,0.128197735647809,0.0607015644596334,0.132501116651998,0.0763580497587196,0.0531834306882631,0.09964888951322,0.085135772452017,0.0697503997887348,0.0750588536356575,0.0916703414537288,0.0889011354735201,0.0921153808677185,0.096900653703527,0.100956792356912,0.108251852218766,0.0625998551905598,0.0859524955075671,0.0420320198512197,0.157214200052679,0.0662091020309204,0.138118885073463,0.0526580239023954,0.109393959084055,0.0733885491763041,0.0893704302676572,0.0771295294910855,0.0425618159871303,0.110319256284107,0.105843625629496,0.148878801081928,0.0649110234452721,0.0529892891559482,0.0694798125636915,0.0644722676572044,0.114604728401809,0.0615445339095565,0.0931920029668327,0.089878565635889,0.101373705784149,0.0710284376333618,0.136412103395338,0.0994065919702642,0.0714287270713767,0.0823030618469857,0.0650480957139007,0.0703045160641467,0.110199852324928,0.151594873633792,0.136669609922393,0.137023644052905,0.0736325618780666,0.111126709732644,0.155047180512598,0.0580171164946781,0.134497329309477,0.0588079976911056,0.0617957277744325,0.0832547152317301,0.0732826813694075,0.205398698533072,0.0480335114653256,0.0767052769004586,0.0630324871421606,0.0720971497782496,0.0597350112064886,0.123955603747569,0.110955727687942,0.0660638522402328,0.093170920980287,0.0735504409284647,50
0.0555811876581267,0.0701870604682687,0.11381961987114,0.160478633092774,0.0544303393088995,0.105289634674552,0.0823994904917258,0.0353149849802269,0.0490170826445746,0.0599920605892969,0.0717542638584083,0.0668073006534447,0.0733179580238072,0.195061398796718,0.0484915486574225,0.0563573347120522,0.132139183439665,0.0757519196484583,0.0886559552745578,0.0519629944821715,0.064990182087953,0.0849602740337394,0.111441791882063,0.103480479832502,0.1243549147977,0.0802075068472498,0.0550999662318936,0.0713687422848509,0.0722373957847003,0.0899144579298375,0.125487696494921,0.0729810762698553,0.0939380940273283,0.0696752430202736,0.0442316829876194,0.0736715418243549,0.0925962374458323,0.05754265286387,0.15389923489577,0.110008458174017,0.0704499229196235,0.0503310883295361,0.062813682213987,0.121166949933505,0.100788277211287,0.0829170065580045,0.0843899313264782,0.0435858552796032,0.151859315171792,0.072703368037766,0.109371160935776,0.0492162835403644,0.0958037884096625,0.0553786543985408,0.087553649101193,0.0704120305306603,0.0591198869657044,0.099025470589411,0.14456946698374,0.138806183859884,0.0702640103545263,0.0550738607432259,0.0653072084939783,0.0597049390828426,0.0746721376631135,0.0702503386060318,0.0989079661442759,0.0938691765126033,0.121136126764493,0.0923298776303367,0.116845723448388,0.0825792174702845,0.0660465631836404,0.0594896947347743,0.0653434853815826,0.067086380922115,0.0987681724619697,0.104529576811338,0.141460031133796,0.129685935778304,0.0573928658469671,0.133707804981599,0.117854932979305,0.0580153189058036,0.142976348264441,0.045504376343453,0.0386025517689399,0.0949315165361536,0.0651846656199509,0.291406549118613,0.0499324162358197,0.107785039245018,0.0772777272105842,0.078203135833388,0.128608961686983,0.122692344440102,0.0979516386763815,0.0857071942923353,0.0936153116217085,0.0711956554175393,55
0.0514083642578546,0.0901039797333073,0.178544971576291,0.089486872065362,0.0484448955967468,0.0914363811355149,0.0782936623927803,0.0376634958924437,0.0511722734247163,0.075579292952492,0.117854611972436,0.0727101893073648,0.0782011224889094,0.0500772951565616,0.0469657416603921,0.0625314340569453,0.088814364812322,0.0644535439720862,0.0880282606819247,0.0510160809576862,0.0568113814533236,0.0985877090376443,0.049042029527462,0.0936284712916504,0.092140957192922,0.0874193644851493,0.0420190983612419,0.0772061561638726,0.0623299109238194,0.115815635522851,0.128978230013735,0.0719401393152274,0.136444136464731,0.0659488702212312,0.0450553908819968,0.0668934525769861,0.0632002145691492,0.0434461877124248,0.0984587247202637,0.08204773639786,0.0694404019227088,0.0700484604578002,0.0973304925026236,0.112092478172227,0.109367949508934,0.100537541842298,0.0763701474847537,0.0439115394081168,0.144449229415602,0.074663508891531,0.100154307074197,0.0567457522137684,0.0919677728768013,0.0365724156544904,0.0921931155991761,0.0813060882577927,0.0619771324858227,0.108324120331908,0.0897107440956488,0.143272099151744,0.0699357504031436,0.0621943365716334,0.0641955630001716,0.0713908930799847,0.0830365485124376,0.0702377597377239,0.0790507229201031,0.10950349595345,0.109543149956304,0.110334566008858,0.144665068134631,0.0888151774588597,0.0764062287722827,0.0563293673023672,0.0548824810508739,0.06151048810267,0.0988693448983357,0.150394555855161,0.140316524360939,0.128769670283612,0.0662655805326905,0.0815428169738077,0.133546696011813,0.0490578341102042,0.145279896437277,0.0617019035162765,0.040741663309918,0.0809986978947545,0.0594381386940495,0.381851028762564,0.0472193040694776,0.0995216268412591,0.050778440272804,0.0749198439841363,0.118916013564156,0.110451330477929,0.097868674575444,0.063748091894177,0.117710830646955,0.0657171515070352,60
0.0657102762793631,0.0913088179563502,0.148488593525734,0.152317537103862,0.0513467084633637,0.103116001041667,0.0802432032065166,0.0281686394915101,0.0475213911455455,0.0688180243172146,0.112590246814318,0.061792096878521,0.0636107419284963,0.197817709880661,0.0468702502109706,0.0836554234431525,0.0915876387430357,0.0700328840335891,0.07410721523113,0.0447465196507364,0.0468018910994223,0.0771233954322555,0.0838189845276312,0.0871299803469018,0.0643325507348949,0.0837990916728608,0.0515927906178645,0.0605965445659255,0.0679683071703305,0.105313081383543,0.093867922693589,0.0745358284488122,0.100424150076586,0.0570984009251741,0.042639296138029,0.0690276185267681,0.115523515626895,0.0401179066790847,0.157250549566294,0.0890459075140569,0.0788179056849333,0.0591615721436686,0.101666797805348,0.0974740321958681,0.104655071564739,0.0717010379251125,0.0725608797991418,0.0466306607639704,0.120453572864874,0.0575040320049707,0.0735411850648069,0.0577030537776427,0.113402898246094,0.0698184203575009,0.0882962438789044,0.0547369679263955,0.0664548378000582,0.0920211687800129,0.103464966505339,0.14955355575973,0.0668709610836686,0.054675089107324,0.0636535535693091,0.0803381693919299,0.105628812457952,0.0752712406487143,0.0931306377700649,0.0976776282426343,0.102174908211643,0.0957459611772111,0.119340410709314,0.103988337242312,0.0806064707870426,0.0519574521105067,0.0649823323398896,0.0734665737403806,0.0923023206119946,0.0926654640103117,0.113496418309544,0.105379799964885,0.0501875636604487,0.0995042651770684,0.137056765376797,0.0578762248991231,0.123852204794697,0.0420160869521251,0.0499314566436167,0.0749889880662505,0.067720035796113,0.259012978462504,0.0411478534915978,0.125879225311585,0.0638516919958138,0.0793342355955793,0.112320862180797,0.118320952686829,0.0869140751638166,0.0674426746557345,0.0883196432677087,0.0665776311641134,65
0.0653253376361682,0.0733194315813509,0.152760647168163,0.105736007475875,0.0451306614146825,0.0947654641848554,0.0817996183269228,0.0326100206435614,0.0492412514035617,0.0653726421668289,0.105426159038145,0.0565248984780052,0.0749573912102184,0.0917564604600416,0.0438488312065552,0.0537301331028315,0.0931117256748061,0.0740329131324475,0.10516812816547,0.0458479299728142,0.0554136261966275,0.0810215161308107,0.0429164159903974,0.0982323464995756,0.061754393910728,0.0752132103526165,0.0534996453004985,0.0625777721801985,0.0673466980172508,0.111978396197343,0.109463715373645,0.0649332878022398,0.0768097215653914,0.0513557634028115,0.0422224084912122,0.0849995636490352,0.114687729382706,0.0424138284594098,0.13488256015034,0.0628535616994503,0.075884478681276,0.0526774519017628,0.0788218878550533,0.114339003259191,0.0747860169968616,0.0701201588414587,0.0880236595785444,0.0355816133899525,0.106632223825637,0.0617178723455794,0.148712260960533,0.0410893001977155,0.0860010850487247,0.0571190322015007,0.0922198688698586,0.0741082757868454,0.0568023681111457,0.0991345528647283,0.0861992093667504,0.13922166450788,0.0450208242190003,0.0500847900041122,0.058368353763672,0.0586968518183367,0.103284185286781,0.0666326315265973,0.0945670927021286,0.102548052513714,0.0916819578604745,0.086182949935745,0.0820624129908118,0.0799285077550435,0.0524096401431862,0.0546988159896971,0.0527882171690729,0.0536808031248452,0.0917031446238418,0.0392470052485197,0.103715006067885,0.131652069640582,0.0592064383701407,0.0862711099360221,0.118266723294117,0.0531283307562207,0.110949296233126,0.0539778111437152,0.0402011641097079,0.0936298131427407,0.0561952401997375,0.164251637863727,0.0416713281626911,0.0683268420143644,0.0758445078290893,0.0687252206529128,0.105062467304962,0.101659657811019,0.062755963214157,0.0648783687835706,0.102024607663865,0.0715342050196366,70
0.0531126795000698,0.0690889535618827,0.162282051419778,0.126421290651599,0.0421168781315752,0.0852225984545701,0.0768756942445533,0.0309459855988502,0.0407948277302871,0.0647229977538843,0.0916987480051115,0.0536926210051716,0.0647185865719678,0.0700396412404072,0.0459383951684518,0.0651325425933923,0.0901037405620994,0.0710595833091686,0.0826197405309929,0.0434219984388406,0.0424142468254454,0.0854740003985558,0.0985486593195414,0.0742682698477179,0.0491044529376381,0.0748802208052766,0.0486118270383461,0.0555398525568536,0.0604944414454949,0.102778043641364,0.111006795383551,0.0688321696693071,0.130677147410149,0.0554592218575978,0.0430615406144487,0.0596018721509553,0.0900696459031266,0.057843098564035,0.149338276276819,0.0753249020187335,0.0791799294302816,0.0431653300453283,0.0545024500637389,0.0973473016629275,0.0833648447680503,0.0927706027606107,0.0669479407727555,0.0473821475348513,0.121274359399573,0.0589696398530689,0.0911059852825868,0.0472822898041181,0.0947746989364648,0.0551807050388168,0.0841853697778101,0.0694864845455768,0.050046309858202,0.0880867144803904,0.0775883141003304,0.139155283082108,0.0592307086464529,0.0513530602935689,0.0578016972635106,0.0506906310070859,0.108538171864536,0.0688776649459431,0.0820726695130897,0.0986679905046028,0.0830717235019057,0.0907099091432325,0.110417229071379,0.0624258828930717,0.0639410158959492,0.0464341149027186,0.0598719440019335,0.0628505533012413,0.0744104296484673,0.121542543504602,0.114127459257055,0.137954470383486,0.0462849120340389,0.100448256856228,0.129455483749191,0.0431709669849363,0.101374806850473,0.0430143331422314,0.0426334467049518,0.0617474553829834,0.0606239745782964,0.254606106602963,0.0347600506584845,0.0857588045122178,0.0575776277538688,0.0768929607801206,0.0473419766585816,0.0939241854035338,0.0501195366495504,0.071249036604996,0.0697438371869157,0.0664898026089664,75
0.0571936007568913,0.0740417624590096,0.156267317287914,0.116859865716197,0.0540047788327594,0.0905580387766308,0.0601851818683308,0.0323894131925448,0.0418260657851576,0.0576103295917002,0.0724180464144614,0.0538006497702234,0.0641305664773588,0.133322544664263,0.0510422507903251,0.053565357242785,0.0776777637417767,0.0623860076851819,0.0737594199615089,0.0410632241822407,0.0471837612388283,0.0858562862329786,0.0975216291519145,0.0834092583374286,0.0594801501253297,0.0741944159751913,0.0475362944214016,0.0551989952903714,0.056803346546921,0.0925124547120655,0.104299470610666,0.061280496934962,0.0629016295449809,0.0448948479173617,0.0352651591727295,0.0683819210619483,0.0976372260730053,0.0574805727610228,0.100029248785264,0.0747949344165498,0.0687713344669842,0.0406343741107286,0.0806211654662172,0.0813591173539572,0.0730720918235285,0.0598906626565449,0.0866410406032163,0.0409028798586642,0.0992886754034827,0.0422363128586722,0.0494796174606353,0.0379749817549202,0.0866443391099915,0.0696867418718443,0.0871699620589853,0.064973973852822,0.0564645527238413,0.0840076230316833,0.0889053888007011,0.108404630357143,0.0545710917528257,0.0437337657823445,0.0504325914691573,0.0587988847869153,0.101089615058796,0.0545251269022392,0.0863346463528557,0.0983133728073242,0.100385974086613,0.0714233111380536,0.105254487835593,0.0703967035156872,0.0607452567690439,0.0369960897600694,0.0578599034341481,0.0665060929134025,0.0745851785148263,0.143348782904703,0.0835396259450895,0.128533444243029,0.0418681339996214,0.107902297818083,0.111593003694714,0.0466421512924355,0.0780275608798771,0.051935161474966,0.0439034465339052,0.0828290409233067,0.0587858714617476,0.221265919428546,0.0380565540810864,0.112394896021194,0.0615664424824675,0.0724518303860632,0.109244159736062,0.0913091259199186,0.0701302961409044,0.053789207791634,0.0782095882927293,0.0525278382897367,80
0.0550437923464629,0.0659275827435846,0.121714850918385,0.11845829476994,0.0468008843263355,0.0854671645245706,0.0658426329338124,0.0296323670352716,0.0404373749347248,0.0608756422817761,0.0947451174366847,0.0588209808597791,0.0586732918937295,0.122835758766134,0.0395250771069688,0.0511163705722681,0.108065662868772,0.0603252120710735,0.0746725567817672,0.037519203842369,0.0453443050500814,0.0869816172671078,0.0407674710128158,0.0721384827768975,0.065686979943899,0.0627290874284015,0.0444276257047965,0.0438244674371815,0.0585325741515299,0.0805436780403737,0.103423402832746,0.0499232277896049,0.0914146903607385,0.0481316671062006,0.040968028274485,0.0554941786160801,0.058866038663401,0.0327909560002092,0.0893017714731338,0.0740449304602331,0.063426646866992,0.050991470786745,0.0601948454973127,0.0766860076875339,0.0835964866588314,0.0715236121728959,0.0673893416631044,0.0410206216307666,0.121340241584324,0.0494010854473801,0.108166511179013,0.0462830842819823,0.0839839301942773,0.0565599224977841,0.0797454414781403,0.0643085912770447,0.0377946089443084,0.0893259205198835,0.0780859333008099,0.132615088003701,0.0562141709855719,0.0422858928016208,0.0531816667184649,0.0660087523206009,0.0769057050611624,0.0667931010064892,0.0707721628715171,0.0798586603487266,0.0939583631903569,0.0655064898755789,0.0959031166331627,0.0671586714187227,0.0576030856985145,0.0382912849501004,0.0536509474532613,0.0743746851615924,0.0748362113980211,0.133516337322463,0.106450953302036,0.103154941414294,0.0533338649067583,0.0832990554255467,0.0916455066431357,0.043599346278341,0.084245290905624,0.0469207372436633,0.0414872430154046,0.0863645175881789,0.0505574139991689,0.158631569476357,0.0421894330622669,0.111294789522708,0.0501672752227715,0.0682444716806695,0.101792092906424,0.111547322535159,0.0733477037845903,0.0583874958259347,0.0934327376214338,0.0626803661533551,85
0.0432358344132944,0.0739574605647069,0.151996402355933,0.113561632121829,0.0442698687992253,0.0710718593367401,0.078860886885283,0.0245642011670318,0.0437003864910673,0.0551213898827901,0.0721430635565672,0.0582321773255125,0.0569797714667939,0.0891486732905214,0.0429313089556923,0.0628108135818654,0.0999954686086394,0.0628071387369051,0.0922365323424796,0.0443886162309109,0.0460224884125256,0.0802988285396339,0.063827988402732,0.0818968489286806,0.0722248906529585,0.0800585693571064,0.0465191011426102,0.0518757162766384,0.0615171166464007,0.098004276624005,0.0914959795175187,0.0528693700918536,0.0955793397602032,0.0434520821958118,0.0367261365362866,0.0688592968932488,0.0635529710667719,0.0437961362693788,0.0969182244624084,0.0589769367734964,0.0620231619474694,0.0458257056530118,0.0785827677512501,0.0724199805595549,0.0842103073599572,0.0715429788912357,0.0654833820039133,0.0399013889806892,0.104884458310035,0.0609466070259482,0.0904587590710579,0.043529101935418,0.0627326363065347,0.0568500872579145,0.0782534081306743,0.0617342865745027,0.0529995958311273,0.0855177471188321,0.0934799326533237,0.127675861200585,0.0608687289392051,0.0508595047750397,0.0376964501260751,0.0636938159335501,0.0673430256809442,0.0607858974215429,0.0740354169786281,0.0859218533110354,0.0832153558085124,0.0658886001574917,0.132695341024724,0.0721864814903761,0.0577159472386525,0.0443899648706331,0.0514343969894572,0.0668203415111776,0.0840314292684833,0.0871627666346677,0.0995238394068795,0.124648237455865,0.0562618422883435,0.0752066674297904,0.109554077470103,0.0486736797523221,0.0733900288493369,0.0485487100682778,0.0340200526673926,0.0660551255009737,0.0627003456956449,0.225995750754804,0.0375260555297927,0.0843363893506465,0.0627791854429028,0.0653591570979412,0.0708031206007028,0.0981980168957483,0.0810288158248734,0.0606740968122781,0.0824755804942929,0.062071693598009,90
0.0504395197169145,0.0591992668259883,0.155272208571747,0.101492171401366,0.041593518555112,0.0794443539460404,0.0645335591457382,0.0310204429209717,0.0389745548229734,0.0530702916621842,0.0637098463281203,0.0470639206733773,0.0583181487076894,0.108371347617884,0.0417966967418694,0.052326479870875,0.0869005224003224,0.0656224174019781,0.0748236090793909,0.0389447906381447,0.0468582471511475,0.0759117337853621,0.0592252669283351,0.0754281412134153,0.0580639321480252,0.0589133625239631,0.0424910278490746,0.0487995337558458,0.0603962303606964,0.0930934824654377,0.0686660399264345,0.0656316889305567,0.0958683481354081,0.0503425888164698,0.0365884837432399,0.0714547767474782,0.0735261667857093,0.049161558280738,0.0834392770461943,0.0648368518992369,0.0574855762927667,0.0444059050390303,0.053171608628258,0.0852391160934251,0.0778132421699089,0.0750321622795792,0.0829856994517763,0.0353966612570906,0.108170788061087,0.0512262164871778,0.0924391225950715,0.0357808259129592,0.0744426565714417,0.0515848208419188,0.0770523323306017,0.0544149824018576,0.0456387168817667,0.0924726706478296,0.0674850127444322,0.106968677650685,0.0532041779706476,0.0458400558317828,0.0417799648029228,0.0561089753067822,0.0791838918157605,0.0559068852166058,0.0764057210093969,0.0849171641265636,0.0874334651833779,0.0856186285162332,0.103825309658797,0.0785399428932981,0.0564194226367132,0.0540828330169673,0.0500302460916945,0.0515516313600193,0.0784391395476315,0.0824935630408663,0.100088439736089,0.0987150527920419,0.0430163315982763,0.0839058294989831,0.0970445087321233,0.039124174756008,0.0745549048968962,0.0380438395298063,0.0398739127239693,0.0662910646983827,0.0501415315637508,0.243420850836412,0.0356115530248827,0.0884615290189477,0.0529589673830314,0.0695748218761068,0.0467219182279029,0.0890890462988294,0.0480066214608028,0.0507764406845217,0.054137682119851,0.0510929254719723,95
0.0439059747400827,0.0686973239564982,0.149557778813474,0.123374060822711,0.0412742248701278,0.070822778290894,0.0723469323097521,0.0235943688654746,0.0381201970946778,0.0521445141327546,0.084735789245078,0.0506605260286775,0.072035572336996,0.127886543618285,0.0388150722602643,0.0511928156668536,0.0653600584530375,0.0594866406066606,0.067046571701524,0.0336855379523713,0.0391631979095859,0.0668333651873399,0.0744940715036695,0.0840692620037955,0.0638921960498176,0.0692310353530012,0.0397360624967976,0.0515140938412477,0.0608834803019635,0.0787020829154969,0.0779311774661217,0.054539524427313,0.0777733127315577,0.0427686286265696,0.0383510986627641,0.0578493729724801,0.0649261104091257,0.0361711405054723,0.0875784476601381,0.0716832550925893,0.0729973211870702,0.0468348914972108,0.0649959255520409,0.0791955464025181,0.0677708249190551,0.0700223378115454,0.05971565454524,0.0356848809108509,0.10163479953789,0.0579927042602648,0.0737499185730166,0.0376336651696035,0.0708339591272798,0.0420649802517418,0.0612249990937206,0.0584196049378902,0.045117231495202,0.0829983020880978,0.0765057880916571,0.0992659240695316,0.0500300961759324,0.0470763675919089,0.0443563068574564,0.0575274014855388,0.0952643805296285,0.0540803150589317,0.0676933242458476,0.0927528267024617,0.0911915181646772,0.0708524425017462,0.0900621608779012,0.0685899339578486,0.0533049842913489,0.0437602997556482,0.0498370833225622,0.0600903137932692,0.0756214809319565,0.141330559738719,0.079166314296684,0.0926618633382556,0.0455961682263072,0.0887947238748036,0.0928146762656925,0.0521337905878891,0.0884774395941088,0.0455099533751666,0.0362597239170511,0.0703915935945268,0.0566009163316579,0.213183743581006,0.036700930224519,0.0596901327627004,0.0434964892318816,0.0609166956769261,0.0624008597181849,0.0803366174240279,0.0584866383399965,0.0450168528843505,0.0841451308914059,0.0492359439992819,100
0.0475071379259151,0.0694629858328834,0.130900949245991,0.0976488741258624,0.0422642654032081,0.0589420110946175,0.0734832517721768,0.0263637694406434,0.0349348868796404,0.0479444861194819,0.0764927464423504,0.0505294358713391,0.060226884282262,0.129280842473888,0.0382262114461782,0.0474574802180563,0.0749404580160287,0.0504249267727907,0.0734251786228273,0.0351608245267605,0.0437278647549258,0.0802657734618038,0.0703596461705227,0.0667870679309198,0.0837020243063845,0.0711831298135348,0.0437610056265547,0.0485545615298291,0.0443426410615876,0.0936070441105705,0.0857808674403234,0.0466543683406206,0.0860653232224132,0.0442116495064326,0.0317238321528386,0.0542125802485343,0.0955869993019702,0.0441641878475623,0.0866495847924735,0.0643812826615223,0.0512261102534799,0.0496574905952649,0.0567789221860244,0.0780697351988042,0.0734126693024493,0.0479206870761492,0.0695556303135181,0.0353633632229429,0.111793102044689,0.0525919066020466,0.0796201875002935,0.033083277759227,0.0786519269183962,0.047265609142577,0.0741142559441374,0.0543942089657256,0.0405239826715924,0.0816707071841362,0.070602088800967,0.10261401490666,0.045249540253283,0.0437849470283711,0.0433594779896415,0.0570294558155412,0.070522124254408,0.0500343083210707,0.0725849598622298,0.0806372168257584,0.0872566021640758,0.0667289987712531,0.101381765846447,0.0664115062478197,0.0510632472272957,0.0448365491400958,0.0454660448336273,0.060280741775801,0.0625491990879534,0.0897720471198814,0.0944560777336969,0.108558081284544,0.0456412536646789,0.0760156904375782,0.0910283220163635,0.0344260623400447,0.0748171763250823,0.0371481723371062,0.0358818412454978,0.0707559213996945,0.0430954919155262,0.194002839154803,0.0327892186735783,0.0907972104988979,0.0421325761591883,0.0637285737308056,0.060538575143313,0.0852063752089883,0.0717243112492574,0.0581556301968362,0.0749013269730567,0.052412756524001,105
0.0436436083729787,0.0588931078859099,0.100822744273965,0.0963645794075969,0.0397031537456668,0.0783430852691428,0.0722590765904095,0.0216188816339773,0.0311069066529831,0.0521035820214959,0.075121727001883,0.0459739917213041,0.047826805396568,0.101934388980037,0.0366083025057493,0.0458385741561109,0.0760427950115385,0.0558506824297919,0.0701589480753206,0.0357611483797054,0.0391686528390157,0.0659662516658566,0.08822003534922,0.0739243457437712,0.046893775419586,0.0628158754775698,0.0361285072662244,0.0527065290202372,0.0483523795946434,0.0913986995817347,0.0821993102330323,0.0526024760820857,0.0651163240223821,0.048007008227656,0.0345495914048291,0.0527031979361321,0.105680851344875,0.0458805126550138,0.0798087098553365,0.066812440031789,0.0633030537548409,0.0464215779288972,0.0679929613269348,0.067619059009771,0.0745786939699728,0.0535105522590765,0.0526582417729777,0.0316597721623746,0.0935561905170552,0.0482855183351131,0.0603085505520528,0.0367057700293776,0.0765454716142398,0.048610610346339,0.073847112263101,0.0542597066130837,0.0372281234487177,0.0685963289026497,0.0632194641595494,0.10490464332518,0.0495640122717615,0.0346291689134214,0.0489042759793496,0.051061632170468,0.0743688911147174,0.0387511346361346,0.0686521429996954,0.0868909131373803,0.0679800350578015,0.0602185191158767,0.0992136101228339,0.061872162572314,0.0490458626748884,0.04006045155749,0.0496599200282005,0.0608059452241032,0.0667908857337789,0.0561733653202633,0.0990649486172691,0.0822964599149818,0.0448131190669174,0.0720331792132248,0.107007124330874,0.0395726112386846,0.0602125895037048,0.0370570667709776,0.0360468372491892,0.07372244776266,0.0473917177922064,0.193808574031429,0.0327691451994013,0.0802329155941097,0.0508375772644364,0.0589072495827858,0.0834075203766127,0.0714587724247349,0.0428361048178277,0.0528030493942293,0.0802347030901133,0.0503825766258778,110
0.0475968315667953,0.0544185804651169,0.107085250517011,0.100436007439063,0.0406882211087305,0.0653586323741637,0.0583562701138592,0.0224943718043691,0.0342039929667664,0.0518080978077971,0.0805000029176725,0.0492745160418921,0.063893667494099,0.0909341993811123,0.0356225430165507,0.0425109217628434,0.0738627498565261,0.0652220418365392,0.0642530299601842,0.0361847980283953,0.036886962302942,0.0710950843692723,0.07645604074332,0.0699006366678741,0.0571429342800448,0.0486029597202963,0.037857715264155,0.0485523376676383,0.0488546544315835,0.0835388969778834,0.0802103322169013,0.0536548968299112,0.0749770574604524,0.0451178570143006,0.0315921377397178,0.0587522616656461,0.0711466117327113,0.0335825304257424,0.107802385916623,0.0561926890417129,0.0580469513659665,0.0417729762530654,0.0459509151948725,0.0778123627107224,0.076610890234532,0.0600933415167608,0.0713129789134145,0.0313239507750671,0.0979168031103459,0.0459451048553372,0.0795486134031838,0.0380886390700784,0.0628761104342632,0.0253112551631538,0.0623651250400658,0.0511014252078542,0.0387803578986219,0.0780118559795127,0.0767737699277843,0.0986928744332205,0.0486801103088736,0.0419758232708921,0.0435146634815085,0.0461814243771248,0.057678717170463,0.0467233805676911,0.0670203049797049,0.0888867579209244,0.0773338044293624,0.0574452149157902,0.0812975937271901,0.0489673836427875,0.0506152824507681,0.0440905666644027,0.0458655936778992,0.0605627409212157,0.068653765222896,0.109759231444332,0.0935598018741883,0.0886600892765309,0.0395774849269972,0.0658330103438246,0.108064879334476,0.0314586870477464,0.0833511118106449,0.0407810054717725,0.0350537726700039,0.0686952417246949,0.0430886637986407,0.18410983005531,0.0296940775918245,0.0887347146165864,0.0410185211864986,0.0560918834753189,0.0958544086687345,0.0862170400665387,0.0464718472591606,0.0412351760751546,0.0781318803498995,0.0476500845167677,115
0.0380169378430758,0.0581716155135603,0.114476559774706,0.0834245628631547,0.0386800687354236,0.0696652797371027,0.0532878589237313,0.0211324582313502,0.0320547941779685,0.051891109138334,0.0508619690075771,0.0504613974981798,0.0500739879002819,0.0998373500842751,0.0391096720037039,0.0477218587680223,0.0677992544211587,0.059979732069678,0.0597757602108345,0.0335172328544403,0.037823229761873,0.0726095531740889,0.0501900531763577,0.0659486828785405,0.06593467260855,0.0564890955076835,0.0395073572579238,0.0426101434029701,0.0508685537079718,0.0793125102195516,0.0834180337137344,0.0510214695518071,0.0782795760156369,0.0428029946744055,0.0346125322766513,0.0493202561257824,0.0674086904134472,0.0428613607324487,0.0980687391026849,0.0670125872045555,0.058334477868952,0.039142745769372,0.0649286920971117,0.0629526157595353,0.0575561772874158,0.0646781946172974,0.067630934167256,0.0322211320104002,0.0934199986601805,0.0503299286794213,0.0859461200812521,0.0385585843022709,0.0703835367346794,0.0477486902981163,0.059591311884113,0.0476467118025569,0.0438484247216802,0.0725648544252327,0.0667210681075513,0.0955749555343973,0.0434919301649776,0.0391701013496402,0.0380737989747803,0.0582389698109917,0.0827043726825283,0.0473555421357155,0.060864249582128,0.0753430321825175,0.0756424059172713,0.0448512508455335,0.0788561857368959,0.0610690551145331,0.0493485599400695,0.0442078675996023,0.0423705429213069,0.0511569933984334,0.0568890870693517,0.0771294954537425,0.102874939364719,0.0848095568133597,0.0385215004597399,0.0775026212228717,0.0855058481606886,0.0396439353344892,0.0781482316491033,0.0371190902818596,0.0306119513432458,0.0680891128380789,0.0483202435199782,0.181164406644199,0.0328985503681474,0.0793582900507886,0.0478985366069177,0.0543056802091796,0.0853371404028127,0.0758132930428558,0.0439690706860156,0.0401487754708381,0.0740048200912372,0.0474983671109343,120
0.0459099890432561,0.0517442611151737,0.115054296721754,0.0764603399074241,0.0405144844330314,0.0595911975497897,0.0617124136582975,0.024684890826722,0.0337118332430929,0.0460327209017578,0.0563949875123256,0.0445233936016332,0.0548582583452259,0.107131999630995,0.0319029057190649,0.0449750744676575,0.0733760791346068,0.0602669470163091,0.068621572521521,0.0346260623106104,0.0350843434550284,0.0619384655525289,0.0315550000022447,0.0698595194696348,0.0592146004565416,0.0627483647463709,0.036783337413738,0.0491998378614728,0.0479782513429801,0.0760981230198235,0.0800067269138256,0.0447666890163502,0.0612816267202668,0.0419109258072996,0.0302243215303565,0.0487737472540652,0.0709801037098024,0.0361672340514909,0.0893353929935564,0.0572351475380317,0.0533066065111572,0.0457100428153659,0.0469957029937546,0.0725364084868391,0.0677357723964528,0.0536122638333223,0.0567521099324645,0.0352172800989714,0.0925185783459434,0.0429892360045032,0.0561742936249109,0.0373655195596193,0.0690814747164127,0.0348728090870156,0.0720967506944546,0.0543052043805301,0.0330401063737043,0.0684195471158166,0.0669217060323899,0.0964723050426472,0.0412594322883324,0.0401804411657693,0.0398546859435448,0.0506231610259759,0.0728377104164137,0.0424783890071274,0.0618970135202846,0.0782258428992413,0.068889995806474,0.0721462228569319,0.0869930579037102,0.0673096480370321,0.051786705982976,0.0443830691876421,0.0427872610416683,0.0606204192404574,0.0492896024891466,0.0940971089501066,0.0857417607135793,0.0944447121426317,0.0358619439683395,0.0770565518879206,0.101802116402825,0.0375307749282014,0.0900348695856439,0.0384790643066333,0.0358986140347631,0.0598652213306876,0.0383183222962143,0.137806160927495,0.03235873899955,0.0894554819888474,0.0481615347419836,0.0603517316945016,0.0728808370048235,0.079690063748604,0.0531557411650544,0.0477997824542661,0.0728371040178917,0.0443246860405804,125
0.0451511282169984,0.0555728109108316,0.0997703517485703,0.0880807009363688,0.0350565506077152,0.0571344481054476,0.0539171522133644,0.0221478198654644,0.032838240762496,0.0434815713947437,0.0836025883555152,0.0431169045752479,0.0506326584702338,0.110738057697746,0.0368724328917275,0.0556689525122481,0.0724509386400614,0.0561147255209018,0.0646280810455083,0.0340441580546733,0.0355034582578869,0.0659987370819359,0.0420519386726902,0.070356419356937,0.0530858074055774,0.0613963958345504,0.0402207700154375,0.0462801800840462,0.0449006786592647,0.0775456174242347,0.0767656220752019,0.0480494847649008,0.0744529731508065,0.0408205174113839,0.0317838162803589,0.050428984589803,0.0716059087161941,0.0373068007539179,0.0750884689528007,0.0467555997884942,0.0552680939946446,0.0411305453257093,0.0506852259020985,0.0721595082109095,0.0625279337367433,0.0541567839900156,0.0556743856198162,0.0286383681032851,0.087557029038345,0.0387216689576534,0.0759289054734694,0.0336093664333904,0.061740306166609,0.0349992921626047,0.062850188582466,0.0498667630038386,0.0382278514887674,0.0726157595795263,0.0681274280364292,0.0931956238094577,0.0404680761705883,0.0384527583775527,0.0406496301783117,0.0440949381332206,0.0474855875607791,0.0439430654120797,0.0620786653360065,0.0712191144322008,0.0761487517301284,0.0580940769943148,0.0710371279182158,0.063271632208262,0.0516988560004803,0.0403736071436293,0.044381516028686,0.045433103924645,0.0596444818820767,0.0983012972205896,0.085241553524259,0.0776799286980396,0.037418942173409,0.0644245954778438,0.0987351088188794,0.0426786603805131,0.0628605403598919,0.0361695374258763,0.0337201151283084,0.0610742191221717,0.0376977546390423,0.174880241331962,0.0307061986354841,0.0643356464733666,0.0381020937932119,0.0496683044584464,0.0705983733213129,0.0736663959706413,0.0720125298624735,0.0475945264346522,0.0629583972974573,0.0443453657848015,130
0.0408126626391871,0.0568694455656359,0.0940338534196488,0.0659836095125004,0.036042351456652,0.0656233614939448,0.0521486623912341,0.0205468650488228,0.0354279517320183,0.0469814374575536,0.058891843399386,0.0453100089687294,0.0523558223275143,0.0969343868523358,0.0359204976087152,0.0519401475455487,0.0590039857938325,0.0449439279690667,0.0634791547800644,0.0315632527105851,0.0337691832992127,0.0721089407853786,0.0523711122263631,0.0606296499719888,0.0508148518633662,0.0589574100949998,0.0352588631812672,0.0397196077270143,0.0499065486386826,0.068334463821141,0.0739365363238761,0.0486357061528939,0.0676405031236151,0.0376270769509886,0.0329087268405653,0.0500297927647374,0.0763168299658566,0.0385429288988485,0.0772382514170473,0.0628825248583962,0.0608695898524949,0.0375874976704247,0.0563784051221494,0.0780141628547014,0.0612786479285092,0.0644338229543631,0.0636376038226213,0.0309333607222247,0.0908617131694572,0.0431376931849508,0.0524840687289153,0.0330323727655193,0.0657941268185543,0.0278651223013666,0.0637535320592132,0.0515083347519635,0.031672642124262,0.0659846644627865,0.0701348306706926,0.0966066566709759,0.0418634247936297,0.0374808560960735,0.0382226489669641,0.0380280556093201,0.0578319520245355,0.0478925782064037,0.0645933419793846,0.0686758017414306,0.0680584424388582,0.0621102614562295,0.0926793736920729,0.0569361858328251,0.0474533360784366,0.0393625675039745,0.0365606091472248,0.0602566944661431,0.0611189669126922,0.101255474709594,0.0932217814374156,0.0673544939722723,0.0386173726106576,0.0706560014528044,0.0895063720846695,0.0350034858338542,0.0575535485787026,0.0366845557305077,0.0294343204512863,0.0508697139009801,0.0408218143037598,0.189083726488951,0.0304419576873157,0.0728436835454443,0.0393585939696717,0.0545047606567206,0.0907187194264518,0.0763730971440141,0.0631592019939416,0.0433493358143988,0.0510172001986032,0.0435458806650165,135
0.0423412008733568,0.0573220852478262,0.10814951789458,0.0621647330615779,0.0379529888823753,0.0631136866066719,0.0587982478782727,0.020056329869615,0.0302317081141773,0.0444591189731332,0.0620782977256016,0.0468856304342078,0.0502009913506844,0.0544713938755886,0.033829553899553,0.043908676729951,0.0700231614000057,0.0503836444618209,0.0630198963379445,0.0326200736779935,0.0356483843321109,0.0619647262721705,0.0716141392197492,0.0662913107111545,0.0541462973421094,0.0597837200235044,0.0333848086494583,0.0422804606987655,0.0468949059416785,0.0717730550999505,0.0801254074274552,0.0500819830804589,0.0574998469284277,0.0389935935864671,0.0285348738443475,0.049161493547982,0.0541176477031053,0.0351630155007311,0.0839203371186163,0.0513995032038626,0.0595227198025517,0.0379266976780167,0.0518401151455647,0.0764968667593671,0.0613042524269575,0.0570487005248096,0.0498118444979953,0.0262261400109589,0.0899187220492731,0.0402806967109164,0.0839183003965481,0.0291586888835193,0.0548510069941752,0.0488469924716088,0.0587448669572908,0.0554832776319028,0.0401972770145551,0.071053073529302,0.0545724569506451,0.0984291400986969,0.0449238342201549,0.0356057452266617,0.0370770695889618,0.0363652454422269,0.0679325740428615,0.0490616728060727,0.062200245140377,0.0661802127367551,0.0732501517498714,0.0612440582662752,0.0708558422038435,0.0653743538241002,0.0455094493622313,0.035768773610783,0.0415615652873808,0.0585532074034014,0.0632248393244363,0.0765828703497856,0.0844391570273616,0.0930539648594035,0.0346030260723733,0.06771960758858,0.0819414736287899,0.0379907751232728,0.0865170309529495,0.0372895181268587,0.032191427492987,0.0512170215596088,0.0438799375732866,0.140609110173791,0.0323013860090601,0.0750287739223369,0.0367639458353318,0.0579639888916182,0.0865782347058402,0.0700322079688076,0.045350701881511,0.0415903674547723,0.0598383773070156,0.0436002107853547,140
0.0375178118974819,0.0525710089501241,0.101367209333676,0.0968480764442776,0.0341860644596309,0.0594299280911732,0.051748364436288,0.019748564848154,0.0310952985083581,0.0412121907170229,0.054510647313408,0.0424948609600644,0.0481884543418278,0.0730339755026625,0.0338150181866467,0.0471029015646182,0.0626995591464337,0.0454606354915283,0.0542111301060951,0.0308778056723486,0.0363052236679255,0.0687527808456761,0.0499104013455269,0.0608091821622056,0.0496426242702541,0.0591657086214249,0.0349120537858645,0.0400343107275156,0.0404923436306214,0.0648232379498258,0.0772100128848574,0.0486973166098193,0.0665871073158008,0.0404706831967709,0.0303342901539669,0.0437051632412152,0.0540667066400833,0.0384867235318496,0.0661897113750443,0.0568611525278477,0.0474587348896813,0.0458172601239776,0.0535841613633919,0.0750284923062785,0.0554769909621338,0.0515235430767376,0.0555637354123951,0.0300229387437262,0.0832102932774014,0.0452068925879979,0.0636404505120648,0.0297128742725404,0.0582618447035177,0.0307644004023937,0.0599274754978113,0.0488759507699714,0.0432269178788304,0.0667978219541116,0.0651897132605301,0.0933642567125033,0.0375936622947849,0.0337642623357314,0.0353810166457218,0.0426062981170884,0.0652783445864787,0.0388849404348711,0.0560927827816386,0.0657258837477886,0.0645219336009736,0.0507602258624488,0.0743320184304991,0.0611431069951434,0.0454944654135049,0.0348854784426468,0.0354338884439986,0.0593172690458116,0.0494637515934843,0.0740775347490529,0.0824465489252446,0.0776017944967634,0.0331445089221033,0.0634808342415642,0.080334953916103,0.0343202122194037,0.0644640661807357,0.0377059779912159,0.027875074986486,0.0527360880849188,0.0418684927124377,0.130939129317434,0.0283981785888345,0.0689773129342649,0.0372054082028187,0.05720100279346,0.0654013385841833,0.0607123104026622,0.0601245248841357,0.0426693896807137,0.0525026920093235,0.042507089132755,145
0.0354169014183305,0.0581616561591273,0.0982317797965505,0.0764087093504584,0.0338270748742128,0.0559256925771393,0.0599323327809065,0.0201420051429966,0.0294665160491407,0.0428235231092668,0.0613120534250977,0.0382459838527273,0.0494565864162479,0.106763180153849,0.0285262344719846,0.0443702261246232,0.0676459915376991,0.0459452764324988,0.0567427494948248,0.0299660090417838,0.0358842789267483,0.0607231357487521,0.0425301136262652,0.0649682756236162,0.0454657261463164,0.0522706373078783,0.0349164058129516,0.0395987898873126,0.0398824100905147,0.0682180453133597,0.06682580299199,0.0494491479551824,0.0755457686186725,0.0349190541507501,0.0266351105030188,0.0481095343991748,0.0636826431165686,0.0343733909358914,0.0702092200578266,0.0476932252929566,0.055203606421628,0.0374023945306803,0.0487669562948091,0.0618006618882991,0.0582448046611433,0.0464132499545817,0.0541262131709801,0.027045472984268,0.0795535899879926,0.0427144391229971,0.0778920496532364,0.0372561608935633,0.0576429141271505,0.0389796378443408,0.0488561147996069,0.0431528428915222,0.0383328604153635,0.0670427000391659,0.0495458729261775,0.0818906908408404,0.0422115842129687,0.0369453826262016,0.037575209165471,0.0351362295309233,0.0768021561980185,0.0442605637104049,0.0558053151419956,0.0543172472093008,0.0666454270588515,0.0601430290640493,0.0807708204539728,0.0566076752280306,0.0428513558372952,0.033735133736325,0.0406794665863985,0.0459096321089588,0.0486579707961824,0.0864392791689533,0.0888562320908298,0.0799416745677734,0.0348260904749869,0.064364537429128,0.075943672841521,0.0331818714661093,0.0812896734221099,0.0287960459228139,0.0315772174210039,0.0578800735454459,0.0363568561529119,0.151895809628429,0.0299755504074787,0.0590073692912029,0.0343893964635186,0.0556181878228383,0.0751807021724784,0.0748979253613811,0.0557201303729503,0.0371449586232558,0.0598197650302051,0.043135844120483,150
0.0407296781646521,0.0471003132470875,0.0935331636586734,0.0815457713896363,0.0324682246347578,0.0534895084494165,0.0555850426310013,0.0207233123550715,0.0302127907820757,0.0411637824023825,0.0481810011187333,0.0361192651474082,0.0475102514482853,0.0857562389608961,0.0289479772046653,0.0408712057285511,0.0602525455440115,0.0521595783669628,0.0551276891911048,0.0300476465803764,0.0337404651905627,0.066408487141606,0.0606008221806962,0.0635081001436097,0.0557559838764108,0.064829744317003,0.0336704708907729,0.0410662357658662,0.0442426987092275,0.0627979898055326,0.0745983144182445,0.0441392430925026,0.0723404855203382,0.0368129538802028,0.0279104616270565,0.0464153485011721,0.0755021366912894,0.0352241304754101,0.0631554079792346,0.0585381609102474,0.0533635113871785,0.0417942811915654,0.0510669795030893,0.0674291434357804,0.0640505873264588,0.0602500065538444,0.0557964506802418,0.0287038342228764,0.0705577444242051,0.0424999608873019,0.0656138583707034,0.0284650734655783,0.0582806304365635,0.0407257522789488,0.0601729150191475,0.0422343252345818,0.0345692206091729,0.061346800616577,0.064889567160203,0.08719551620635,0.0401143331080822,0.0347720008186705,0.0347149787164437,0.0398269830378932,0.0658064919900822,0.0418386426556384,0.0573638067043412,0.0679759385848881,0.0633799918080037,0.0629874001169412,0.0695502562018125,0.0537730613603762,0.0435609310826356,0.0362900146549596,0.0399796228299211,0.0474535224039809,0.0533515323917298,0.0831321645364922,0.0781757940364182,0.0792126923432961,0.034863769995202,0.0595085875825679,0.070720043477934,0.034333620447438,0.0625466231850628,0.0358316533925961,0.0287171766590327,0.0509413201114759,0.037888541334842,0.15246338724422,0.0255208176539871,0.0788499531192926,0.0455261731512426,0.051163752187956,0.067106114103616,0.0629234079773661,0.0598976345958289,0.0344081197492394,0.0452917868550975,0.0376200701913975,155
0.0380350205889497,0.0528318209323741,0.0942820797193218,0.0831106473437863,0.0360367951907159,0.0560925399554357,0.0531094659216835,0.0193484637651704,0.0283200434368199,0.0400743951116569,0.0674751399783994,0.0437149491322927,0.0448821051929145,0.0813494646044723,0.0313896189797014,0.0430599917145081,0.0643099601632293,0.0462914795659837,0.0617915654890575,0.0319742288037727,0.0345181397340305,0.060984451233052,0.0532689871943437,0.0582079198581477,0.0393968181562418,0.0529064584477553,0.0306993827077943,0.0381032307920834,0.0434006280542124,0.0620653729179128,0.0723209766830668,0.0432366688401852,0.0685943463862576,0.0349345304714619,0.0290153332682642,0.044415442377577,0.0705930589779162,0.0359596780324435,0.0649443189644472,0.040128088546095,0.0569451812195509,0.0367837857308126,0.0596128582779742,0.0639089043842178,0.065901472225901,0.0686044109327832,0.04701218977103,0.0271455232531792,0.0818750975638834,0.0403238217486517,0.0562645297436071,0.0290655128908778,0.0600687196077498,0.044925223551538,0.0539640557083834,0.0481571712705475,0.0354591020919469,0.0608195924365978,0.0592642643078657,0.0915284942797324,0.0401442989768905,0.0338120478539468,0.0338553682583823,0.0407456584943449,0.0591528797552105,0.0430100556006729,0.055142813423375,0.0607096251318614,0.0652461571274469,0.0502589601653803,0.0772905223837006,0.0562083122078432,0.0426809745064453,0.0330491818768969,0.0377012751290087,0.0515064322467409,0.0604136253844045,0.0607488749992076,0.0845070265508235,0.0677542051032172,0.0352831527924912,0.0673377022705059,0.0700544311224715,0.0355399684717023,0.0897467686670365,0.0337820629964822,0.0239621774517775,0.0566188954229083,0.0412504877053645,0.140745456633948,0.0263195890179993,0.0697355093859329,0.0391855757299977,0.050276213382815,0.0829978259491486,0.0654509147090107,0.0450669418980302,0.0422895626447722,0.0619976760315404,0.0441955102902324,160
0.0387315683930746,0.0521139910285083,0.102344715839772,0.0706089408140781,0.0331000619509115,0.0584495349798187,0.0576504332444124,0.018585525944526,0.0286721649030849,0.0370303343404065,0.0640323267485682,0.0445549012359803,0.0438941097537609,0.092015789761154,0.0294123852759154,0.0361712194792157,0.0647766093069779,0.0485574419284511,0.0578616996278509,0.0292175340082298,0.0325571742065835,0.060425149275687,0.0477554759299897,0.0592594123797747,0.0495743517219615,0.0582244701021331,0.0341636150017287,0.0427990186029054,0.0438152952580715,0.064792166318457,0.0649960894829406,0.0453910404550712,0.0657672136092294,0.0350909119921892,0.0278782307980703,0.0470426146234786,0.0619929127605726,0.0323102429644647,0.0651846969212674,0.0424047680455024,0.0431457259924772,0.0332702568108805,0.0467243316264104,0.0731918660004719,0.0555780785114984,0.0511106721125862,0.0453439829536663,0.0276224715890279,0.0874828991236048,0.0395787429965379,0.0618885394181502,0.0347252272451405,0.0562864644149089,0.039799444723275,0.0681104245308704,0.0426662470200461,0.033182784811822,0.0639850991921313,0.0571788504074277,0.0868792684178909,0.0446269002931691,0.0353860786468768,0.0344590016205016,0.0512203518599668,0.0653090457622702,0.0426467633550691,0.0535623409347143,0.0604159719000433,0.0657155609613198,0.0511765882921755,0.0865042712931054,0.0597087844124203,0.0367796949010372,0.0339008079622492,0.03553915439069,0.0536040709876207,0.0429451333656731,0.0666493559792567,0.0855598275644757,0.0752571969619982,0.0332334570265272,0.0521852826008234,0.0775688126550308,0.0351910394783795,0.0644657539946198,0.0312097729440158,0.0266706487184044,0.053104104139883,0.0344820316834606,0.176644341614291,0.0281358279699937,0.0715288002559449,0.0434456259567344,0.0479057875359445,0.0682748758380334,0.0669728619244938,0.0427162281341559,0.0349586137336415,0.0581960106307881,0.0404341141401139,165
0.0326204564552038,0.0504547811797534,0.103836069908328,0.0691106087364833,0.0311067981102541,0.0535864754199476,0.0489145669945576,0.0201986877714111,0.0284910537795992,0.0369380560444995,0.0448784470062596,0.0397293782955169,0.049670122124636,0.0661099124436794,0.0328518921208176,0.0398746092949772,0.0590668082028648,0.0434861190236332,0.0631597165061516,0.0288447136766389,0.0325108722536312,0.0574754986339646,0.0540961727315845,0.0610689858584237,0.0466736393895839,0.0527773649944305,0.0322579756368858,0.0416639791654859,0.0435019647664618,0.0591772863150383,0.0672154552073057,0.0407293622035107,0.0640007030862824,0.0329985162995352,0.0270460109319409,0.0427507167416814,0.0599270995352923,0.0319103980669528,0.0735050086344215,0.0500795731146845,0.0471193858918242,0.0369234699067212,0.0543520802079002,0.0648848906612193,0.0580184564307377,0.0417403623243717,0.0481178039934456,0.0252202041517988,0.0807420031385862,0.0426646415129795,0.0606635164904126,0.0323854569135807,0.055588329742761,0.0324592115348406,0.0534909347581509,0.0468871401487147,0.0298193365315507,0.0653771542800919,0.0610730643160575,0.0753965344883863,0.0379319078987996,0.0353232012885573,0.034015279492519,0.0402780165726838,0.0609105794003199,0.0393641910580536,0.056546141261652,0.0591941220501707,0.0657708773010813,0.0458154680396558,0.0639568299318708,0.0558604013014469,0.0394796178057836,0.035337475516296,0.0356186442379253,0.043106481053883,0.0560246926586093,0.081442915084246,0.0672822213124907,0.0651076807603867,0.0365939074620741,0.0562400373382731,0.067713739219679,0.0324797950781034,0.0653759756232352,0.0331993802070245,0.0266089955909655,0.0534559521807979,0.0346626314954546,0.118534616658402,0.0229445475291417,0.0691174583263071,0.0343679355962144,0.0498274298835735,0.0428400942248525,0.0773686236230415,0.0497937499941452,0.0432115443551474,0.0605695319789052,0.0420931876498703,170
0.0349185576410911,0.0489814328486309,0.0779122339457687,0.0648050417753476,0.0315124838384741,0.0585056834982259,0.0450423823187889,0.020070116442855,0.0273292104106188,0.0425162980038668,0.0508347316324421,0.0404117872941854,0.0505577429912423,0.0835445915779278,0.0298144186184116,0.0376305245148254,0.0582120942151571,0.0431034842405505,0.0516676308324275,0.0283741989787887,0.0303739405147465,0.0537067516591133,0.0464128353490899,0.0572566517790007,0.0526036962025981,0.0490060893763836,0.0303579015580122,0.0355771778826474,0.0414590109877563,0.0691093768479619,0.0678415943403609,0.0428994757935106,0.0724776851067747,0.0330758022551378,0.0277385056207898,0.0392208218197288,0.0699534185211786,0.0351670660130293,0.0660509402756717,0.0419096177096851,0.0535916865414981,0.0400499260241769,0.0421856138662271,0.0620868762419265,0.0672228513259338,0.0496961436296134,0.0442461062150293,0.0254710906012507,0.0789918891917126,0.0363953944890325,0.0562978773618239,0.0281594260064809,0.0573900640212807,0.0368953956301704,0.0553367208882864,0.0395969307094055,0.0319227479301335,0.0583584815286866,0.0536175735767804,0.0752174024570131,0.0367426483355992,0.0267090784149562,0.0316179265875791,0.0456983648610311,0.0536420040935823,0.0375382969998513,0.0542066655736628,0.0656677115679152,0.0637207449057875,0.0456867409589559,0.0786471044189026,0.0475687401294708,0.0419723602830663,0.0358462181650669,0.0364964493454336,0.0522254136904525,0.0461362508550994,0.0629370645620897,0.0703658233192539,0.0705522661604931,0.0315777397057054,0.0544680303312531,0.0698152035185137,0.0314429138571748,0.0617292545162594,0.0296653838621926,0.0244910554305975,0.04952922894004,0.0358248188914143,0.163195494636589,0.0260694190271328,0.0674185470424936,0.0393200281096052,0.0496839101467992,0.065473520422439,0.0727799213690637,0.0489602264697826,0.0373328099565457,0.0586950979021767,0.0378994428762167,175
0.0322921008042778,0.0529107378925807,0.0844927377997357,0.0680605335939049,0.0314775974284143,0.058272479433583,0.0549209872926209,0.0204558773022975,0.0292291274001343,0.0409943691137199,0.0449581133196113,0.0359661485023511,0.0420876600624385,0.0578855167190095,0.026342355530954,0.0339673534105851,0.0633367464861121,0.0446612599584716,0.0534012907020806,0.0282752875859103,0.0304473602190273,0.0572058009875078,0.057529855584345,0.0587987517925154,0.0464581405145787,0.0508268187102949,0.0310180101463904,0.0388912222482747,0.0393658139444204,0.0677407787178046,0.0651646627817393,0.0417194529770294,0.0586113883324387,0.0339866056466264,0.0276254773175435,0.0451078535109867,0.0407485967529106,0.0330302123045021,0.0628366271169237,0.0450929105755131,0.0469376236815658,0.0318555647754818,0.0471846377681054,0.0618788200140425,0.0537474901955873,0.0553560744901279,0.0521576132214132,0.0238128341799153,0.0774969414276689,0.0404567412239258,0.0697547597624974,0.0289005260195179,0.0569150140219773,0.0419540649148971,0.059723992210082,0.0394873469310102,0.0304166238401564,0.0642195589302031,0.0481185149909183,0.0858660864328467,0.0364600189846462,0.0288242529945853,0.0320278632043833,0.041234390653218,0.0661492234132358,0.0374105612641714,0.0491304412941748,0.0651553089982632,0.0664462380609881,0.0554441753801254,0.0706135705254755,0.0485366705862507,0.0358576884175869,0.0310149661900853,0.0377996304052736,0.0452809874300537,0.0513824605179391,0.0774145993064612,0.0833603976115521,0.0636018218791373,0.0316316262758262,0.0568903136983632,0.0656792192708826,0.0330114893484105,0.0640034354957503,0.0261947639936713,0.0259341178810524,0.0498560853331372,0.03634195888077,0.14519452177539,0.0251403314946304,0.068393042293331,0.0385670395340434,0.0432525258581439,0.0633988864114291,0.0597572499947917,0.0508186666901962,0.0370796004390235,0.0505434579062385,0.0379026451459012,180
0.0350650761557699,0.0495325398598537,0.106029817871514,0.0707192151553085,0.0300254388435671,0.0493511857945729,0.050026762110458,0.0182371088549673,0.0267416575072393,0.0381364247894152,0.0573833705361554,0.0381713168593531,0.0419761457928115,0.0664147090787424,0.0306316487935706,0.0429107593944991,0.059048659616494,0.043147665658373,0.050662300162011,0.0272312906180318,0.0299522721706546,0.0560642635028751,0.0447680185118465,0.0534992968782771,0.0409533816286674,0.044690879655422,0.0341350811927777,0.0398826562477252,0.0411248136658044,0.0607696274276015,0.0607874802457385,0.0391952555027934,0.0672229888962273,0.0311219315517615,0.0247377904034131,0.0405574522515919,0.0597330514869402,0.0332466791661713,0.0773829370793956,0.0454643246820155,0.0472462073042313,0.0321955115899526,0.0416550959039136,0.0528499677120575,0.0549601973540874,0.051333127121864,0.0450637385244821,0.0247462491105809,0.0717541651882528,0.0382182673991729,0.0517057427726079,0.0274514067435097,0.0555219556032276,0.0343687424066183,0.0542251571859563,0.0415839500810213,0.0313831896013552,0.0599101588918623,0.0510517938947223,0.0808191322325823,0.0373119032429063,0.0276173468863556,0.0349364819949359,0.0305632952087412,0.0503779298987518,0.0368061715143926,0.0535800559885184,0.0538471213242998,0.0553164246288715,0.0550433940485976,0.0689783351000746,0.0500034139119063,0.037208526450853,0.0325985506203381,0.0391360294407556,0.0457395951786222,0.0470769174424246,0.0705685543243654,0.0743884961728518,0.0718014950493124,0.0346912754529221,0.0594744597210258,0.0741872901002801,0.0313329355458369,0.0715672419748697,0.0306950925979679,0.0262845174383023,0.0537496972735223,0.0314386597521769,0.123128419346489,0.0264159927079004,0.0610358479681022,0.0418290460457685,0.046648735154354,0.0749294276973648,0.0537342376961148,0.0528746187278432,0.0438778465031175,0.0445460105601354,0.041203325810274,185
0.0278840879907356,0.0496819048653197,0.110874905113254,0.0756617644661375,0.0321447745897018,0.0515978144119353,0.0507261833641694,0.0181888256969366,0.0276725302868257,0.0401333527989097,0.04890738008121,0.03760240755866,0.0475192856574503,0.0818132165665614,0.028866675534147,0.0371547568997675,0.0578254840717021,0.0392588796589409,0.0566072206353189,0.0259277770951489,0.0321010056009284,0.0555593903821097,0.056098193080242,0.0586333829038869,0.0430048698816002,0.0459077828136839,0.0306577641889097,0.0364959815768439,0.0379488420277677,0.0620974364073449,0.0651836787179564,0.04080815381252,0.058053121298729,0.0294325436751766,0.0262376898864202,0.035986409736134,0.0572093562958629,0.0298319502180302,0.0734945140789774,0.0429083416816548,0.048682392489907,0.0309075832149383,0.05014968363004,0.0673330727725546,0.0513400544406282,0.0539797158344052,0.0439605265017041,0.0238452291992212,0.0726052719370903,0.0398447585344621,0.04831613797571,0.0292756960174884,0.053727568292637,0.0342601330622978,0.0547722658938587,0.0437759702042389,0.0336310308884233,0.0598509181100756,0.0459380585060457,0.0715688307946568,0.0377427065159214,0.0322456498081554,0.033069401570287,0.0394983082497142,0.0631731152142115,0.0386962516281221,0.0473457750581471,0.0588387687128449,0.0596458310292647,0.0541913326874303,0.0595213555164072,0.0488392764668224,0.0361671961755531,0.031526468735924,0.0351547115524328,0.0482740014335191,0.0472659188936268,0.0255271637440791,0.0571487332164609,0.0734155467954682,0.0314911008424057,0.0550818287154826,0.074184259724129,0.0340726272500384,0.0706304377230395,0.0299131719647317,0.0277795373153459,0.0504502187141094,0.0337337591721432,0.142385624718759,0.0252155385425667,0.0618695011223836,0.0360808538070455,0.0472638093005261,0.0663525870309497,0.0593057463965247,0.0522949158590746,0.0384642947280587,0.0577745281417102,0.0401997397142735,190
0.0372814132834915,0.0475575310038007,0.0957305858808505,0.0821003667043193,0.0282249818109178,0.0513253808203683,0.0495480232098499,0.0179621113681589,0.0256159076201701,0.0390137209694025,0.0661019648594147,0.0355044655000669,0.043754153874819,0.0589569004873442,0.0292902948027963,0.0339650597986533,0.0576228869956615,0.0453471475328648,0.0585808348840457,0.0259837478141424,0.0299583479105941,0.0583667778506565,0.0488788445535007,0.0533691527281072,0.047051191910578,0.0473298260614047,0.0339143773682279,0.0348717103017617,0.0387537690693136,0.0705177725896878,0.060318918014518,0.0418936299279572,0.0491126021472241,0.0338929745813749,0.0265082952995321,0.0413622925209583,0.072675379082344,0.0267887667044579,0.0561308994088469,0.0465831652824081,0.0500984018199877,0.0316165749843929,0.0432812716917418,0.0554919759602129,0.0489536791524058,0.0481432340974155,0.0520005933018277,0.0251680850618437,0.0748268920434138,0.0335898475997936,0.0483841040604318,0.0271925068092745,0.0538762108788731,0.0369344132304522,0.0551381049150352,0.0414514905112866,0.0305680058365682,0.0572301548871564,0.0587272035949187,0.0785203965065314,0.0336876479289464,0.0328833012778953,0.0303913186836873,0.0350795465909347,0.0611129620764988,0.0400011444771892,0.0516006391339013,0.0635135161968855,0.0589845392648373,0.0551553470415349,0.0682013098956817,0.0550395806596501,0.0373098994187665,0.0297180007269247,0.0357553940540725,0.0407260520627392,0.0518622696038115,0.0752040491414739,0.06280298888387,0.0733951696314094,0.0323738250672528,0.0601199704690729,0.0675622647736404,0.0307527923444397,0.0677010839083306,0.0264943776601072,0.0284190484848861,0.049067010480779,0.0323848036715266,0.125784789412877,0.0238776393364268,0.0613612945327997,0.0327637445356677,0.0458901537821241,0.06461213861697,0.0646766112999114,0.04303176953906,0.0352114400181311,0.0506054755542208,0.034497569173879,195
0.0337567710337696,0.0434466088422256,0.085803222275879,0.0612290585538435,0.0306697749178711,0.0511477006422308,0.0491314489061127,0.0197697838522656,0.0246146042234445,0.035086274969151,0.0498104402069941,0.0395479472769886,0.0421148050889056,0.0657844939183189,0.0298804981705032,0.0347296295322105,0.052983028374215,0.0438953944426724,0.053030958058864,0.0255403713643545,0.0292422835159472,0.0589121127804205,0.0425792337621888,0.0555336725068457,0.0416271945764513,0.046442968410733,0.0285008248275071,0.0339210751134025,0.0404519311303099,0.0607316472543896,0.0608297794726812,0.0400075178018903,0.0609493048994076,0.028140708459542,0.0261213914019096,0.0430368212714877,0.053309500186338,0.0306267644735468,0.0669587599100433,0.0417509012832066,0.0415824658049433,0.0337636490834192,0.0374860172102652,0.0572436201622765,0.0503269946003044,0.0558836572818934,0.0451645260826552,0.0242936372591388,0.0686896724014956,0.0322596110005333,0.0646598780395681,0.0311060281052457,0.0555604196422793,0.033979256756896,0.051204696421401,0.0433495769252155,0.0323466949357436,0.0556667309911678,0.0496180015288947,0.0690487436270844,0.0355768894162488,0.0318017929670734,0.0332174333843252,0.0335125710941705,0.0672254982798268,0.0408254937581395,0.0502629551621879,0.0604415459373046,0.0592538260150014,0.0483851474228204,0.0685535517252154,0.0526880560983705,0.035345833152508,0.0328631243796876,0.0323662817217468,0.0419810083919088,0.046949244010885,0.0413971930618705,0.0732128357382549,0.0656931534013988,0.0299669603100982,0.0515671795047823,0.0666255977098631,0.0295667905490785,0.0645918895512403,0.0321462213811964,0.0248253362809804,0.0492199750962999,0.0330215129485684,0.14211719662771,0.0236968440884893,0.0596736436281827,0.0369188475984323,0.046927999969209,0.0626529136597953,0.0664368381315557,0.0476942287271463,0.0361801527604117,0.0454563606640027,0.0378219737678732,200
