pairID,word1,word2,POS,similarity,association,n_sim,n_asso,JWSAN_1400
p0001,うら悲しい,物憂い,3,2.85,3.49,150,150,0
p0002,おっかない,酷い,3,1.56,2.78,170,140,0
p0003,か細い,弱い,3,3.36,4.22,140,130,1
p0004,きつい,ごつい,3,1.58,2.56,170,140,0
p0005,きつい,煙たい,3,1.35,2.64,170,130,0
p0006,きつい,甚だしい,3,1.92,2.91,150,140,1
p0007,きつい,悲しい,3,1.51,3.28,170,130,1
p0008,けたたましい,淡い,3,0.79,1.36,180,130,0
p0009,けばけばしい,どぎつい,3,3.64,4.35,140,130,1
p0010,こっ酷い,強い,3,1.14,2.12,170,160,0
p0011,さもしい,醜い,3,2.33,2.88,140,130,1
p0012,しんどい,不味い,3,1.39,2.58,170,130,0
p0013,そそっかしい,空しい,3,0.74,1.65,160,150,0
p0014,ださい,深い,3,0.58,1.36,170,130,0
p0015,ちょろい,平たい,3,0.89,1.63,170,150,0
p0016,でかい,どでかい,3,4.57,4.86,180,160,0
p0017,でかい,高い,3,2.13,3.24,160,150,0
p0018,でかい,茶色い,3,0.51,0.86,180,140,0
p0019,とろい,鈍い,3,4.31,4.63,170,130,1
p0020,とろい,難しい,3,0.87,2.08,180,160,0
p0021,ひもじい,固い,3,0.69,1.33,160,150,0
p0022,ひ弱い,等しい,3,0.63,1.43,160,120,0
p0023,めんこい,可愛い,3,5.25,5.14,160,170,0
p0024,やばい,危ない,3,4.11,4.79,180,140,1
p0025,愛くるしい,芳しい,3,1.44,2.75,190,140,0
p0026,暗い,湿っぽい,3,2.38,3.7,170,160,1
p0027,暗い,重苦しい,3,2.69,4.12,180,140,1
p0028,暗い,薄黒い,3,2.99,3.77,170,150,0
p0029,暗い,物悲しい,3,2.18,3.38,160,150,1
p0030,暗い,物憂い,3,2.17,3.24,180,160,0
p0031,偉い,心安い,3,0.85,2.23,170,140,0
p0032,遠い,黄色い,3,0.57,0.93,160,150,1
p0033,遠い,気怠い,3,1.02,2.24,180,160,0
p0034,汚い,醜い,3,3.36,4.12,160,150,1
p0035,奥床しい,慎ましい,3,3.53,3.91,180,140,0
p0036,奥床しい,慎み深い,3,3.69,3.86,180,150,0
p0037,奥深い,厳めしい,3,1.43,2.34,150,150,0
p0038,黄色い,呪わしい,3,0.46,1.24,180,150,0
p0039,黄色い,粗い,3,0.71,1.24,150,140,0
p0040,温かい,口喧しい,3,0.83,1.8,180,160,0
p0041,可愛い,素晴らしい,3,1.84,3.12,170,130,1
p0042,可笑しい,そそっかしい,3,1.19,2.65,140,130,0
p0043,可笑しい,物珍しい,3,1.75,2.63,130,150,1
p0044,可笑しい,面白い,3,3.72,4.19,170,140,1
p0045,可笑しい,面白おかしい,3,4.01,4.2,160,120,0
p0046,怪しい,覚束無い,3,1.82,2.8,180,160,0
p0047,怪しい,疑わしい,3,4.31,4.73,160,100,1
p0048,怪しい,訝しい,3,3.29,3.69,160,170,0
p0049,覚束無い,甲斐甲斐しい,3,1.31,2.11,140,130,0
p0050,覚束無い,呆気ない,3,1.71,2.55,150,150,0
p0051,楽しい,面白い,3,4.05,4.45,170,130,1
p0052,楽しい,麗しい,3,1.48,2.91,190,140,0
p0053,危うい,覚束無い,3,2,2.9,160,100,0
p0054,危ない,覚束無い,3,2.33,3.08,130,150,0
p0055,危ない,険しい,3,3.33,4.39,170,140,1
p0056,嬉しい,口惜しい,3,0.74,2.24,160,120,0
p0057,嬉しい,麗しい,3,1.64,2.61,130,150,1
p0058,忌ま忌ましい,憎らしい,3,3.74,4.04,160,150,0
p0059,忌ま忌ましい,煩わしい,3,2.59,3.05,160,150,0
p0060,気高い,神々しい,3,3.09,3.95,170,150,1
p0061,気弱い,回りくどい,3,0.93,1.99,130,150,0
p0062,気怠い,手堅い,3,1.06,1.89,170,160,0
p0063,気難しい,恐ろしい,3,1.49,2.71,170,130,0
p0064,輝かしい,粘り強い,3,0.9,2.12,160,170,0
p0065,宜しい,潔い,3,1.65,2.65,170,150,1
p0066,宜しい,良い,3,3.24,3.81,160,150,1
p0067,恐ろしい,悍ましい,3,2.02,2.82,140,130,0
p0068,仰々しい,空々しい,3,1.51,2.6,170,130,0
p0069,近い,限り無い,3,1.23,2.26,150,140,0
p0070,苦い,草深い,3,0.96,1.96,170,140,0
p0071,苦い,程良い,3,0.67,2.04,180,150,0
p0072,激しい,寒々しい,3,0.98,1.8,160,170,0
p0073,激しい,荒々しい,3,4.05,4.56,180,140,1
p0074,潔い,良い,3,2.14,3.41,170,140,1
p0075,堅苦しい,古めかしい,3,1.64,3.01,160,150,1
p0076,賢い,鋭い,3,2.51,3.91,160,120,1
p0077,限り無い,ぼろい,3,0.78,1.55,170,150,0
p0078,厚かましい,空しい,3,0.69,1.74,160,150,0
p0079,口汚い,古めかしい,3,0.75,1.53,170,150,0
p0080,口惜しい,真新しい,3,0.54,1.5,160,100,0
p0081,好ましい,快い,3,3.28,4.09,160,100,1
p0082,好ましい,宜しい,3,2.73,3.49,150,140,1
p0083,好ましい,頼もしい,3,2.02,3.21,130,150,1
p0084,甲高い,黄色い,3,1.94,3.07,170,150,1
p0085,酷い,ひ弱い,3,1.05,2.04,170,150,0
p0086,黒い,刺々しい,3,1.09,2.41,190,140,0
p0087,細い,薄い,3,2.1,3.42,180,130,1
p0088,細長い,心憎い,3,0.69,1.24,160,100,0
p0089,歯痒い,苛立たしい,3,3.32,3.8,160,150,0
p0090,似合わしい,正しい,3,1.71,2.81,150,140,0
p0091,似合わしい,相応しい,3,3.78,4.09,170,150,0
p0092,若い,物狂おしい,3,0.79,2.02,170,140,0
p0093,弱い,脆い,3,3.45,4.03,170,130,1
p0094,手堅い,寒々しい,3,0.71,1.81,170,140,0
p0095,重い,慎み深い,3,1.24,2.27,160,150,0
p0096,重い,物狂おしい,3,1.48,2.4,150,140,0
p0097,重い,鬱陶しい,3,2.44,3.72,170,130,1
p0098,重苦しい,心憎い,3,1.45,2.77,170,130,0
p0099,重苦しい,鬱陶しい,3,2.95,3.69,150,140,1
p0100,小さい,若い,3,1.92,3.02,170,150,1
p0101,小賢しい,口惜しい,3,1.16,2.11,180,150,0
p0102,情け深い,ごつい,3,0.74,1.46,160,170,0
p0103,心許ない,軽々しい,3,1.54,2.69,180,160,1
p0104,心強い,著しい,3,1.01,2.15,160,120,0
p0105,心強い,腹黒い,3,0.75,1.62,160,170,0
p0106,心憎い,刺々しい,3,1.86,2.71,170,150,0
p0107,心地良い,楽しい,3,3.44,4.48,180,130,0
p0108,心地良い,麗しい,3,1.84,3.07,160,150,0
p0109,慎ましい,馬鹿馬鹿しい,3,0.83,1.69,180,140,0
p0110,慎ましい,忝い,3,1.65,2.59,130,150,0
p0111,新しい,厚い,3,0.64,1.5,180,140,1
p0112,深い,晴々しい,3,0.84,1.79,170,160,0
p0113,真っ黒い,ひもじい,3,0.67,1.47,150,150,0
p0114,真っ黒い,渋い,3,1.05,2.22,140,130,0
p0115,親しい,神々しい,3,0.87,1.71,180,130,0
p0116,身軽い,ひ弱い,3,1.19,1.94,130,150,0
p0117,水臭い,疎い,3,1.3,2.04,160,150,0
p0118,凄い,怖い,3,1.28,2.52,160,150,1
p0119,凄まじい,荒い,3,2.37,3.51,180,130,1
p0120,凄まじい,悍ましい,3,1.74,2.68,170,150,0
p0121,正しい,良い,3,3.95,4.76,170,160,1
p0122,清々しい,心無い,3,0.83,1.79,180,140,0
p0123,清い,そそっかしい,3,0.57,1.45,180,150,0
p0124,青い,禍々しい,3,1.14,1.67,180,130,0
p0125,青い,神々しい,3,0.84,1.95,170,150,0
p0126,青白い,身軽い,3,0.68,1.39,180,160,0
p0127,脆い,呆気ない,3,2.17,3.16,190,140,1
p0128,浅ましい,鋭い,3,0.96,1.86,170,160,0
p0129,素っ気ない,蒸し暑い,3,0.47,1.07,160,150,0
p0130,素晴らしい,輝かしい,3,3.78,4.49,170,160,1
p0131,早い,口喧しい,3,1.05,2.15,170,130,0
p0132,相応しい,ぼろい,3,0.8,1.73,150,140,0
p0133,騒々しい,目新しい,3,0.73,1.77,160,150,0
p0134,息苦しい,嬉しい,3,0.67,1.58,170,130,0
p0135,尊い,ひょろ長い,3,0.51,1.19,170,160,0
p0136,尊い,気高い,3,3.14,3.87,160,150,1
p0137,尊い,恐れ多い,3,2.67,3.86,180,130,1
p0138,多い,真新しい,3,0.57,1.71,170,150,0
p0139,太い,広い,3,1.97,3.24,160,170,1
p0140,珍しい,目新しい,3,3.55,4.42,150,150,1
p0141,痛い,遠い,3,0.54,1.38,160,100,1
p0142,痛い,苦しい,3,3.31,4.44,170,150,1
p0143,痛い,小賢しい,3,0.92,2.05,160,100,0
p0144,痛ましい,短い,3,0.59,1.37,160,150,0
p0145,程良い,難しい,3,0.92,2.36,160,120,0
p0146,等しい,近い,3,2.73,3.65,150,150,1
p0147,等しい,血腥い,3,0.96,1.85,180,140,0
p0148,熱い,気怠い,3,1.05,2.21,170,160,0
p0149,馬鹿馬鹿しい,疑い深い,3,0.94,2.27,170,150,0
p0150,白い,ひょろ長い,3,0.79,2.35,170,130,0
p0151,白い,慎み深い,3,0.96,1.83,150,150,0
p0152,煩い,騒々しい,3,2.94,3.7,180,130,1
p0153,煩い,騒がしい,3,3.28,3.91,160,150,1
p0154,卑しい,汚い,3,2.53,3.66,180,150,1
p0155,卑しい,浅ましい,3,3.13,3.89,190,140,1
p0156,卑しい,如何わしい,3,2.33,3.18,180,130,0
p0157,悲しい,憂い,3,2.76,3.75,170,150,1
p0158,美しい,麗しい,3,4.21,4.36,170,130,1
p0159,貧しい,情け深い,3,0.81,1.62,160,150,0
p0160,不味い,見苦しい,3,1.56,2.76,180,150,0
p0161,不味い,拙い,3,2.15,2.86,160,150,0
p0162,怖い,恐ろしい,3,4.89,4.85,180,150,1
p0163,腹黒い,早い,3,0.54,1.29,140,130,0
p0164,平たい,丸っこい,3,0.86,2.57,160,120,0
p0165,芳しい,香ばしい,3,2.83,3.56,190,140,1
p0166,乏しい,堅苦しい,3,0.79,1.72,160,150,0
p0167,忙しい,慌ただしい,3,4.04,4.71,150,150,1
p0168,無い,軽い,3,1.33,2.46,160,170,1
p0169,明るい,慎み深い,3,0.94,2.07,160,150,0
p0170,明るい,淡い,3,1.93,2.99,150,140,1
p0171,面白い,早い,3,0.71,1.73,190,140,1
p0172,目覚ましい,素晴らしい,3,2.87,3.85,130,150,1
p0173,目新しい,煩い,3,1.01,2.09,190,140,0
p0174,優しい,温かい,3,2.73,4.14,160,150,1
p0175,優しい,懐こい,3,1.71,3.03,160,120,0
p0176,優しい,柔らかい,3,2.7,3.82,160,170,1
p0177,優しい,軟らかい,3,2.25,3.51,140,130,1
p0178,勇ましい,雄々しい,3,4.02,4.52,130,150,1
p0179,有り難い,色好い,3,1.26,1.87,160,150,0
p0180,幼い,若い,3,3.75,4.1,170,130,1
p0181,幼い,青臭い,3,3.26,3.95,160,120,1
p0182,冷たい,寒い,3,3.54,4.88,190,140,1
p0183,冷たい,素っ気ない,3,3.79,4.52,150,150,0
p0184,侘しい,寂しい,3,3.07,3.71,160,100,1
p0185,儚い,拙い,3,1.64,2.55,170,150,1
p0186,眩い,輝かしい,3,3.33,4.07,180,160,0
p0187,眩い,美々しい,3,2.59,3.13,160,100,0
p0188,眩しい,輝かしい,3,3.46,4,170,130,1
p0189,しゃくる,呼び戻す,2,1.02,1.75,160,150,0
p0190,ぶら下げる,垂らす,2,3.89,4.37,190,140,1
p0191,囲む,済ます,2,0.81,1.64,160,170,0
p0192,為さる,致す,2,2.31,3.09,170,150,1
p0193,移す,置き換える,2,3.05,3.91,170,130,0
p0194,移る,遣り過ごす,2,1.41,2.58,170,130,0
p0195,移る,転ずる,2,3.47,3.69,180,150,1
p0196,移る,崩れ落ちる,2,0.83,2.26,170,140,0
p0197,育つ,甘やかす,2,1,2.97,140,130,0
p0198,引き下げる,落とす,2,2.81,3.63,140,130,1
p0199,引き締める,張り詰める,2,1.82,3.13,180,150,0
p0200,引き締める,張る,2,2.08,3.23,170,140,1
p0201,引き返す,戻る,2,4.46,4.8,170,140,0
p0202,引き戻す,跳ね上がる,2,0.88,2.05,170,140,0
p0203,引っ掻く,褒める,2,0.66,1.19,170,160,0
p0204,飲み込む,失う,2,1.03,2.15,190,140,0
p0205,渦巻く,躱す,2,1.35,2.46,170,150,0
p0206,栄える,賑わう,2,3.59,4.57,190,140,1
p0207,押さえる,込み上げる,2,1.2,2.82,150,140,1
p0208,押さえ込む,突き抜ける,2,1.12,2.05,170,130,0
p0209,押し掛ける,吹き付ける,2,1.12,2.01,160,150,0
p0210,押し寄せる,降り懸かる,2,2.16,3.15,170,140,1
p0211,押し上げる,突き抜ける,2,2.08,3.42,160,170,1
p0212,温める,熱する,2,3.82,4.57,190,140,0
p0213,温める,掠める,2,1.12,2.33,170,140,1
p0214,下がる,減る,2,3.35,4.24,130,150,1
p0215,下がる,落ちる,2,3.32,4.34,170,150,1
p0216,下がる,落ち込む,2,3.28,4.15,180,140,0
p0217,下げる,落とす,2,3.02,3.67,170,150,1
p0218,下さる,倒れる,2,0.93,1.81,180,130,1
p0219,下りる,伝う,2,0.95,2.17,160,150,0
p0220,加える,足す,2,4.86,4.76,160,150,1
p0221,果てる,逝く,2,3.53,4.07,160,150,1
p0222,火照る,焦がす,2,1.75,3.05,140,130,1
p0223,課する,裁く,2,1.79,3.02,170,130,1
p0224,霞む,ぼやける,2,4.21,4.17,160,150,1
p0225,回す,繰る,2,1.85,3.03,170,150,1
p0226,回す,捻る,2,2.16,3.28,160,120,1
p0227,回る,捻る,2,1.78,2.74,180,140,1
p0228,戒める,書き記す,2,1.1,2.16,150,150,0
p0229,改まる,翻す,2,1.85,2.85,170,130,1
p0230,改める,正す,2,4.34,4.48,170,130,1
p0231,改める,転ずる,2,2.16,3.24,140,130,1
p0232,外す,脱する,2,3.31,3.84,160,150,1
p0233,外す,略す,2,2.01,2.85,180,160,1
p0234,確かめる,惑わす,2,0.82,2.09,150,150,0
p0235,学ぶ,習う,2,4.58,4.95,170,150,1
p0236,掛かる,攻める,2,1.55,2.55,170,150,1
p0237,掛ける,成す,2,1.16,2.08,170,130,1
p0238,割る,欠く,2,2.59,3.67,160,120,1
p0239,割る,罵る,2,0.88,1.84,170,150,0
p0240,割る,立ち入る,2,1.83,2.56,150,140,1
p0241,割れる,砕ける,2,3.98,4.39,160,150,1
p0242,割れる,試す,2,0.74,1.68,160,170,0
p0243,噛み締める,汲み取る,2,1.35,2.32,130,150,0
p0244,刈る,研ぐ,2,1.82,2.9,130,150,1
p0245,乾かす,防ぐ,2,0.78,1.66,180,140,0
p0246,感じ取る,気付く,2,3.86,4.49,160,150,0
p0247,緩む,薄れる,2,1.89,2.97,140,130,1
p0248,緩める,解す,2,2.2,3.33,160,120,1
p0249,間に合う,遊ぶ,2,0.67,1.72,150,140,1
p0250,陥れる,呼び戻す,2,0.83,1.96,190,140,0
p0251,含む,盛り込む,2,3.18,3.72,180,160,1
p0252,寄る,言い渡す,2,1.21,2.21,190,140,0
p0253,気付く,見出だす,2,3.07,3.88,160,150,0
p0254,起き上がる,打ち消す,2,0.71,1.48,180,140,0
p0255,吸い込む,演ずる,2,0.64,1.68,170,130,0
p0256,強まる,深まる,2,3.16,4.03,160,100,1
p0257,強める,高める,2,2.85,3.96,170,150,1
p0258,強める,深める,2,2.52,3.75,170,130,1
p0259,恐れる,慕う,2,0.67,1.91,160,150,0
p0260,教える,育てる,2,3.03,4.36,180,130,1
p0261,教え込む,覚える,2,1.79,3.83,160,150,0
p0262,曲がる,当たる,2,0.8,1.99,150,150,1
p0263,曲げる,飛び越える,2,0.76,1.7,180,140,0
p0264,掘る,上る,2,0.72,1.78,180,150,1
p0265,形作る,画する,2,2.1,3,160,170,1
p0266,掲げる,遣り過ごす,2,1.01,2.02,170,150,0
p0267,繋がる,進める,2,1.52,2.94,170,150,1
p0268,繋ぐ,告げる,2,1.04,2.11,160,150,1
p0269,結ぶ,分かる,2,1,2.48,170,140,1
p0270,研ぐ,磨く,2,4.04,4.52,170,130,1
p0271,見える,ぼやける,2,1.37,3.34,180,160,1
p0272,見える,脅かす,2,0.76,1.72,170,130,0
p0273,見る,試す,2,1.45,3.02,170,140,1
p0274,見る,切る,2,0.52,1.71,160,150,1
p0275,見下ろす,養う,2,0.76,1.71,160,120,0
p0276,見合う,荒らす,2,0.68,1.48,170,130,0
p0277,見合う,滲む,2,1.16,2.05,180,130,1
p0278,見据える,嘲る,2,1.41,2.17,170,150,0
p0279,見比べる,調べる,2,2.76,3.93,180,140,1
p0280,遣り直す,煽る,2,1.22,2.25,170,150,0
p0281,減る,衰える,2,2.65,3.66,150,150,1
p0282,減る,落ち込む,2,1.77,3.34,190,140,0
p0283,現われる,入れ替わる,2,1.24,2.49,160,150,0
p0284,言う,買い取る,2,0.59,1.68,170,150,0
p0285,呼び掛ける,放る,2,0.99,1.86,180,130,1
p0286,呼び出す,押し掛ける,2,1.03,3.03,170,130,0
p0287,呼び戻す,引き延ばす,2,0.87,2.1,180,150,0
p0288,悟る,感じ取る,2,3.48,4.11,140,130,0
p0289,交ぜる,掻き混ぜる,2,3.69,4.2,180,130,1
p0290,交わす,引き替える,2,1.69,2.72,160,100,1
p0291,交わす,切り替える,2,1.26,2.44,170,160,1
p0292,口走る,甘やかす,2,0.88,1.48,130,150,0
p0293,向ける,被せる,2,1.21,2.3,160,100,1
p0294,広がる,膨らむ,2,3.81,4.46,160,150,1
p0295,広まる,掛け合う,2,1.16,2.5,170,140,0
p0296,広まる,飼う,2,0.69,1.53,150,140,0
p0297,広める,通る,2,1.44,2.56,170,150,0
p0298,考える,研ぐ,2,1.5,2.66,180,160,1
p0299,考える,当て嵌める,2,1.62,3.29,190,140,1
p0300,考え込む,逃げる,2,0.84,2.05,170,150,0
p0301,降る,惚れる,2,0.66,1.37,160,100,0
p0302,合わす,結び付ける,2,3.13,3.94,180,140,0
p0303,合わす,整える,2,2.74,3.65,160,170,1
p0304,差し込む,運ぶ,2,0.89,2.08,170,130,0
p0305,差し込む,挟む,2,3.12,3.44,170,130,0
p0306,差し込む,剥がす,2,0.92,2.14,160,120,0
p0307,催す,覚える,2,1.08,2.15,170,130,1
p0308,砕く,嘲る,2,1.58,2.45,160,150,1
p0309,作り上げる,波打つ,2,0.78,1.77,160,120,0
p0310,作る,織る,2,2.76,3.89,160,150,1
p0311,削ぐ,減らす,2,3.32,4.19,180,160,1
p0312,削る,限る,2,1.59,2.45,160,150,1
p0313,晒す,拭き取る,2,1.03,2.13,180,160,0
p0314,晒す,青褪める,2,1.49,2.43,170,150,0
p0315,仕込む,育てる,2,2.24,3.39,170,140,1
p0316,仕上げる,済む,2,3,3.68,140,130,1
p0317,仕上げる,成し遂げる,2,3.77,4.28,160,150,0
p0318,仕舞う,済ます,2,2.01,3.19,160,100,1
p0319,仕立てる,為さる,2,1.66,2.54,170,160,1
p0320,仕立てる,成る,2,2.55,3.56,180,140,1
p0321,思い描く,似る,2,1.08,2.2,160,150,0
p0322,支える,崩れ落ちる,2,0.95,2.81,180,140,1
p0323,死ぬ,逝く,2,5.28,5.06,180,150,1
p0324,持ち上がる,起きる,2,2.16,3.22,180,140,1
p0325,持ち上げる,振り絞る,2,0.83,1.98,180,150,0
p0326,失せる,消える,2,4.29,4.59,160,150,1
p0327,失せる,無くなる,2,4.21,4.64,180,130,1
p0328,偲ぶ,覚える,2,1.33,2.28,160,170,1
p0329,偲ぶ,思い返す,2,3.48,4.2,170,130,0
p0330,写す,食する,2,0.53,1.39,160,150,0
p0331,捨てる,突き放す,2,2.33,3.65,150,150,1
p0332,煮る,茹でる,2,3.46,4.35,160,100,1
p0333,借りる,貸す,2,1.39,4.34,180,150,1
p0334,弱まる,静まる,2,2.42,3.74,190,140,1
p0335,弱る,減る,2,2.12,3.19,160,120,1
p0336,取り掛かる,始める,2,4.72,4.67,180,150,1
p0337,取り消す,研ぐ,2,0.7,1.35,160,150,0
p0338,取り入れる,組み込む,2,3.94,4.09,160,150,0
p0339,取り入れる,用いる,2,3.56,3.95,170,150,1
p0340,取り付ける,嵌める,2,1.55,2.53,180,150,1
p0341,取り付ける,嵌め込む,2,2.68,3.44,180,160,0
p0342,取り戻す,誘う,2,0.86,1.9,180,130,1
p0343,取る,読む,2,1.11,2.31,150,150,1
p0344,手伝う,刻み込む,2,0.72,1.65,180,140,0
p0345,受ける,頂く,2,3.02,3.83,180,150,1
p0346,受ける,得る,2,3.17,3.8,160,100,1
p0347,受け取る,差し出す,2,1.07,3.79,160,120,1
p0348,収まる,薄れる,2,1.21,2.56,190,140,1
p0349,蹴飛ばす,当て嵌まる,2,1.11,1.77,130,150,0
p0350,従う,準ずる,2,3.09,3.96,170,140,1
p0351,縮む,黒ずむ,2,0.71,1.79,180,140,0
p0352,縮める,詰まる,2,2.21,3.38,160,150,1
p0353,熟す,長ける,2,1.92,3.09,180,140,1
p0354,出す,引っ張る,2,2.23,3.76,170,160,1
p0355,出す,取る,2,1.73,3.23,160,170,1
p0356,出る,抜ける,2,3.03,3.78,160,150,1
p0357,出迎える,取り次ぐ,2,1.64,2.85,140,130,1
p0358,書く,鍛える,2,0.69,2.22,170,140,0
p0359,助ける,役立つ,2,2.48,4.03,180,160,1
p0360,除く,食する,2,0.65,1.57,160,150,0
p0361,傷付ける,損なう,2,2.93,3.89,180,130,1
p0362,傷付ける,損ねる,2,2.79,3.73,160,150,1
p0363,傷付ける,痛める,2,3.86,4.42,170,130,1
p0364,勝ち取る,増す,2,1.41,2.86,190,140,0
p0365,消える,吹かす,2,0.86,1.82,160,150,0
p0366,消える,無くなる,2,4.6,4.99,150,150,1
p0367,焼く,燃やす,2,4.36,4.71,140,130,1
p0368,焼ける,燃やす,2,3.46,4.32,130,150,1
p0369,焦がす,燃える,2,3.11,4.29,160,100,1
p0370,称える,くっ付く,2,1.16,1.87,160,150,0
p0371,称する,帰する,2,1.18,2.08,140,130,0
p0372,上る,立てる,2,1.68,2.82,180,130,1
p0373,上回る,飽きる,2,0.73,1.79,160,120,0
p0374,乗せる,頷く,2,0.96,1.98,150,150,1
p0375,乗り換える,交わす,2,0.99,2.07,160,150,0
p0376,乗り換える,取り替える,2,2.38,3.17,170,150,0
p0377,乗り出す,飛び込む,2,2.04,3.38,160,100,0
p0378,飾る,切り落とす,2,0.75,1.88,170,160,0
p0379,色褪せる,衰える,2,2.98,4.13,160,170,1
p0380,色褪せる,薄れる,2,3.65,4.11,170,130,1
p0381,触れる,妨げる,2,1.02,1.98,130,150,1
p0382,伸ばす,引き延ばす,2,3.24,3.63,160,150,1
p0383,伸ばす,広げる,2,3.21,4.14,180,130,1
p0384,伸びる,為る,2,0.88,1.98,160,150,1
p0385,伸びる,育つ,2,3.59,4.49,150,150,1
p0386,伸びる,広がる,2,2.76,4.15,170,150,1
p0387,伸びる,広げる,2,2.77,3.95,160,170,1
p0388,伸びる,生う,2,2.25,3.06,130,150,0
p0389,伸びる,生まれ育つ,2,1.87,3.07,130,150,0
p0390,寝る,眠る,2,4.73,5.04,170,150,1
p0391,振り撒く,割る,2,1.28,2.27,170,150,0
p0392,振るう,寄る,2,1.04,2.12,160,120,1
p0393,申し出る,平らげる,2,0.76,1.56,160,100,0
p0394,真似る,惑わす,2,1.06,2.39,160,100,0
p0395,尽くす,埋める,2,1.28,2.38,170,130,1
p0396,図る,働き掛ける,2,2.44,3.28,160,170,1
p0397,吹かす,打ち消す,2,0.99,1.83,160,150,0
p0398,吹き出す,沸き起こる,2,2.68,3.61,180,160,0
p0399,酔っ払う,消え失せる,2,0.43,1.39,180,150,0
p0400,据える,片付ける,2,1.39,2.66,180,150,1
p0401,成す,致す,2,2.87,3.42,160,150,1
p0402,整える,片付ける,2,4.07,4.66,170,160,1
p0403,晴れる,吸い取る,2,0.66,1.38,180,130,0
p0404,生きる,属する,2,1.21,2.72,160,170,1
p0405,生ずる,起きる,2,3.05,3.85,170,130,1
p0406,生ずる,飼う,2,0.87,1.96,160,150,1
p0407,生まれる,果たす,2,0.89,2.29,180,150,1
p0408,誓う,込み上げる,2,1,2.31,190,140,1
p0409,請う,諫める,2,1.32,2.35,170,150,0
p0410,静まり返る,固まる,2,1.82,2.76,180,160,0
p0411,積む,泣く,2,0.66,1.41,170,160,1
p0412,積もる,結う,2,1.5,2.17,130,150,1
p0413,切り込む,襲う,2,2.19,3.07,160,150,0
p0414,切り上げる,縮める,2,2.2,3.29,150,150,1
p0415,切り替える,置き換える,2,2.52,3.47,170,140,0
p0416,切り替える,転ずる,2,3.2,3.72,160,150,1
p0417,切り落とす,強める,2,0.75,1.67,150,140,0
p0418,切り落とす,言い放つ,2,1.24,2.32,170,150,0
p0419,切る,断つ,2,4.09,4.51,160,150,1
p0420,切れる,割れる,2,2.59,3.62,150,140,1
p0421,切れる,尽きる,2,2.76,3.72,160,150,1
p0422,切れる,折れる,2,2.22,3.32,170,150,1
p0423,切れる,無くなる,2,2.77,3.51,160,150,1
p0424,折れる,破れる,2,2.12,3.39,180,150,1
p0425,洗う,研ぐ,2,2.06,3.62,170,150,1
p0426,染める,火照る,2,1.21,2.29,160,120,0
p0427,潜める,秘める,2,2.36,3.35,170,130,1
p0428,組み合わせる,結び付ける,2,3.42,3.97,180,150,0
p0429,増える,高まる,2,2.7,3.69,150,140,1
p0430,増える,跳ね上がる,2,2.51,3.57,130,150,1
p0431,増える,膨らむ,2,3.33,4.12,160,170,1
p0432,増す,引き上げる,2,2.12,2.9,160,100,1
p0433,増す,干す,2,0.72,1.62,180,160,0
p0434,増す,高まる,2,3.22,4.16,160,170,1
p0435,増す,膨らむ,2,3.39,4.15,160,120,1
p0436,増す,膨れ上がる,2,3.14,3.98,130,150,0
p0437,増やす,減らす,2,1.07,3.7,130,150,1
p0438,揃える,整える,2,3.61,4.28,170,140,1
p0439,存する,軋む,2,1.17,2.09,180,160,0
p0440,存ずる,考える,2,1.83,2.92,160,120,1
p0441,存ずる,心得る,2,2.89,3.54,170,160,1
p0442,存ずる,申し出る,2,1.28,2.72,170,140,1
p0443,存ずる,知らす,2,1.75,3.05,150,140,0
p0444,存ずる,知る,2,3.48,4.05,150,140,1
p0445,損ねる,痛める,2,2.56,3.44,170,130,1
p0446,打ちのめす,取り入れる,2,0.56,1.53,180,150,0
p0447,打ち出す,降り懸かる,2,0.96,2.06,160,120,0
p0448,打ち切る,終える,2,3.78,4.5,170,150,1
p0449,打ち付ける,焦がす,2,0.86,1.7,180,160,0
p0450,打ち明ける,施す,2,1.09,1.95,170,130,1
p0451,退く,言い返す,2,0.88,1.99,150,140,0
p0452,脱ぐ,着替える,2,2.96,4.61,190,140,1
p0453,断つ,遮る,2,3.6,4.09,170,130,1
p0454,置く,ふざける,2,0.54,1.39,170,130,0
p0455,置く,許す,2,0.79,1.77,170,160,1
p0456,着く,被る,2,1.39,2.23,160,120,1
p0457,着る,羽織る,2,4.46,4.87,160,150,1
p0458,着る,纏う,2,2.82,3.87,180,160,1
p0459,着替える,結う,2,1.27,2.67,150,140,0
p0460,着替える,飛ぶ,2,0.48,1.24,140,130,1
p0461,注ぎ込む,回す,2,1.02,1.96,160,150,0
p0462,注ぐ,満たす,2,2.66,3.91,170,150,1
p0463,跳ねる,積む,2,0.87,1.76,170,160,0
p0464,直す,ずれる,2,1.12,3.38,160,170,1
p0465,直る,食する,2,0.72,1.79,170,160,0
p0466,沈める,訴える,2,0.88,1.71,160,170,0
p0467,追い込む,済ます,2,1.06,1.94,170,160,0
p0468,痛む,苦しむ,2,3.01,4.46,160,170,1
p0469,潰す,仄めかす,2,1.28,2.33,170,150,0
p0470,吊る,引っ掛ける,2,3.51,3.92,170,130,1
p0471,吊る,垂らす,2,3.06,3.88,160,170,1
p0472,吊る,垂れる,2,2.75,3.7,170,160,1
p0473,吊るす,括る,2,1.69,2.55,150,140,1
p0474,定める,打ち立てる,2,2.33,3,180,150,1
p0475,締め付ける,許す,2,0.62,1.65,160,150,0
p0476,纏う,羽織る,2,2.84,3.25,160,150,1
p0477,纏める,引っ張る,2,1.42,3.11,160,170,1
p0478,吐く,戻す,2,2.96,3.68,170,130,1
p0479,塗る,乾かす,2,1,3.46,160,100,1
p0480,怒る,静める,2,0.75,3.07,150,140,1
p0481,怒鳴る,生き返る,2,0.53,1.23,180,130,0
p0482,投ずる,凝らす,2,1.14,2.1,170,150,1
p0483,盗む,仕留める,2,0.99,2.11,160,150,0
p0484,当て嵌める,飾る,2,1.05,2.17,180,140,0
p0485,逃げる,匿う,2,1.38,3.28,140,130,0
p0486,働き掛ける,弾む,2,1.05,1.9,140,130,1
p0487,働く,稼ぐ,2,3.76,4.96,160,120,1
p0488,動く,崩す,2,1.28,2.84,140,130,1
p0489,読み取る,暴く,2,1.85,3,160,100,0
p0490,読み返す,そそる,2,0.74,2.09,140,130,0
p0491,突き刺す,赤らめる,2,0.7,1.5,160,150,0
p0492,入れる,掛ける,2,1.38,2.37,170,160,1
p0493,入れる,差し込む,2,3.77,4.38,180,130,0
p0494,入れ替える,変える,2,3.52,3.91,180,150,1
p0495,任せる,決め込む,2,1.38,2.19,130,150,0
p0496,燃える,捕らえる,2,0.62,1.62,170,140,1
p0497,培う,育てる,2,3.69,4.24,150,140,1
p0498,剥ぐ,取り除く,2,3.5,4.1,180,160,1
p0499,薄れる,霞む,2,3.05,3.64,150,150,1
p0500,縛り付ける,省く,2,0.72,1.56,180,160,0
p0501,発する,逃がす,2,0.83,1.85,170,130,0
p0502,反する,捨てる,2,1.09,2.36,180,140,1
p0503,犯す,裁く,2,1.23,3.47,170,150,1
p0504,飛ばす,歩く,2,0.82,2.08,170,130,1
p0505,飛び上がる,売り込む,2,0.61,1.35,160,150,0
p0506,飛び立つ,きらめく,2,0.95,2.33,160,150,0
p0507,表わす,嘲る,2,1.33,2.26,180,130,0
p0508,付き纏う,遠ざける,2,0.8,2.49,160,150,0
p0509,付け加える,増す,2,3.31,4.09,150,150,1
p0510,付する,笑う,2,0.88,2.02,170,130,0
p0511,舞い上がる,浮かす,2,2.2,3.19,170,160,0
p0512,舞い戻る,返る,2,3.11,3.53,170,150,1
p0513,舞う,補う,2,0.72,1.71,190,140,0
p0514,覆う,均す,2,1.32,2.27,170,160,0
p0515,覆す,組み替える,2,1.68,2.83,180,160,0
p0516,物語る,訳す,2,1.58,3.21,160,100,1
p0517,分かる,通ずる,2,3.25,4.29,190,140,1
p0518,分ける,舞う,2,0.81,1.65,170,130,0
p0519,焚く,燃やす,2,3.88,4.63,150,150,1
p0520,聞き入れる,付け加える,2,1.3,2.19,130,150,0
p0521,並べる,敷く,2,2.48,3.5,160,150,1
p0522,閉じる,始まる,2,0.79,2.45,160,100,1
p0523,変える,改める,2,3.55,4.32,170,140,1
p0524,変える,直す,2,2.48,3.67,130,150,1
p0525,変わる,改まる,2,3.04,4.15,160,120,1
p0526,崩れ落ちる,挑む,2,0.75,2.12,150,140,0
p0527,放つ,書き記す,2,0.79,1.7,160,100,0
p0528,放る,刈る,2,1.05,1.96,160,120,0
p0529,放る,崩す,2,1.53,2.89,190,140,1
p0530,亡くなる,失せる,2,2.91,3.81,130,150,1
p0531,亡くなる,消え失せる,2,3.51,4.06,160,150,1
p0532,亡くなる,逝く,2,5.29,5.21,170,130,1
p0533,亡くなる,無くなる,2,2.22,3.33,130,150,1
p0534,妨げる,遮る,2,3.83,4.21,180,140,1
p0535,忘れる,葬る,2,1.81,3.33,190,140,1
p0536,暴れる,決める,2,0.55,1.48,150,150,0
p0537,吠える,吹かす,2,1.33,2.28,180,130,0
p0538,翻す,覆す,2,2.44,3.43,140,130,1
p0539,埋める,詰める,2,2.4,3.18,180,140,1
p0540,埋める,満たす,2,2.9,3.71,160,100,1
p0541,無くす,打ち消す,2,3.1,3.84,150,150,1
p0542,無くなる,逝く,2,2.81,3.89,180,130,1
p0543,名付ける,嘲る,2,1.06,2.05,190,140,0
p0544,儲ける,受け取る,2,1.58,3.27,170,160,1
p0545,儲ける,勝ち取る,2,2.18,3.79,150,140,1
p0546,目覚める,起きる,2,4.69,5.14,150,140,1
p0547,癒す,直る,2,2.51,3.11,150,150,1
p0548,有る,発する,2,1.64,2.73,170,160,1
p0549,揺さぶる,入れる,2,0.9,2.15,170,150,0
p0550,揺らす,張り付ける,2,0.79,1.54,150,150,0
p0551,溶かす,失う,2,1.55,2.96,150,150,1
p0552,溶かす,焦がす,2,1.47,2.81,170,150,0
p0553,来る,込み上げる,2,1.53,2.87,140,130,1
p0554,頼る,現われる,2,0.88,1.94,140,130,1
p0555,履く,羽織る,2,2.24,3.43,170,150,1
p0556,履く,纏う,2,1.67,3.01,180,160,1
p0557,立つ,見下ろす,2,1.69,3.03,170,150,1
p0558,立てる,軋む,2,1.06,2.16,180,140,0
p0559,流れる,突き抜ける,2,1.18,2.25,180,150,0
p0560,冷える,収まる,2,1.05,1.78,150,140,1
p0561,和らぐ,静まる,2,2.78,3.56,180,130,1
p0562,和らぐ,薄れる,2,2.39,3.21,160,150,1
p0563,和らげる,静める,2,3.11,4.1,170,140,1
p0564,唸る,吠える,2,2.83,3.79,180,130,1
p0565,嗅ぐ,匂う,2,4.01,4.8,170,130,1
p0566,揉む,打ち上げる,2,0.7,1.52,170,130,0
p0567,睨む,考える,2,1.03,2.24,170,130,1
p0568,おしっこ,街路,1,0.59,2.05,150,140,0
p0569,おしっこ,窒素,1,1.14,2.33,130,150,0
p0570,けち,暗黒,1,0.76,1.71,180,140,0
p0571,ずれ,格差,1,2.85,3.91,170,140,1
p0572,ずれ,相違,1,4.22,4.58,170,150,1
p0573,ジャガ芋,玉葱,1,1.43,3.49,160,170,0
p0574,ノウハウ,技能,1,3.48,4.42,170,130,1
p0575,マージャン,屈折,1,0.66,1.31,180,160,0
p0576,ミリグラム,用法,1,1.01,2.51,180,160,0
p0577,阿呆,馬鹿,1,4.63,4.58,160,150,1
p0578,愛好,賛美,1,2.15,3.29,130,150,1
p0579,愛着,無駄,1,0.68,1.96,160,150,0
p0580,悪戯,官吏,1,0.99,1.86,170,150,0
p0581,悪戯,小僧,1,1.38,3.59,180,160,1
p0582,圧迫,押し,1,3.49,4.08,160,100,1
p0583,安心,散乱,1,0.71,1.73,150,140,0
p0584,安心,平穏,1,3.79,4.69,160,170,1
p0585,安全,原子,1,0.66,2.35,160,100,1
p0586,暗黒,星座,1,1.02,2.54,170,130,0
p0587,暗殺,要員,1,0.84,2.63,160,120,1
p0588,案内,誘導,1,3.75,4.54,150,140,1
p0589,位置,場所,1,4.29,4.68,140,130,1
p0590,位置,地点,1,3.83,4.33,160,150,1
p0591,委任,権限,1,1.71,3.73,190,140,1
p0592,威厳,重み,1,2.86,3.93,180,160,0
p0593,意気,根性,1,2.46,3.55,160,150,1
p0594,意見,確信,1,1.33,2.94,170,140,1
p0595,意見,鑑定,1,1.47,2.87,170,130,1
p0596,意志,決心,1,3.33,4.59,180,130,1
p0597,意志,決断,1,2.79,4.35,130,150,1
p0598,意識,自覚,1,3.32,4.31,150,140,1
p0599,意匠,装飾,1,2.03,3.06,180,150,1
p0600,意欲,願い,1,1.82,3.26,180,150,1
p0601,椅子,会館,1,0.81,3.21,180,150,1
p0602,異端,迫害,1,1.67,3.42,160,150,1
p0603,移民,恐慌,1,0.94,2.56,190,140,1
p0604,育成,高揚,1,0.81,1.79,160,150,0
p0605,一口,配当,1,1.59,3.51,170,150,1
p0606,一緒,集合,1,2.78,3.84,130,150,1
p0607,一緒,連合,1,2.88,3.85,180,130,1
p0608,一切,全て,1,3.7,4.25,170,140,1
p0609,一節,賛美,1,0.88,2.29,170,140,0
p0610,一節,通過,1,1.17,2.39,160,120,1
p0611,一節,通行,1,0.98,1.69,150,150,0
p0612,一節,部分,1,3.53,3.86,150,140,1
p0613,一族,名門,1,2.2,3.73,170,150,1
p0614,一端,部分,1,3.33,3.91,160,150,1
p0615,一日,派手,1,0.41,1.06,160,150,0
p0616,一杯,最大,1,2.31,3.38,150,150,1
p0617,一杯,多く,1,2.33,3.39,180,160,1
p0618,一連,道具,1,0.87,2.15,190,140,0
p0619,一揆,騒動,1,3.38,4.19,160,150,1
p0620,一揆,暴動,1,3.96,4.59,170,130,1
p0621,一揆,連帯,1,1.67,3.29,150,150,1
p0622,印象,感情,1,2.03,3.39,180,140,1
p0623,印象,感想,1,3.23,4.26,190,140,1
p0624,印象,感銘,1,2.29,3.61,170,160,1
p0625,印象,輸出,1,0.58,1.19,180,130,1
p0626,因子,局面,1,1.3,2.4,160,150,1
p0627,引っ越し,移転,1,4.33,4.98,150,140,1
p0628,宇宙,膨張,1,1.54,3.36,180,130,1
p0629,運行,孤独,1,0.74,1.49,150,140,0
p0630,運賃,区間,1,1.59,4.27,160,150,1
p0631,運賃,相対,1,0.74,1.97,160,150,0
p0632,映像,面影,1,1.91,3.5,150,140,1
p0633,衛生,消毒,1,3.12,4.75,160,120,1
p0634,液体,親友,1,0.34,0.77,160,150,1
p0635,園芸,法案,1,0.58,1.19,160,120,0
p0636,延長,継続,1,3.32,4.36,180,130,1
p0637,援助,救い,1,4.17,4.73,150,150,1
p0638,援助,救済,1,3.83,4.49,190,140,1
p0639,援助,支え,1,3.99,4.59,190,140,1
p0640,援助,支持,1,2.98,3.92,170,130,1
p0641,援助,配慮,1,2.09,3.34,170,160,1
p0642,援助,補佐,1,3.32,3.81,160,150,1
p0643,沿岸,漁業,1,1.65,4.2,190,140,1
p0644,演技,芝居,1,4.78,5.04,170,140,1
p0645,演劇,狂言,1,2.98,4.37,170,140,1
p0646,演習,訓練,1,3.96,4.53,180,160,1
p0647,演出,脚本,1,2.46,4.48,140,130,1
p0648,演出,分岐,1,0.99,1.74,170,150,0
p0649,煙突,賞金,1,0.37,1.09,180,150,0
p0650,塩基,油断,1,0.81,1.48,160,100,0
p0651,塩分,風味,1,1.51,3.5,140,130,1
p0652,応援,支え,1,3.86,4.62,170,160,1
p0653,応援,支持,1,4.05,4.66,170,130,1
p0654,応援,手助け,1,3.72,4.36,180,150,1
p0655,応援,補佐,1,2.59,3.64,160,170,1
p0656,応答,返事,1,4.64,4.83,160,150,1
p0657,応用,要請,1,1.15,1.97,130,150,1
p0658,横断,鉛筆,1,0.42,1.21,170,140,1
p0659,王国,装置,1,0.57,1.14,180,140,1
p0660,王室,どす,1,0.53,1.03,160,150,0
p0661,屋敷,邸宅,1,4.44,4.79,160,150,1
p0662,温泉,入浴,1,3.18,5.11,190,140,1
p0663,音声,響き,1,2.59,4.16,160,100,1
p0664,下手,茄子,1,0.67,1.38,150,150,0
p0665,下駄,便所,1,0.86,2.84,190,140,1
p0666,下落,指数,1,1.09,2.87,170,130,0
p0667,下落,種子,1,0.83,2.31,170,130,0
p0668,化け物,学問,1,0.53,1.91,160,100,0
p0669,化け物,幽霊,1,3.96,4.61,170,130,1
p0670,化粧,香水,1,2.55,4.51,150,140,1
p0671,化粧,装飾,1,3.15,4.11,130,150,1
p0672,化粧,模様,1,1.27,2.53,180,140,1
p0673,化石,行き先,1,0.39,1.26,180,150,0
p0674,化石,地層,1,2.01,4.6,150,150,1
p0675,仮説,推定,1,3.79,4.32,170,140,1
p0676,何事,指先,1,0.79,1.29,160,150,1
p0677,価格,相場,1,3.06,4.36,170,150,1
p0678,加害,過失,1,2.52,3.97,170,150,1
p0679,加害,説教,1,0.92,2.25,170,150,0
p0680,加害,打撃,1,2.03,3.39,160,150,1
p0681,加減,調整,1,3.36,3.99,160,150,1
p0682,加減,調節,1,3.99,4.58,160,100,1
p0683,加工,生産,1,2.46,4.29,140,130,1
p0684,家屋,建築,1,2.59,4.54,150,150,1
p0685,家屋,邸宅,1,4.03,4.29,170,150,1
p0686,家具,描写,1,0.61,1.61,180,140,1
p0687,家事,即位,1,0.64,1.24,190,140,0
p0688,果物,狂言,1,0.5,0.95,160,170,0
p0689,歌劇,通勤,1,0.53,1.04,170,150,0
p0690,歌詞,旋律,1,1.81,4.03,150,140,1
p0691,歌手,新人,1,0.92,3.17,180,150,1
p0692,歌謡,信心,1,0.71,1.49,180,160,0
p0693,火傷,椅子,1,0.49,1.08,160,120,0
p0694,箇所,論点,1,1.98,3.13,170,130,1
p0695,花粉,合致,1,0.66,1.28,170,150,0
p0696,過去,未来,1,1.44,4.58,170,140,1
p0697,過失,故意,1,1.92,4.06,170,130,1
p0698,過失,錯誤,1,2.11,3.22,150,140,1
p0699,過剰,炎症,1,1.02,2.36,170,130,0
p0700,蚊帳,凸凹,1,0.68,1.24,170,160,0
p0701,我慢,辛抱,1,5.06,5.22,170,160,1
p0702,我慢,水槽,1,0.39,1.39,180,150,0
p0703,画家,大佐,1,0.56,1.22,160,120,1
p0704,介入,暴動,1,1.22,2.75,180,130,0
p0705,会議,集まり,1,3.24,4.62,160,170,1
p0706,会計,経理,1,4.1,4.9,170,150,1
p0707,会合,集まり,1,4.68,5.05,160,120,1
p0708,会釈,来客,1,1.33,3.85,170,130,1
p0709,会話,鉄砲,1,0.59,1.33,170,160,0
p0710,解決,仕事,1,1.16,2.98,160,170,1
p0711,解釈,通訳,1,2.19,3.55,170,150,1
p0712,解体,農地,1,0.67,1.98,150,140,0
p0713,解放,戦線,1,0.95,2.8,130,150,1
p0714,解放,夜間,1,0.62,1.96,170,140,0
p0715,回線,端末,1,2.11,3.99,160,100,1
p0716,回転,順番,1,1.35,2.66,170,160,1
p0717,壊滅,荒廃,1,3.22,4.15,180,140,1
p0718,怪我,負傷,1,4.87,5.07,130,150,1
p0719,懐疑,告知,1,1.01,2.03,170,130,0
p0720,改正,調整,1,2.34,3.21,170,130,1
p0721,改善,革新,1,2.69,3.75,170,150,1
p0722,改善,進展,1,2.84,3.96,160,150,1
p0723,改善,進歩,1,3.26,4.37,170,130,1
p0724,改善,是正,1,3.84,4.48,180,130,1
p0725,改善,体質,1,1.11,3.22,180,160,1
p0726,改良,革新,1,2.79,4.02,170,140,1
p0727,海岸,砂浜,1,3.37,4.77,140,130,1
p0728,海峡,運河,1,2.64,4.06,170,140,1
p0729,開拓,西部,1,1.09,3.78,170,140,1
p0730,外見,形態,1,3.13,4,180,130,1
p0731,外見,形容,1,3.18,4.16,190,140,1
p0732,外出,散歩,1,2.92,4.59,160,170,1
p0733,外相,経路,1,0.85,1.79,150,140,0
p0734,概ね,要約,1,3.09,3.65,170,130,1
p0735,概念,考え,1,3.76,4.33,160,100,1
p0736,拡散,集積,1,0.84,2.4,160,150,0
p0737,拡大,渓谷,1,0.72,1.54,160,120,0
p0738,拡大,膨張,1,3.65,4.33,170,140,1
p0739,格好,顔付き,1,2.06,3.64,170,140,1
p0740,格好,見掛け,1,3.75,4.37,140,130,1
p0741,格差,開き,1,3.3,4.28,170,130,1
p0742,獲得,調達,1,3.14,3.87,170,130,1
p0743,確認,証明,1,2.56,4,180,140,1
p0744,確保,調達,1,3.38,4.24,180,160,1
p0745,確率,見込み,1,3.17,4.01,170,130,1
p0746,覚え,小石,1,0.62,1.11,160,170,0
p0747,革新,端末,1,0.89,2.15,170,160,0
p0748,活字,媒体,1,2.07,3.91,150,150,1
p0749,滑稽,丈夫,1,0.85,1.64,170,160,0
p0750,滑走,高度,1,0.97,2.8,170,130,1
p0751,株式,宿命,1,0.54,1.34,180,160,0
p0752,乾杯,会釈,1,1.23,2.85,180,160,0
p0753,勘違い,誤解,1,4.38,4.82,160,170,1
p0754,勘定,計算,1,4.29,4.86,180,130,1
p0755,勘定,補佐,1,0.86,1.74,170,130,0
p0756,完成,遂行,1,2.65,3.96,150,140,1
p0757,干渉,障害,1,1.63,3.11,190,140,1
p0758,幹事,店頭,1,0.71,1.57,160,150,0
p0759,幹部,切断,1,0.61,1.65,170,130,0
p0760,感じ,気持ち,1,3.86,4.58,160,100,1
p0761,感覚,気付き,1,2.42,3.65,170,130,0
p0762,感謝,鑑賞,1,0.65,1.73,160,100,0
p0763,感受,認知,1,2.19,3.3,190,140,0
p0764,感情,職務,1,0.64,1.58,170,130,1
p0765,感染,周年,1,0.61,1.65,170,130,0
p0766,歓喜,真珠,1,0.58,2.33,180,150,0
p0767,歓喜,旋律,1,0.91,2.15,140,130,0
p0768,環境,負荷,1,0.93,2.73,160,120,1
p0769,監獄,麻酔,1,0.83,1.56,130,150,0
p0770,監査,公認,1,1.36,2.7,170,130,1
p0771,監査,視察,1,2.96,3.91,170,140,1
p0772,監視,観察,1,3.37,4.14,160,150,1
p0773,監視,警備,1,3.49,4.43,160,150,1
p0774,監督,管理,1,3.33,4.46,170,130,1
p0775,監督,規制,1,1.78,3.26,170,130,1
p0776,管理,維持,1,2.91,4.12,180,140,1
p0777,管理,運営,1,3.11,4.36,160,150,1
p0778,管理,統制,1,3.66,4.41,160,150,1
p0779,緩和,軽減,1,3.71,4.31,170,160,1
p0780,肝臓,代謝,1,1.54,3.91,180,130,1
p0781,艦隊,奇襲,1,1.09,3.21,180,160,1
p0782,還元,核心,1,0.79,1.6,170,150,0
p0783,間違い,寄生,1,0.77,1.41,130,150,0
p0784,間違い,訂正,1,2.73,4.62,180,130,1
p0785,間柄,平気,1,0.92,2.06,150,150,0
p0786,関係,用事,1,1.11,2.5,160,100,1
p0787,関白,殿下,1,2.6,3.69,170,130,1
p0788,玩具,散乱,1,0.92,2.89,180,160,1
p0789,企画,広報,1,1.9,3.6,160,100,1
p0790,企画,立案,1,3.98,4.56,170,140,1
p0791,企業,挫折,1,0.62,1.92,180,160,0
p0792,企業,商法,1,1.84,4.08,160,150,1
p0793,危機,回避,1,1.36,3.72,160,170,1
p0794,危険,恐れ,1,3.15,4.44,160,120,1
p0795,危険,賭け,1,1.63,3.64,160,120,1
p0796,喜び,快楽,1,4.23,4.69,180,150,1
p0797,喜び,楽しみ,1,3.81,4.66,160,170,1
p0798,喜び,満足,1,3.59,4.62,180,150,1
p0799,器具,機械,1,3.24,4.25,160,170,1
p0800,基準,規範,1,3.41,4.07,170,140,1
p0801,基準,尺度,1,3.74,4.28,140,130,1
p0802,基地,少年,1,0.62,2.55,170,140,1
p0803,基盤,根底,1,3.33,3.95,160,150,1
p0804,寄与,貢献,1,3.38,4.32,170,150,1
p0805,希望,願い,1,4.26,4.78,140,130,1
p0806,希望,野心,1,2.26,3.54,180,140,1
p0807,期間,伯母,1,0.48,0.9,180,140,1
p0808,機構,貯金,1,0.79,2.26,180,130,0
p0809,機能,財産,1,0.77,1.77,150,150,1
p0810,機能,生体,1,1.37,2.95,160,150,1
p0811,機能,用途,1,2.83,3.94,170,150,1
p0812,気圧,適用,1,0.56,1.37,140,130,0
p0813,気質,特性,1,3.23,4.13,180,160,1
p0814,気質,独創,1,1.25,2.83,160,120,1
p0815,気質,冒険,1,0.93,2.16,160,150,0
p0816,気紛れ,醸造,1,0.78,1.36,170,160,0
p0817,規則,懲戒,1,1.65,3.48,170,130,1
p0818,記録,更新,1,1.67,4.21,150,140,1
p0819,起源,隕石,1,0.81,2.29,160,150,0
p0820,偽物,写し,1,2.62,3.37,170,150,1
p0821,偽物,複製,1,3.54,4.25,160,100,1
p0822,儀式,祭り,1,3.39,4.5,160,120,1
p0823,儀式,社債,1,0.71,1.56,170,140,0
p0824,戯曲,演劇,1,3.24,4.17,160,170,1
p0825,技術,熟練,1,2.64,4.48,180,160,1
p0826,疑念,我慢,1,0.87,2.13,140,130,0
p0827,疑念,直感,1,0.91,2.62,180,150,1
p0828,疑惑,直感,1,1.32,2.8,160,100,1
p0829,義父,組織,1,0.65,1.55,190,140,0
p0830,議会,連邦,1,1.77,3.61,180,140,1
p0831,詰まり,塵箱,1,1.23,2.26,170,130,0
p0832,脚本,書式,1,1.43,3.1,180,140,1
p0833,虐待,水槽,1,0.59,1.74,180,140,0
p0834,休日,忠誠,1,0.39,1.39,180,150,1
p0835,吸収,手摺,1,1.07,2.25,150,150,1
p0836,宮殿,御所,1,3.46,4.27,170,150,1
p0837,救い,慈悲,1,3.44,4.42,170,160,1
p0838,救済,用途,1,0.95,2.04,170,150,0
p0839,球根,現状,1,0.71,1.09,150,150,0
p0840,居間,暖炉,1,1.54,3.81,180,130,1
p0841,拒絶,排除,1,2.89,3.94,180,160,1
p0842,拒否,実体,1,0.71,1.76,170,140,0
p0843,漁業,短歌,1,0.41,0.92,180,130,0
p0844,供給,需要,1,1.31,4.88,170,160,1
p0845,競馬,設定,1,0.61,1.66,160,120,0
p0846,共同,協力,1,3.65,4.4,170,140,1
p0847,協調,連携,1,3.68,4.26,170,150,1
p0848,協定,合意,1,3.14,4.17,160,100,1
p0849,協定,配置,1,1.18,2.38,180,130,1
p0850,協同,団結,1,3.51,4.36,160,170,1
p0851,協力,提携,1,3.82,4.67,190,140,1
p0852,協力,連携,1,4.21,4.79,150,140,1
p0853,境界,地層,1,1.64,3.22,170,130,1
p0854,強化,群れ,1,0.75,2.24,170,140,1
p0855,強制,移住,1,0.65,2.11,150,140,1
p0856,強調,先駆,1,1.03,2.31,190,140,0
p0857,強度,蛍光,1,0.64,1.65,180,140,0
p0858,強盗,略奪,1,4.16,4.42,160,150,1
p0859,恐竜,殿下,1,0.54,0.96,160,170,0
p0860,教育,訓練,1,3.35,4.21,130,150,1
p0861,教育,養成,1,3.72,4.29,180,150,1
p0862,教会,聖堂,1,4.09,4.71,190,140,1
p0863,教訓,比喩,1,1.28,2.55,180,150,0
p0864,教授,大佐,1,1.16,1.98,170,130,1
p0865,教養,育ち,1,2.35,3.99,170,150,1
p0866,教養,訓練,1,1.97,3.33,150,150,1
p0867,興味,関心,1,4.45,5.09,160,120,1
p0868,凝視,会釈,1,0.81,1.92,160,150,0
p0869,業者,名簿,1,1.09,3.38,170,160,1
p0870,業務,課題,1,1.85,3.49,170,150,1
p0871,勤め,責任,1,2.35,3.85,150,140,1
p0872,勤め,奉公,1,3.67,4.33,180,160,1
p0873,勤め,奉仕,1,3.05,3.99,170,160,1
p0874,禁止,独占,1,1.22,2.78,130,150,1
p0875,金額,控除,1,1.1,3.61,170,150,1
p0876,金持ち,感情,1,0.62,1.58,160,100,1
p0877,金属,慈悲,1,0.52,0.92,160,150,0
p0878,銀河,円盤,1,1.08,2.87,160,100,1
p0879,区画,部門,1,2.27,3.5,190,140,1
p0880,区間,上着,1,0.66,1.07,150,150,0
p0881,区間,本線,1,1.49,3.5,170,160,1
p0882,区分,部署,1,2.32,3.69,190,140,1
p0883,苦手,足元,1,0.55,1.49,160,150,0
p0884,苦痛,右腕,1,0.74,1.64,170,150,0
p0885,空想,錯覚,1,1.86,3.24,150,150,1
p0886,空想,産物,1,1.19,2.41,180,130,1
p0887,空想,年金,1,0.45,1.21,160,150,1
p0888,空中,保証,1,0.55,1.17,170,160,1
p0889,空洞,白書,1,0.98,1.51,160,100,0
p0890,空母,搭乗,1,1.22,3.39,170,150,1
p0891,隅々,流し,1,0.82,1.97,160,170,0
p0892,繰り返し,反響,1,1.56,2.88,160,150,1
p0893,訓練,養成,1,3.61,4.37,140,130,1
p0894,傾斜,車体,1,0.69,2.26,180,140,0
p0895,刑罰,知恵,1,0.69,1.68,170,130,0
p0896,刑罰,批判,1,1.43,2.8,160,150,0
p0897,兄弟,姉妹,1,4.25,4.92,180,160,1
p0898,契約,性別,1,0.58,1.52,180,130,0
p0899,形状,格好,1,3.15,3.82,130,150,1
p0900,形状,表情,1,1.72,2.77,170,150,1
p0901,形態,様式,1,3.66,4.13,180,150,1
p0902,形態,類型,1,2.57,3.64,160,120,1
p0903,恵み,愛想,1,1.5,2.6,170,160,1
p0904,敬意,対称,1,1.02,1.79,130,150,0
p0905,景観,眺め,1,4.68,4.94,180,160,1
p0906,景色,眺め,1,4.7,4.91,180,150,1
p0907,稽古,養成,1,2.73,4.07,160,170,1
p0908,系統,配列,1,2.36,3.72,170,130,1
p0909,経路,途方,1,1.14,2.35,160,150,1
p0910,経路,道筋,1,4.22,4.27,170,150,1
p0911,繋がり,関連,1,4.22,4.65,130,150,1
p0912,繋がり,連鎖,1,3.82,4.57,170,150,1
p0913,警戒,色彩,1,0.51,1.67,180,150,0
p0914,芸者,人口,1,0.61,1.55,170,130,0
p0915,芸人,着替え,1,0.7,1.99,160,150,0
p0916,欠点,縁側,1,0.58,1.36,190,140,0
p0917,決まり,規律,1,4.64,4.87,180,150,1
p0918,決断,結論,1,2.38,4.04,190,140,1
p0919,決定,結論,1,3.3,4.23,150,150,1
p0920,結合,関わり,1,2.46,3.74,170,150,1
p0921,血液,社交,1,0.66,1.62,170,130,0
p0922,血液,製剤,1,1.21,3.51,180,130,1
p0923,喧嘩,論争,1,3.09,4.12,140,130,1
p0924,嫌悪,一族,1,0.56,1.65,160,170,0
p0925,建て前,面目,1,3.1,3.75,160,100,1
p0926,建築,組み立て,1,3.29,4.29,180,140,1
p0927,建物,機構,1,1.42,2.76,160,170,1
p0928,建立,結構,1,0.67,1.61,150,140,0
p0929,建立,構築,1,3.36,4.04,170,130,1
p0930,憲兵,虐殺,1,1.01,2.8,180,150,1
p0931,憲法,条項,1,2.27,4.26,180,160,1
p0932,拳銃,口径,1,1.82,4.28,150,140,1
p0933,検察,調べ,1,2.7,4.33,150,140,1
p0934,検定,調査,1,1.95,3.06,150,140,1
p0935,検討,考慮,1,3.89,4.24,160,100,1
p0936,権利,資格,1,2.33,3.29,130,150,1
p0937,権利,扶養,1,0.92,2.75,180,150,1
p0938,見解,観点,1,3.23,4.01,180,160,1
p0939,見掛け,浴槽,1,0.55,1.23,170,130,0
p0940,見込み,配当,1,1.39,3.14,160,150,1
p0941,見出し,椅子,1,0.55,1.11,140,130,0
p0942,見直し,補正,1,3.54,4.24,140,130,1
p0943,見通し,略奪,1,0.73,1.43,170,160,0
p0944,見舞い,視察,1,1.77,2.81,160,120,1
p0945,見物,視察,1,3.08,3.88,130,150,1
p0946,元気,活力,1,4.31,4.73,180,150,1
p0947,元素,野菜,1,0.74,2.28,160,120,0
p0948,原型,生物,1,0.94,2.67,170,130,1
p0949,原型,石膏,1,1.49,3.14,180,160,1
p0950,原子,崇拝,1,0.61,1.4,140,130,0
p0951,原則,規律,1,3.27,4.12,180,150,1
p0952,原則,定め,1,3.62,4.29,170,130,1
p0953,原点,静止,1,0.95,2.16,170,130,0
p0954,幻想,錯覚,1,3.67,4.32,160,100,1
p0955,減少,縮小,1,3.68,4.52,170,130,1
p0956,減少,贈り物,1,0.65,1.69,190,140,0
p0957,源泉,注釈,1,0.91,1.72,150,140,0
p0958,現状,接着,1,0.75,1.81,170,130,0
p0959,言い訳,謝罪,1,1.86,3.81,170,140,1
p0960,言葉遣い,市場,1,0.68,1.41,150,140,0
p0961,言葉遣い,来客,1,0.85,3.25,180,130,0
p0962,限定,前進,1,0.67,1.42,160,150,0
p0963,限度,配置,1,0.88,1.82,170,130,0
p0964,古典,力学,1,0.98,2.04,160,100,0
p0965,戸口,玄関,1,4.14,4.62,160,100,1
p0966,胡瓜,自負,1,0.85,1.63,190,140,0
p0967,胡桃,陽気,1,0.8,1.7,150,140,0
p0968,胡麻,司法,1,0.54,0.84,170,150,0
p0969,顧客,抽出,1,0.84,2.41,190,140,0
p0970,午後,昼食,1,1.94,3.96,160,170,1
p0971,後ろ,背中,1,2.98,4.3,180,150,1
p0972,後者,用事,1,0.72,1.36,170,150,0
p0973,後方,裏手,1,3.14,3.8,140,130,1
p0974,御陰,援助,1,2.03,3.04,170,150,1
p0975,御殿,王宮,1,4.12,4.51,170,130,1
p0976,御負け,追加,1,1.69,2.7,170,130,0
p0977,御免,解雇,1,1.89,3.33,160,120,1
p0978,御覧,監査,1,1.7,2.43,170,130,1
p0979,御洒落,不動,1,0.69,1.48,180,140,0
p0980,誤り,過ち,1,3.98,4.05,180,150,1
p0981,誤り,間違い,1,5.01,5.08,160,120,1
p0982,誤解,間違い,1,3.79,4.53,180,160,1
p0983,護衛,空母,1,1.54,3.84,160,150,1
p0984,乞食,保証,1,0.68,1.58,170,130,0
p0985,交易,取り引き,1,3.98,4.19,160,150,1
p0986,交易,商業,1,3.13,4.37,180,130,1
p0987,交易,通商,1,3.95,4.25,160,150,1
p0988,交換,売買,1,2.07,3.66,150,140,1
p0989,交差,渋滞,1,1.11,3.52,170,140,1
p0990,交際,行き来,1,2.11,3.58,160,170,1
p0991,交渉,行き来,1,1.88,2.95,170,130,1
p0992,交渉,取り引き,1,4.08,4.65,160,150,1
p0993,交渉,商売,1,2.32,4.22,170,150,1
p0994,交渉,付き合い,1,1.94,3.38,170,140,1
p0995,交代,替え,1,4.36,4.54,170,130,1
p0996,交代,倒産,1,0.98,2.46,150,140,0
p0997,交通,運輸,1,3.17,4.57,160,150,1
p0998,交通,渋滞,1,1.92,4.72,170,150,1
p0999,交通,神経,1,0.65,1.68,140,130,1
p1000,交通,輸送,1,2.94,4.71,170,140,1
p1001,交通,連絡,1,1.55,3.43,180,130,1
p1002,交流,有限,1,0.82,1.74,180,140,0
p1003,光景,目撃,1,1.77,3.39,170,130,1
p1004,光沢,暗黒,1,0.81,2.17,150,150,0
p1005,公式,声明,1,1.71,3,130,150,1
p1006,公表,氏名,1,0.99,3.15,180,140,1
p1007,公務,産物,1,0.78,1.93,190,140,0
p1008,効用,救助,1,0.99,2.12,140,130,0
p1009,口座,渓谷,1,0.55,0.95,170,130,0
p1010,口調,響き,1,1.67,3.34,160,170,1
p1011,向上,進行,1,2.01,3.29,170,140,1
p1012,向上,進展,1,3.59,4.25,170,130,1
p1013,向上,進歩,1,4.49,4.6,160,150,1
p1014,向上,発展,1,3.98,4.52,170,130,1
p1015,好み,脅威,1,0.58,1.52,140,130,0
p1016,好み,胡麻,1,0.66,2.02,180,160,0
p1017,好み,趣味,1,3.56,4.74,180,130,1
p1018,好意,恩恵,1,1.87,3.34,170,140,1
p1019,好意,慈悲,1,1.81,3,150,140,1
p1020,工学,技術,1,2.64,4.45,190,140,1
p1021,工業,製造,1,2.69,4.59,170,130,1
p1022,工作,機動,1,1.38,2.54,170,150,1
p1023,工作,新築,1,1.25,3,160,150,1
p1024,工作,組み立て,1,3.77,4.66,140,130,1
p1025,工夫,構想,1,2.39,3.81,180,160,1
p1026,工夫,考案,1,3.44,4.23,160,150,1
p1027,工夫,発明,1,2.92,4.41,170,150,1
p1028,広がり,山脈,1,1.32,3.02,170,130,1
p1029,広がり,平野,1,2.24,3.85,130,150,1
p1030,広間,暖炉,1,1.25,3.3,160,150,1
p1031,攻撃,非難,1,2.51,3.75,140,130,1
p1032,攻略,逮捕,1,0.95,2.24,180,140,0
p1033,構え,調子,1,0.89,2.01,160,150,0
p1034,構想,立案,1,3.24,4.24,170,150,1
p1035,構造,系列,1,1.97,3.08,130,150,1
p1036,構造,組織,1,3.38,3.92,170,150,1
p1037,構築,製作,1,3.45,4.21,170,160,1
p1038,港湾,後半,1,0.69,0.96,150,150,0
p1039,甲板,扶養,1,0.64,1.18,170,130,0
p1040,硬化,毛布,1,0.47,1.27,160,120,1
p1041,硬直,空中,1,0.74,1.36,170,150,0
p1042,硬直,絶叫,1,1.12,2.45,170,130,0
p1043,耕作,驢馬,1,1.36,2.82,140,130,0
p1044,考案,製作,1,2.24,3.96,160,100,1
p1045,行儀,言動,1,1.92,3.73,170,140,1
p1046,行事,司会,1,1.33,3.67,160,150,1
p1047,行事,紳士,1,0.69,2.06,160,120,0
p1048,行進,成熟,1,0.91,1.99,190,140,0
p1049,行動,半径,1,1.22,2.99,170,150,0
p1050,行列,路線,1,1.03,2.36,160,170,1
p1051,高価,毛皮,1,1.38,3.99,170,150,1
p1052,高校,中学,1,2.54,4.51,150,140,1
p1053,合計,詩人,1,0.48,1,160,170,1
p1054,合図,好意,1,0.98,2.27,170,150,1
p1055,合成,構造,1,1.59,3.12,170,160,1
p1056,合成,組み立て,1,2.56,3.62,160,120,1
p1057,合体,統一,1,3.61,4.01,160,150,1
p1058,合体,同盟,1,2.49,3.74,140,130,1
p1059,合同,社債,1,0.96,2.23,170,150,0
p1060,合併,接続,1,2.03,3.2,180,130,1
p1061,合流,団結,1,2.27,3.57,170,150,1
p1062,拷問,車輪,1,0.46,1.8,180,150,1
p1063,告知,昼食,1,0.54,1.09,150,150,0
p1064,告発,異端,1,0.94,2.44,170,140,0
p1065,穀物,貯蔵,1,1.12,3.89,160,120,1
p1066,骨格,離脱,1,0.61,1.27,160,150,0
p1067,骨折,動詞,1,0.61,1.23,150,140,0
p1068,困惑,迷い,1,4.03,4.39,180,150,1
p1069,婚約,真珠,1,1.09,3.22,150,150,1
p1070,混合,球根,1,0.44,1.56,180,150,0
p1071,混同,出所,1,0.86,1.48,160,170,0
p1072,混乱,当惑,1,3.36,4.1,140,130,1
p1073,混乱,狼狽,1,3.04,3.75,160,150,1
p1074,差異,相違,1,3.87,4.11,160,150,1
p1075,座席,椅子,1,4,4.81,190,140,1
p1076,座敷,部屋,1,3.41,4.29,160,150,1
p1077,再会,物体,1,0.56,1.59,170,130,0
p1078,再開,歌劇,1,0.65,1.51,150,150,0
p1079,再現,帰還,1,0.95,2.09,180,160,0
p1080,再現,空想,1,1.11,2.67,160,120,1
p1081,最新,避妊,1,0.49,1.64,170,140,0
p1082,才能,資質,1,4.01,4.15,160,150,1
p1083,才能,到達,1,1.24,2.81,130,150,1
p1084,採択,選抜,1,3.06,3.66,160,150,1
p1085,栽培,耕作,1,3.78,4.47,170,150,1
p1086,災害,異変,1,2.23,4.1,160,100,1
p1087,災害,遭難,1,2.82,4.55,170,130,1
p1088,祭り,陽気,1,1.79,4.08,190,140,1
p1089,細工,水晶,1,0.88,3.18,170,140,1
p1090,細胞,電池,1,0.67,1.51,160,120,0
p1091,裁判,訴え,1,3.29,4.73,160,150,1
p1092,裁判,訴訟,1,3.5,4.93,160,150,1
p1093,裁判,本陣,1,0.83,1.88,170,130,0
p1094,材料,樹脂,1,1.52,3.63,160,150,1
p1095,財産,午前,1,0.49,0.89,150,140,1
p1096,作り,構築,1,3.79,4.45,160,120,1
p1097,作り,新築,1,2,3.74,160,100,1
p1098,作家,短編,1,1.28,4.24,180,150,1
p1099,作業,運営,1,1.78,3.27,160,150,1
p1100,作業,課題,1,1.46,3.06,160,150,1
p1101,作業,手順,1,2.44,4.21,160,150,1
p1102,作物,工芸,1,2.23,3.28,180,130,1
p1103,作文,執筆,1,3.16,4.36,140,130,1
p1104,作文,組成,1,1.42,2.67,170,160,0
p1105,作文,表記,1,1.9,3.47,160,100,1
p1106,作法,行儀,1,4.13,4.83,140,130,1
p1107,作用,重複,1,0.63,2.17,180,150,0
p1108,作用,働き,1,3.83,4.45,160,100,1
p1109,削減,縮小,1,3.37,4.52,170,160,1
p1110,削減,節約,1,3.29,4.36,180,140,1
p1111,削減,短縮,1,2.39,3.75,140,130,1
p1112,錯覚,発掘,1,0.73,1.57,180,160,0
p1113,錯誤,間違い,1,3.92,4.22,170,130,1
p1114,察知,感性,1,2.04,3.37,180,160,1
p1115,参照,関連,1,2.75,3.8,130,150,1
p1116,山岳,弾み,1,0.72,1.39,180,160,0
p1117,山羊,化け物,1,0.67,1.53,170,150,0
p1118,散歩,水辺,1,1.11,3.33,160,150,1
p1119,散乱,波長,1,0.9,1.91,160,150,0
p1120,散乱,配布,1,1.12,2.39,160,150,0
p1121,産業,製造,1,2.59,4.31,180,150,1
p1122,産物,製品,1,3.1,4.26,180,140,1
p1123,残り,書房,1,0.65,1.49,170,150,0
p1124,仕掛け,左翼,1,0.74,1.59,180,160,0
p1125,仕業,振る舞い,1,2.81,3.57,170,150,1
p1126,仕事,生き甲斐,1,1.43,3.61,170,140,0
p1127,仕事,占領,1,0.86,2.07,170,130,1
p1128,仕事場,工房,1,3.5,4.43,150,150,1
p1129,仕組み,機関,1,2.36,3.72,180,140,1
p1130,仕組み,構成,1,3.99,4.39,170,130,1
p1131,仕組み,制度,1,4.29,4.61,170,160,1
p1132,仕方,手法,1,4.28,4.72,170,160,1
p1133,仕方,身振り,1,2.42,3.41,160,150,1
p1134,仕方,態度,1,1.68,2.59,170,130,1
p1135,使い,活用,1,3.31,4.18,160,150,1
p1136,使い,獅子,1,0.76,1.74,160,150,0
p1137,使い,定義,1,1.15,2.21,160,170,1
p1138,刺激,興奮,1,2.99,4.48,150,140,1
p1139,刺激,刃物,1,1.21,2.91,190,140,0
p1140,刺繍,画家,1,1.22,2.7,170,160,1
p1141,司会,歌劇,1,1.01,2.59,160,170,0
p1142,始め,当初,1,4.27,4.72,150,140,1
p1143,始末,清算,1,3.39,3.92,180,150,1
p1144,姿勢,携帯,1,0.61,2.12,170,130,1
p1145,子宮,西洋,1,0.49,1.19,170,150,1
p1146,子犬,少量,1,0.52,1.79,170,140,0
p1147,子孫,強度,1,0.58,1.42,170,140,0
p1148,師範,見本,1,2.78,3.94,190,140,1
p1149,師範,手本,1,3.72,4.66,170,160,1
p1150,志士,指輪,1,0.76,1.47,170,150,0
p1151,思い,願い,1,3.34,4.27,130,150,1
p1152,思い遣り,親切,1,4.24,4.23,180,150,1
p1153,思い出,覚え,1,2.82,4.16,150,150,1
p1154,思想,丸太,1,0.61,1.08,180,130,0
p1155,指示,離脱,1,0.65,1.84,160,150,0
p1156,指定,明示,1,2.4,3.2,160,150,1
p1157,指導,監督,1,3.13,4.46,180,160,1
p1158,指紋,散乱,1,0.61,1.95,170,130,0
p1159,指輪,婚約,1,2.33,4.81,170,160,1
p1160,指輪,生態,1,0.5,1.15,180,130,0
p1161,支え,補助,1,3.99,4.39,140,130,1
p1162,支援,救助,1,3.71,4.43,170,150,1
p1163,支援,補助,1,3.66,4.34,150,140,1
p1164,支援,養育,1,2.33,3.84,190,140,1
p1165,支出,消費,1,3.61,4.79,160,170,1
p1166,支出,費用,1,3.36,4.61,180,160,1
p1167,支度,準備,1,4.95,4.98,180,150,1
p1168,支度,用意,1,4.71,4.87,160,100,1
p1169,支配,統治,1,4.1,4.42,160,150,1
p1170,死因,内容,1,0.99,2.41,170,130,0
p1171,死骸,遺体,1,4.49,4.71,170,150,1
p1172,紙幣,偽造,1,1.01,3.79,180,140,1
p1173,視聴,集中,1,1.1,3.11,170,130,1
p1174,視点,円筒,1,0.9,1.72,160,150,0
p1175,詩人,丈夫,1,0.65,1.24,180,130,0
p1176,詩人,同性,1,0.64,1.31,160,170,0
p1177,資金,居間,1,0.5,1.33,140,130,1
p1178,資質,配置,1,0.93,2.44,180,140,0
p1179,事業,任務,1,2.05,3.25,130,150,1
p1180,事件,殺人,1,2.46,4.32,170,130,1
p1181,事象,渋滞,1,1.13,2.33,150,150,0
p1182,事変,災害,1,2.62,3.73,170,160,1
p1183,事変,遭難,1,1.54,3.08,170,130,1
p1184,事変,騒動,1,3.22,4.14,150,140,1
p1185,事変,暴動,1,2.97,3.94,150,150,1
p1186,事例,代表,1,1.33,2.25,180,140,1
p1187,寺院,神殿,1,2.99,3.94,150,150,1
p1188,持ち主,経歴,1,0.86,2.48,160,150,0
p1189,持続,貯蔵,1,1.51,2.88,150,140,1
p1190,時期,瞬間,1,2.2,3.12,130,150,1
p1191,時代,弾丸,1,0.59,1.65,180,130,0
p1192,時代,遅れ,1,0.78,2.78,160,150,1
p1193,次官,総長,1,1.95,3.32,170,150,1
p1194,治安,小隊,1,1.18,2.59,130,150,0
p1195,治癒,尺度,1,0.69,1.62,180,130,0
p1196,自伝,作品,1,2.16,3.74,160,100,1
p1197,自発,変更,1,0.8,1.99,160,150,0
p1198,自負,覚え,1,1.54,2.72,160,150,1
p1199,自立,反発,1,1.27,3.31,160,120,1
p1200,執行,実施,1,3.92,4.51,160,120,1
p1201,失敗,過ち,1,4.47,4.81,160,100,1
p1202,失敗,間違い,1,3.87,4.49,150,150,1
p1203,失敗,原子,1,0.64,1.48,160,150,1
p1204,質量,調和,1,0.85,2.09,180,140,0
p1205,実験,試み,1,4.16,4.57,160,150,1
p1206,実施,履行,1,3.44,4.08,160,150,1
p1207,実習,慣行,1,1.42,2.69,180,140,0
p1208,実力,機能,1,1.67,3.06,170,130,1
p1209,実力,才能,1,2.92,4.21,130,150,1
p1210,芝居,著作,1,1.41,3.53,150,150,1
p1211,芝居,役者,1,2.64,5.06,170,130,1
p1212,芝生,孤児,1,0.52,1.05,170,130,0
p1213,写し,複製,1,4.73,4.83,180,160,1
p1214,写真,映像,1,3.19,4.45,150,150,1
p1215,写真,画像,1,4.03,4.89,170,150,1
p1216,射撃,発砲,1,4.03,4.74,190,140,1
p1217,社交,行き来,1,2.09,3.27,130,150,1
p1218,車体,経費,1,0.73,2.41,160,150,0
p1219,尺度,規範,1,2.44,3.55,180,130,1
p1220,尺度,標準,1,2.44,3.63,160,150,1
p1221,尺度,不倫,1,0.71,1.81,190,140,0
p1222,釈放,留置,1,1.09,3.55,170,150,1
p1223,弱点,上手,1,0.64,2.44,170,160,0
p1224,主義,疎外,1,0.86,2.01,170,150,0
p1225,主権,従属,1,1.31,3.47,160,150,1
p1226,主催,祝日,1,0.67,2.2,170,140,0
p1227,主人,太陽,1,0.98,1.78,150,150,1
p1228,主張,無効,1,0.85,2.23,160,100,0
p1229,取り引き,売買,1,4.21,4.75,170,160,1
p1230,取り調べ,捜索,1,2.79,4.29,150,150,1
p1231,守り,防御,1,4.96,5.23,160,170,1
p1232,守り,養護,1,3.31,4.07,160,100,1
p1233,守護,防御,1,3.88,4.23,160,150,1
p1234,守備,防御,1,4.33,4.94,180,160,1
p1235,手続き,更生,1,1.08,2.81,190,140,1
p1236,手伝い,救助,1,3.37,4.16,180,130,1
p1237,手伝い,支援,1,4.09,4.54,180,160,1
p1238,手当て,異常,1,0.58,1.92,170,150,1
p1239,手当て,補償,1,3.39,4.07,160,150,1
p1240,手本,模範,1,4.83,4.68,160,150,1
p1241,趣向,献立,1,1.13,2.84,160,100,0
p1242,受信,回線,1,1.66,3.95,180,150,1
p1243,授業,講義,1,4.57,4.74,170,130,1
p1244,授業,講座,1,4.24,4.71,160,150,1
p1245,樹木,読者,1,0.48,1.19,180,160,1
p1246,周知,金剛,1,0.76,1.36,160,100,0
p1247,周遊,渡航,1,2.2,3.76,180,160,1
p1248,就任,発足,1,1.88,3.19,160,150,1
p1249,修正,改訂,1,3.73,4.49,150,140,1
p1250,修理,手入れ,1,3.45,4.27,180,160,1
p1251,修理,復元,1,3.94,4.67,140,130,1
p1252,終わり,結び,1,3.87,4.51,150,150,0
p1253,習慣,風俗,1,2.03,3.1,130,150,1
p1254,週末,宿題,1,0.66,2.45,160,150,0
p1255,集積,導体,1,1.18,2.51,170,160,0
p1256,集積,牧場,1,0.76,2.17,140,130,0
p1257,住まい,駐在,1,2.29,3.57,170,160,1
p1258,住居,家屋,1,4.47,4.96,170,140,1
p1259,住居,自宅,1,4.08,5.01,170,150,1
p1260,住居,駐在,1,2.02,3.14,130,150,1
p1261,住居,邸宅,1,3.92,4.62,170,150,1
p1262,住宅,家屋,1,4.52,5,130,150,1
p1263,銃口,信号,1,0.64,1.28,170,150,0
p1264,銃口,前足,1,0.59,1.29,160,100,0
p1265,銃声,花火,1,1.12,2.77,180,140,1
p1266,銃声,駐車,1,0.47,1.04,170,150,1
p1267,祝い,勝利,1,2.18,4.4,170,130,1
p1268,熟練,獲得,1,1.71,2.91,150,150,1
p1269,出し汁,社交,1,0.48,0.85,160,150,0
p1270,出荷,市販,1,1.41,3.55,170,140,1
p1271,出現,瞬き,1,1.22,2.74,190,140,0
p1272,出口,解放,1,2.03,3.46,150,140,1
p1273,出口,記念,1,0.64,1.31,170,130,0
p1274,出世,昇進,1,4.81,5.16,170,130,1
p1275,出生,人物,1,1.26,3.18,160,150,1
p1276,出生,養育,1,1.58,3.48,170,130,1
p1277,出版,刊行,1,4.01,4.55,160,150,1
p1278,出版,書籍,1,2.87,4.8,170,150,1
p1279,出版,発行,1,3.9,4.66,160,150,1
p1280,出来事,悪夢,1,1.07,2.79,150,140,0
p1281,春秋,時間,1,1.69,2.77,170,150,1
p1282,循環,動脈,1,1.95,3.86,130,150,1
p1283,準備,用意,1,4.94,4.85,160,150,1
p1284,巡査,氏名,1,0.48,1.73,160,150,1
p1285,処置,手当て,1,4.15,4.66,190,140,1
p1286,処罰,制裁,1,4.22,4.61,160,150,1
p1287,処罰,懲戒,1,3.72,4.57,130,150,1
p1288,処分,刑罰,1,3.51,4.39,140,130,1
p1289,処分,懲戒,1,3.35,4.48,160,100,1
p1290,所有,財産,1,2.29,4.46,170,140,1
p1291,書簡,連隊,1,0.65,1.41,160,100,0
p1292,書店,本屋,1,5.45,5.21,180,150,1
p1293,書房,本屋,1,4.29,4.84,170,140,1
p1294,助け,救済,1,4.98,5.13,170,160,1
p1295,叙述,形容,1,2.01,3.01,150,150,1
p1296,女神,原型,1,0.73,1.47,180,130,0
p1297,女性,引き出し,1,0.45,1.56,160,150,1
p1298,勝手,台所,1,3.03,3.74,160,150,1
p1299,勝負,競争,1,4.16,5.02,180,130,1
p1300,勝負,試合,1,3.38,4.83,170,150,1
p1301,勝負,戦い,1,4.34,4.71,160,150,1
p1302,勝利,椅子,1,0.49,1.45,180,140,1
p1303,勝利,征服,1,2.53,3.94,180,160,1
p1304,勝利,誘惑,1,0.75,1.55,170,130,0
p1305,召集,徴兵,1,2.78,4.05,140,130,1
p1306,商売,専業,1,1.73,3.45,160,120,1
p1307,商法,敬語,1,0.7,2.14,170,150,0
p1308,奨励,持ち,1,0.94,1.73,160,100,0
p1309,奨励,昇進,1,1.66,3.27,160,150,1
p1310,将軍,狂言,1,0.65,1.8,170,140,0
p1311,将校,生まれ,1,0.6,1.55,160,170,1
p1312,小屋,丸太,1,1.61,3.98,190,140,1
p1313,小切手,受け取り,1,1.42,3.55,170,130,1
p1314,小船,経歴,1,0.55,1.25,170,130,0
p1315,小隊,高度,1,0.73,1.31,150,150,0
p1316,小鳥,恐慌,1,0.56,1.11,170,150,0
p1317,小道,経路,1,2.02,3.39,180,130,1
p1318,小路,通り,1,3.74,4.11,160,150,0
p1319,少年,直線,1,0.62,1.67,160,120,1
p1320,承認,賛成,1,3.83,4.5,180,140,1
p1321,松明,煙突,1,1.45,2.51,170,150,0
p1322,消失,炎症,1,0.79,1.85,160,150,0
p1323,焦点,細部,1,1.73,3.06,160,170,1
p1324,照明,電灯,1,4.76,5.14,180,160,1
p1325,症状,嘔吐,1,1.73,4.07,170,150,1
p1326,衝撃,能力,1,0.75,1.85,170,160,1
p1327,証拠,特徴,1,1.72,3.06,170,140,1
p1328,証券,真珠,1,0.62,1.44,160,120,0
p1329,証言,繊維,1,0.54,1.15,140,130,0
p1330,証人,不満,1,0.7,1.58,170,160,0
p1331,証明,見込み,1,1.2,2.52,170,150,1
p1332,詳細,論点,1,1.63,3.09,180,160,1
p1333,象徴,同性,1,0.61,1.65,160,150,0
p1334,賞金,散乱,1,0.55,1.25,160,150,0
p1335,障害,低温,1,0.84,2.66,170,130,1
p1336,障壁,将軍,1,0.67,1.58,170,160,0
p1337,上演,興行,1,3.36,4.45,190,140,1
p1338,上部,骨格,1,0.9,2.11,160,150,0
p1339,上陸,水兵,1,1.06,3.35,160,100,1
p1340,丈夫,事情,1,0.71,1.75,170,140,0
p1341,場合,堕落,1,0.63,1.45,180,160,0
p1342,場面,電圧,1,0.54,1.15,170,150,0
p1343,情熱,親密,1,1.26,2.89,160,150,1
p1344,情報,知識,1,3.04,4.22,170,130,1
p1345,条項,論点,1,1.58,2.9,140,130,1
p1346,浄化,清掃,1,3.31,4.3,170,150,1
p1347,植物,草木,1,4.5,5,170,150,1
p1348,職業,性別,1,0.81,2.61,170,160,1
p1349,食事,劇場,1,0.62,1.89,160,150,1
p1350,食堂,反撃,1,0.5,0.87,170,150,0
p1351,食糧,配給,1,1.91,4.03,160,100,1
p1352,伸び,増加,1,3.73,4.28,170,130,1
p1353,伸び,増大,1,3.01,3.91,170,140,1
p1354,信条,意見,1,2.15,3.36,170,130,1
p1355,信徒,洗礼,1,2.22,4.19,140,130,1
p1356,信念,忠誠,1,2.19,3.5,170,130,1
p1357,侵害,違反,1,2.51,3.85,160,120,1
p1358,侵害,人情,1,0.78,1.99,130,150,0
p1359,侵入,攻略,1,2.45,3.81,170,150,1
p1360,侵略,丈夫,1,0.75,1.62,170,150,0
p1361,審査,裁判,1,2.77,4.19,190,140,1
p1362,審査,視察,1,2.38,3.32,130,150,1
p1363,審査,評価,1,3.32,4.34,170,150,1
p1364,審判,偏差,1,1.25,2.84,190,140,0
p1365,振る舞い,行為,1,3.94,4.59,160,150,1
p1366,新人,商法,1,0.65,1.57,130,150,0
p1367,申請,衰退,1,0.73,1.48,160,120,0
p1368,真剣,誠実,1,3,4.07,130,150,1
p1369,真実,虚偽,1,0.97,3.17,180,130,1
p1370,真実,半島,1,0.53,1.38,170,130,1
p1371,真理,証明,1,2.26,3.67,170,160,1
p1372,神宮,聖堂,1,2.84,3.45,160,150,1
p1373,神経,伝達,1,1.56,3.71,160,150,1
p1374,神聖,祭り,1,2.23,4.01,180,130,1
p1375,神殿,聖堂,1,3.45,4.19,190,140,1
p1376,神父,観客,1,0.63,1.24,160,150,0
p1377,親切,配慮,1,3.41,4.22,160,100,1
p1378,身長,ちび,1,1.85,4.31,170,130,1
p1379,人格,個性,1,3.01,4.21,190,140,1
p1380,人格,本質,1,2.12,3.56,180,160,1
p1381,人気,評判,1,3.5,4.64,170,140,1
p1382,人質,陣営,1,0.93,2.27,150,150,0
p1383,人種,白色,1,1.33,3.64,130,150,1
p1384,人情,思い遣り,1,3.53,4.34,180,140,1
p1385,人体,中性,1,0.82,2.18,160,120,0
p1386,人物,実在,1,1.17,3.53,180,150,1
p1387,人柄,気質,1,3.47,4.34,150,140,1
p1388,人柄,後半,1,0.56,1.05,180,160,0
p1389,刃物,楕円,1,0.56,1.38,160,170,0
p1390,図表,概要,1,1.56,3.33,180,150,1
p1391,図面,絵画,1,2.5,3.44,140,130,1
p1392,垂れ,芸者,1,0.68,1.75,170,130,0
p1393,垂直,伝導,1,0.8,1.63,160,150,0
p1394,推進,司法,1,0.89,1.91,170,130,1
p1395,水晶,視力,1,0.9,2.49,180,160,0
p1396,水槽,挿し絵,1,0.46,1.22,180,130,0
p1397,遂行,達成,1,3.27,4.33,180,160,1
p1398,酔い,事件,1,0.88,2.67,160,120,1
p1399,崇拝,愛好,1,2.37,3.35,160,150,1
p1400,崇拝,賛美,1,2.85,3.8,150,150,1
p1401,数値,偏差,1,2.27,3.96,180,150,0
p1402,寸法,数量,1,1.96,3.67,160,150,1
p1403,世紀,後半,1,0.92,2.36,170,160,1
p1404,世紀,野菜,1,0.41,1.32,170,160,1
p1405,世帯,家事,1,1.46,3.75,160,120,1
p1406,世代,占い,1,0.79,1.79,130,150,0
p1407,世話,手当て,1,2.86,3.81,170,150,1
p1408,世話,面倒,1,2.83,4.06,150,140,1
p1409,制限,食塩,1,0.76,2.88,180,150,1
p1410,制御,抑圧,1,2.99,4.02,180,130,1
p1411,制裁,懲戒,1,3.25,3.9,170,150,1
p1412,制作,構図,1,1.86,3.88,190,140,1
p1413,制作,製造,1,4.11,4.41,180,140,1
p1414,制作,組成,1,2.32,3.41,170,160,1
p1415,制作,創出,1,3.35,4.3,160,120,1
p1416,制定,開設,1,2.08,3.15,170,130,1
p1417,制定,結成,1,1.89,2.86,170,150,1
p1418,制定,創立,1,2.29,3.35,170,150,1
p1419,制約,限定,1,3.51,3.9,160,150,1
p1420,制約,限度,1,3.18,3.94,160,150,1
p1421,制約,束縛,1,3.28,4.22,150,150,1
p1422,性格,気質,1,4.23,4.55,150,150,1
p1423,性質,気分,1,1.91,3.1,160,120,1
p1424,性質,特徴,1,3.79,4.58,180,130,1
p1425,性別,平方,1,0.78,1.07,130,150,0
p1426,成功,失敗,1,1,4.46,170,160,1
p1427,成就,遂行,1,2.65,3.83,190,140,1
p1428,成熟,果実,1,1.73,4.09,160,120,1
p1429,成熟,勢い,1,1.27,2.48,170,160,1
p1430,成分,材料,1,3.28,4.34,170,140,1
p1431,成分,食材,1,1.49,4,160,120,1
p1432,成分,要素,1,3.78,4.21,170,150,1
p1433,政策,方針,1,3.52,4.22,170,150,1
p1434,政治,腐敗,1,1.06,3.7,160,150,1
p1435,政治,北東,1,0.54,1.36,170,150,0
p1436,整形,石膏,1,1.17,3.05,160,150,1
p1437,整備,確保,1,1.19,2.69,140,130,1
p1438,整理,調節,1,2.29,3.29,150,140,1
p1439,整理,配置,1,2.47,4.06,150,140,1
p1440,整理,配列,1,2.83,4.12,160,100,1
p1441,正確,精度,1,3.54,4.68,160,120,1
p1442,正義,司教,1,1.2,2.47,170,150,1
p1443,正午,弾丸,1,0.6,1.07,130,150,0
p1444,正体,財産,1,0.54,1.54,160,150,1
p1445,正直,誠実,1,4.31,4.59,160,150,1
p1446,清潔,消毒,1,2.7,4.28,160,150,1
p1447,生活,切断,1,0.58,1.45,160,150,0
p1448,生活,様式,1,1.92,3.79,170,150,1
p1449,生産,製造,1,4.35,4.98,150,150,1
p1450,生体,困難,1,0.69,1.93,170,130,0
p1451,生地,織物,1,3.33,4.61,160,150,1
p1452,生物,会館,1,0.55,1.49,170,140,0
p1453,精神,偵察,1,0.89,1.78,150,140,0
p1454,精神,保健,1,1.2,2.83,160,150,1
p1455,精度,社債,1,0.83,1.51,170,160,0
p1456,聖職,食塩,1,0.66,1.59,150,140,0
p1457,聖人,不倫,1,0.56,1.52,140,130,0
p1458,製剤,輸血,1,1.26,3.53,180,150,1
p1459,西方,土俵,1,1.03,2.8,160,120,0
p1460,西洋,蜜蜂,1,0.84,2.31,160,150,0
p1461,請求,梯子,1,0.76,1.4,170,160,0
p1462,石灰,弾み,1,0.72,1.28,170,150,0
p1463,石垣,独り言,1,0.54,1.02,160,170,0
p1464,切れ,欠片,1,2.73,3.63,170,140,0
p1465,切れ,破片,1,2.85,3.81,170,150,1
p1466,切れ目,段落,1,2.91,3.86,140,130,1
p1467,設計,警備,1,0.92,2.12,130,150,1
p1468,設備,道具,1,2.65,4.14,180,130,1
p1469,節約,経済,1,1.52,3.83,150,140,1
p1470,説得,実例,1,1.35,2.86,130,150,1
p1471,絶対,服従,1,1.93,3.47,130,150,1
p1472,絶対,分析,1,0.65,1.91,160,150,1
p1473,先駆,出番,1,1.12,2.4,170,140,0
p1474,先端,円盤,1,0.62,1.66,180,130,0
p1475,占領,攻略,1,2.63,3.96,170,150,1
p1476,宣伝,広告,1,4.54,5.07,190,140,1
p1477,戦い,抗争,1,4.53,4.9,180,130,1
p1478,戦い,闘争,1,4.72,4.86,160,150,1
p1479,戦士,軍人,1,3.76,4.56,170,140,1
p1480,戦時,看護,1,0.71,2.58,140,130,1
p1481,戦闘,衝突,1,3.3,4.26,160,170,1
p1482,戦略,構想,1,3.04,4.23,150,150,1
p1483,洗濯,浄化,1,2.72,3.85,180,150,1
p1484,洗礼,主流,1,0.82,1.66,160,100,0
p1485,洗礼,裏打ち,1,0.99,1.7,160,100,0
p1486,洗練,操縦,1,0.99,2.01,170,130,0
p1487,染み,競り,1,0.71,1.39,160,100,0
p1488,旋律,平均,1,1.08,2.11,160,100,0
p1489,線路,区間,1,1.98,4.19,160,150,1
p1490,線路,行列,1,1.1,2.16,170,130,1
p1491,線路,鉄道,1,3.14,4.94,160,100,1
p1492,繊維,果物,1,0.88,2.91,160,170,1
p1493,前進,増加,1,1.59,3.29,180,140,1
p1494,前提,想定,1,2.88,3.75,180,140,1
p1495,前日,宿題,1,0.71,2.72,140,130,1
p1496,前日,狙い,1,0.65,1.47,160,170,1
p1497,前半,後書き,1,0.84,2.41,190,140,0
p1498,善意,恩恵,1,2.13,3.44,160,150,1
p1499,全米,暴動,1,0.79,2.21,160,150,0
p1500,全米,略奪,1,0.59,1.63,160,150,0
p1501,措置,方策,1,2.9,3.74,190,140,1
p1502,狙い,目当て,1,4.03,4.37,180,150,1
p1503,疎開,運行,1,0.81,1.8,180,130,0
p1504,祖先,祭祀,1,1.48,3.61,170,140,1
p1505,祖先,集積,1,0.78,1.74,150,140,0
p1506,素人,野球,1,0.67,2.39,190,140,1
p1507,素朴,懐疑,1,1.02,1.68,180,130,0
p1508,組み立て,輸出,1,0.86,2.43,160,100,0
p1509,組織,結成,1,2.52,4.09,180,140,1
p1510,組織,編成,1,3.07,4.25,170,130,1
p1511,阻止,障害,1,2.22,3.49,180,160,1
p1512,創作,芝居,1,2.38,4.09,160,120,1
p1513,創始,結成,1,2.62,3.5,170,150,1
p1514,創造,生成,1,3.01,3.88,160,100,1
p1515,創立,施設,1,1.09,3.26,160,150,1
p1516,創立,設置,1,2.74,3.82,180,130,1
p1517,創立,編成,1,1.73,2.68,130,150,1
p1518,双子,星座,1,1.75,3.85,170,150,1
p1519,倉庫,店舗,1,1.66,3.77,160,150,1
p1520,喪失,変身,1,0.85,2.22,160,120,0
p1521,捜査,検察,1,2.57,4.35,180,140,1
p1522,捜査,調べ,1,4.2,4.81,170,150,1
p1523,掃除,洗濯,1,2.52,4.47,160,150,1
p1524,挿し絵,映像,1,2.02,3.26,170,150,0
p1525,挿入,掲載,1,1.46,2.8,170,130,1
p1526,操縦,機体,1,1.3,4.25,160,150,1
p1527,争い,戦闘,1,4.35,4.99,190,140,1
p1528,相関,高度,1,0.91,2.14,150,140,0
p1529,相手,殿下,1,1.34,2.27,130,150,1
p1530,相場,家賃,1,1.54,3.67,170,150,1
p1531,相場,寸法,1,1.24,2,130,150,1
p1532,相性,見掛け,1,1.09,2.53,150,140,0
p1533,相対,水辺,1,0.64,1.71,170,140,0
p1534,窓口,本棚,1,0.59,1.81,180,150,0
p1535,総括,派手,1,0.64,1.28,140,130,0
p1536,総裁,指名,1,1.18,3.28,170,160,1
p1537,草原,妖精,1,0.92,2.23,130,150,0
p1538,荘園,百合,1,1.11,2.5,180,150,0
p1539,装置,設備,1,3.78,4.26,170,150,1
p1540,騒動,考え,1,0.77,2.2,170,150,0
p1541,増加,引き上げ,1,2.84,3.72,160,120,1
p1542,増加,蓄積,1,3.01,4.11,180,160,1
p1543,増殖,拡大,1,3.22,4.08,180,150,1
p1544,増殖,集積,1,1.96,2.75,130,150,1
p1545,増殖,複製,1,2.24,3.54,190,140,1
p1546,増大,拡張,1,4.03,4.55,160,150,1
p1547,増大,蓄積,1,2.34,3.62,170,140,1
p1548,増大,膨張,1,3.81,4.48,160,170,1
p1549,贈り物,靴下,1,0.73,2.98,160,150,1
p1550,贈与,銃口,1,0.46,0.93,180,140,0
p1551,造船,上手,1,0.58,1.69,170,150,0
p1552,促進,育成,1,2.17,3.66,170,140,1
p1553,促進,奨励,1,3.09,3.98,160,100,1
p1554,束縛,限定,1,2.11,3.18,180,130,1
p1555,足元,寝台,1,0.84,1.88,160,120,0
p1556,足跡,糖尿,1,0.46,1.13,170,160,1
p1557,尊敬,賛美,1,3.16,3.95,160,100,1
p1558,尊厳,余暇,1,0.72,1.66,170,130,0
p1559,村人,休日,1,0.44,1.39,180,150,1
p1560,太陽,電池,1,1.26,3.9,170,150,1
p1561,堕落,尺度,1,0.62,1.31,160,150,0
p1562,妥協,産物,1,0.91,2.09,160,150,0
p1563,打撃,投手,1,1.14,3.94,160,170,1
p1564,体格,身形,1,3.83,4.31,160,150,0
p1565,体系,編成,1,2.89,3.53,160,150,1
p1566,体重,身長,1,1.52,4.24,140,130,1
p1567,体制,編成,1,2.88,3.74,170,160,1
p1568,対抗,闘争,1,3.25,4.09,160,170,1
p1569,対策,措置,1,3.51,4.25,170,130,1
p1570,対称,少年,1,0.6,1.44,160,120,0
p1571,対立,葛藤,1,2.35,3.45,130,150,1
p1572,対話,外科,1,0.68,2.08,170,140,0
p1573,待遇,扱い,1,4.03,4.57,150,150,1
p1574,態度,言動,1,2.65,4.1,190,140,1
p1575,態度,行儀,1,3.58,4.47,170,150,1
p1576,態度,行動,1,2.6,4.18,140,130,1
p1577,態度,振る舞い,1,4.14,4.64,190,140,1
p1578,替え,異動,1,2.98,3.81,170,130,1
p1579,退屈,単調,1,3.14,4.06,160,150,1
p1580,退治,駆逐,1,4.04,4.31,160,150,1
p1581,代金,時価,1,2.64,3.86,180,140,1
p1582,代金,払い,1,3.05,4.69,140,130,1
p1583,代償,手当て,1,1.91,3.06,190,140,1
p1584,代替,遣り取り,1,1.32,2.4,170,140,1
p1585,代替,選択,1,1.6,3.03,170,130,1
p1586,代表,標本,1,1.27,2.19,180,130,0
p1587,代物,替え,1,3.55,4.1,180,130,1
p1588,台風,皮膚,1,0.4,0.83,160,150,1
p1589,大気,区画,1,0.74,1.4,180,130,0
p1590,大工,刃物,1,1.37,3.64,180,140,1
p1591,大根,心理,1,0.43,0.97,180,150,1
p1592,大衆,征服,1,0.82,2.22,160,100,0
p1593,大将,乳房,1,0.5,0.85,140,130,0
p1594,大人,象徴,1,0.85,1.99,170,130,1
p1595,大人,身振り,1,0.91,2.74,160,120,1
p1596,大戦,要件,1,0.77,1.59,160,170,1
p1597,大物,陽気,1,0.94,2.08,140,130,0
p1598,大砲,高台,1,0.95,3.25,150,150,1
p1599,達成,数値,1,1.46,3.75,170,130,1
p1600,脱出,逃亡,1,3.95,4.77,170,160,1
p1601,担保,神父,1,0.48,1.12,160,100,1
p1602,探検,発信,1,1.11,2.28,160,150,1
p1603,探索,検察,1,2.19,3.25,160,170,1
p1604,探索,調べ,1,4.42,4.63,160,150,1
p1605,短編,男爵,1,0.34,1.07,160,150,0
p1606,弾み,音色,1,1.45,2.82,130,150,0
p1607,断定,花瓶,1,0.57,1.03,170,160,0
p1608,断片,一致,1,0.98,2.54,160,170,1
p1609,断片,部分,1,3.91,4.47,170,160,1
p1610,暖房,負荷,1,0.74,2.12,180,140,0
p1611,男爵,標本,1,0.6,1.05,150,150,0
p1612,値打ち,払い,1,1.33,3.07,180,140,1
p1613,知恵,遅れ,1,0.68,2.23,160,150,0
p1614,知識,因子,1,1.18,2.54,180,140,1
p1615,知識,拡散,1,0.96,2.79,170,140,1
p1616,知性,頭脳,1,3.37,4.72,180,160,1
p1617,知能,頭脳,1,3.91,4.61,130,150,1
p1618,地位,身分,1,4.02,4.7,160,120,1
p1619,地位,役職,1,3.77,4.82,180,130,1
p1620,地位,立場,1,4.13,4.4,180,150,1
p1621,地区,辺境,1,1.97,3.33,140,130,1
p1622,地獄,手入れ,1,0.42,1.23,180,150,1
p1623,地震,断層,1,2.26,4.95,150,150,1
p1624,地層,陶器,1,0.86,2.51,170,160,1
p1625,地平,好意,1,0.6,1.18,140,130,0
p1626,地理,転倒,1,0.58,1.64,170,140,0
p1627,馳走,天狗,1,1.02,1.83,130,150,1
p1628,馳走,用語,1,0.61,1.45,180,150,1
p1629,蓄積,貯蔵,1,3.91,4.59,180,160,1
p1630,窒素,先輩,1,0.5,0.96,190,140,0
p1631,着替え,場合,1,0.51,1.57,160,150,0
p1632,着物,衣装,1,4.11,4.99,180,130,1
p1633,着物,衣服,1,4.2,5.07,160,170,1
p1634,着物,次官,1,0.59,1.29,150,150,0
p1635,中核,焦点,1,2.62,3.63,150,150,1
p1636,中核,要領,1,1.59,2.51,170,150,1
p1637,中継,受信,1,1.91,3.62,140,130,1
p1638,中身,小切手,1,0.61,1.61,160,150,0
p1639,中枢,拠り所,1,1.83,2.53,130,150,1
p1640,中世,荘園,1,1.24,3,190,140,1
p1641,中性,束縛,1,0.74,1.49,170,130,0
p1642,中性,平気,1,0.98,1.92,160,100,0
p1643,中絶,合法,1,0.79,2.58,160,120,1
p1644,中絶,切れ目,1,1.38,2.32,170,160,0
p1645,中絶,阻止,1,2.07,3.1,160,100,1
p1646,中絶,用語,1,0.56,1.37,160,100,0
p1647,中断,休憩,1,2.78,3.83,130,150,1
p1648,中断,絶え間,1,2.76,3.34,180,140,1
p1649,中立,地理,1,0.75,1.69,150,140,0
p1650,忠誠,受け取り,1,0.97,2.12,180,130,0
p1651,忠誠,反逆,1,0.86,2.91,160,120,1
p1652,抽象,地層,1,0.66,1.4,170,150,0
p1653,昼食,献立,1,1.92,4.44,150,140,1
p1654,昼食,効果,1,0.54,1.63,160,150,1
p1655,注意,集中,1,2.59,4.08,190,140,1
p1656,注文,装備,1,1.02,2.24,180,160,1
p1657,注目,関心,1,3.86,4.55,160,150,1
p1658,貯蔵,効果,1,0.89,2.33,170,130,0
p1659,挑戦,大工,1,0.79,2.15,160,100,0
p1660,聴取,放出,1,0.85,1.59,170,150,0
p1661,調子,音色,1,2.22,3.48,140,130,1
p1662,調子,響き,1,1.6,2.98,170,130,1
p1663,調子,嘲笑,1,0.97,1.84,180,130,0
p1664,長老,有限,1,0.64,1.97,180,150,0
p1665,直線,原告,1,0.5,1.2,180,150,0
p1666,沈黙,無言,1,4.96,4.97,180,150,1
p1667,通勤,平方,1,0.59,1.35,160,100,0
p1668,通信,連絡,1,3.86,4.51,160,150,1
p1669,低下,減少,1,3.83,4.51,180,130,1
p1670,低下,免疫,1,0.94,3.46,140,130,1
p1671,停止,凍結,1,2.83,3.68,180,130,1
p1672,停止,老齢,1,1.04,2.33,170,150,1
p1673,停車,凍結,1,0.96,2.67,180,140,1
p1674,抵当,混同,1,0.94,1.55,170,130,0
p1675,提供,給与,1,1.66,3.28,170,130,1
p1676,提供,小石,1,0.61,1.01,170,130,0
p1677,提出,法案,1,1.29,3.69,160,100,1
p1678,提唱,銀色,1,0.62,1.3,160,100,0
p1679,梯子,段々,1,2.33,3.06,170,130,1
p1680,梯子,分化,1,0.9,1.68,180,140,0
p1681,訂正,反復,1,0.8,2.02,160,150,0
p1682,泥棒,強盗,1,4.22,4.85,160,150,1
p1683,泥棒,窃盗,1,4.74,5.26,160,170,1
p1684,泥棒,略奪,1,3.71,4.25,170,130,1
p1685,適応,豆腐,1,0.49,1.05,160,170,1
p1686,撤廃,破棄,1,3.63,3.97,160,100,1
p1687,鉄鋼,造船,1,1.79,4.01,190,140,1
p1688,鉄道,余暇,1,0.93,3.04,180,160,1
p1689,天井,企画,1,0.57,1.46,160,150,1
p1690,天井,蛍光,1,0.91,3.37,150,150,1
p1691,天狗,青空,1,0.43,1.69,180,150,0
p1692,天国,極楽,1,4.56,4.86,160,150,1
p1693,天才,資質,1,2.25,3.94,150,140,1
p1694,天文,電波,1,1.12,2.54,160,150,1
p1695,展望,景色,1,3.49,4.39,170,150,1
p1696,展望,眺め,1,4.46,4.9,180,160,1
p1697,店頭,後書き,1,0.8,1.68,130,150,0
p1698,添加,補充,1,2.44,3.08,160,170,1
p1699,転換,社債,1,0.94,2.54,160,120,1
p1700,転換,上部,1,0.81,2.09,170,150,0
p1701,転倒,監視,1,0.71,1.7,170,150,0
p1702,点検,調査,1,3.57,4.27,140,130,1
p1703,伝染,病原,1,2.35,4.43,160,170,1
p1704,伝統,慣行,1,3.04,3.88,140,130,1
p1705,伝統,慣習,1,3.69,4.39,170,150,1
p1706,伝統,工芸,1,2.14,4.54,170,140,1
p1707,伝統,習慣,1,2.82,4.07,170,150,1
p1708,伝播,拡散,1,3.11,3.81,160,100,1
p1709,伝播,散乱,1,1.26,2.42,170,150,0
p1710,伝播,分散,1,1.96,2.86,170,150,1
p1711,電球,蛍光,1,2.69,4.3,180,150,1
p1712,電信,受け取り,1,1.51,3.38,150,150,1
p1713,登録,記載,1,2.59,3.88,140,130,1
p1714,途方,過程,1,1.53,2.41,150,150,1
p1715,都合,編成,1,0.94,2.1,160,150,1
p1716,都心,通勤,1,1.13,3.75,180,140,1
p1717,土産,思い出,1,2.01,4.1,160,120,1
p1718,土手,堤防,1,4.24,4.72,160,120,1
p1719,土壌,陸上,1,1.35,2.75,160,150,1
p1720,土台,基礎,1,4.54,4.99,180,160,1
p1721,土地,農業,1,2.02,4.39,160,100,1
p1722,土地,農耕,1,2.04,4.35,170,150,1
p1723,土俵,開き,1,0.99,2.51,170,150,1
p1724,奴隷,捕虜,1,3.09,4.13,180,160,1
p1725,倒産,手形,1,1.15,3.79,170,140,1
p1726,凍結,堕落,1,0.67,1.72,140,130,0
p1727,凍結,薬剤,1,0.64,2.04,170,130,0
p1728,唐辛子,豚肉,1,0.59,2.42,160,120,0
p1729,投下,高度,1,0.98,2.84,150,150,1
p1730,投資,国債,1,2.26,4.13,180,130,1
p1731,搭乗,番組,1,0.57,1.2,170,130,0
p1732,東南,盆地,1,0.63,1.79,180,160,0
p1733,東方,押し入れ,1,0.67,1.54,190,140,0
p1734,東洋,蜜蜂,1,0.78,1.85,170,150,0
p1735,当時,酵素,1,0.54,1.01,140,130,0
p1736,答申,見直し,1,1.54,3.27,170,150,1
p1737,糖尿,腎臓,1,1.51,3.93,170,150,1
p1738,統一,連合,1,3.11,3.94,150,140,1
p1739,統合,連盟,1,2.46,3.98,180,130,1
p1740,統制,理事,1,1.32,2.78,180,130,1
p1741,統制,連合,1,2.13,3.58,150,140,1
p1742,豆腐,本能,1,0.43,0.88,180,130,1
p1743,頭痛,見直し,1,0.54,1.35,140,130,0
p1744,頭脳,女の子,1,0.69,1.75,170,130,0
p1745,働き,役目,1,3.16,4.1,180,150,1
p1746,動員,収縮,1,0.67,1.9,190,140,0
p1747,動詞,主語,1,1.38,3.87,130,150,1
p1748,動物,生体,1,3.43,4.55,170,130,1
p1749,動揺,興奮,1,1.98,3.53,160,170,1
p1750,動揺,大騒ぎ,1,2.23,3.42,170,130,1
p1751,同期,気圧,1,0.67,1.31,160,120,0
p1752,同情,思い遣り,1,3.06,3.91,180,140,1
p1753,同情,慈悲,1,3,3.78,160,150,1
p1754,同心,円筒,1,1.47,2.54,150,140,0
p1755,同盟,団結,1,3.81,4.43,160,150,1
p1756,同盟,連立,1,3.44,4.3,180,140,1
p1757,憧れ,野心,1,1.92,3.17,160,150,0
p1758,洞窟,蝙蝠,1,1.1,3.18,170,140,1
p1759,洞察,識別,1,2.43,3.52,180,130,1
p1760,道徳,処分,1,0.84,2.22,170,160,1
p1761,特許,認可,1,2.85,4.05,130,150,1
p1762,特徴,騎兵,1,0.63,1.44,180,140,0
p1763,独創,化け物,1,1.08,2.17,170,160,0
p1764,突破,何事,1,0.84,2.04,160,120,0
p1765,突破,局面,1,1.27,3.52,170,130,1
p1766,豚肉,集合,1,0.38,1.05,160,150,1
p1767,内緒,秘密,1,4.57,5.17,150,150,1
p1768,内容,意味,1,3.33,3.99,140,130,1
p1769,南海,区間,1,0.89,1.98,160,120,0
p1770,難民,法務,1,0.84,2.59,160,170,1
p1771,匂い,香り,1,4.68,5.08,160,120,1
p1772,日光,水晶,1,0.89,2.11,150,150,0
p1773,乳房,本棚,1,0.44,0.81,160,100,0
p1774,入り,戸口,1,2.86,3.95,130,150,1
p1775,入り口,木戸,1,2.78,3.97,170,160,1
p1776,入り江,吸収,1,0.78,1.61,160,120,0
p1777,入所,上り,1,1.04,1.89,140,130,1
p1778,入力,記載,1,2.98,3.95,170,150,1
p1779,入力,電圧,1,0.95,2.41,170,150,0
p1780,任意,裁量,1,2.11,3.03,150,140,1
p1781,任務,測量,1,0.94,2.52,160,120,1
p1782,任務,役割,1,4.16,4.55,170,140,1
p1783,任命,指名,1,3.86,4.35,160,150,1
p1784,認識,懐疑,1,1.2,2.68,180,140,0
p1785,認識,趣味,1,0.74,1.86,160,150,1
p1786,認証,転倒,1,0.58,1.23,170,160,0
p1787,認知,識別,1,3.53,4.22,160,150,1
p1788,熱気,高温,1,3.41,4.53,170,150,1
p1789,熱帯,気圧,1,1.39,4.04,170,140,1
p1790,濃度,確信,1,0.97,1.86,150,150,1
p1791,農場,家畜,1,2.37,4.75,180,140,1
p1792,派遣,使節,1,3.09,4.03,150,150,1
p1793,破壊,荒廃,1,2.42,3.89,160,170,1
p1794,破壊,配当,1,0.61,1.39,170,130,0
p1795,破片,一節,1,2.18,2.85,130,150,1
p1796,破滅,荒廃,1,3.02,4.09,170,130,1
p1797,排出,除去,1,3.4,4.06,160,150,1
p1798,背景,陽気,1,0.84,1.93,150,150,0
p1799,背中,裏側,1,2.42,3.82,150,150,0
p1800,配線,治安,1,0.59,1.38,150,150,0
p1801,配線,負荷,1,0.95,2.83,170,150,1
p1802,配列,順序,1,3.59,4.34,170,140,1
p1803,培養,文明,1,0.81,2.15,180,150,0
p1804,媒体,重複,1,0.89,1.77,170,150,0
p1805,買い手,王国,1,0.62,1.48,170,160,0
p1806,買い物,同性,1,0.52,1.59,180,160,0
p1807,売買,貿易,1,2.95,4.17,170,130,1
p1808,伯爵,呪い,1,0.58,1.61,170,140,0
p1809,拍子,出血,1,0.64,1.43,170,150,0
p1810,白書,偏差,1,1,2.14,180,140,0
p1811,白人,感性,1,0.62,1.49,180,160,0
p1812,迫力,絶叫,1,1.66,3.56,140,130,1
p1813,発音,前足,1,0.56,1.09,180,160,0
p1814,発音,訛り,1,2.29,4.17,180,150,1
p1815,発芽,競り,1,0.76,1.81,170,130,0
p1816,発見,衝動,1,1.19,2.39,180,130,1
p1817,発見,早期,1,0.98,3.29,160,150,1
p1818,発酵,醸造,1,3.58,4.29,160,150,1
p1819,発射,起動,1,2.32,3.61,180,150,1
p1820,発射,銃撃,1,2.82,4.35,130,150,1
p1821,発想,融合,1,1.1,2.48,150,150,1
p1822,発足,開設,1,3.69,4.28,150,150,1
p1823,発足,財団,1,1.06,2.97,180,130,1
p1824,発展,進歩,1,4.36,4.71,170,150,1
p1825,発電,出力,1,2.12,3.97,150,140,1
p1826,発動,着手,1,2.56,3.48,140,130,1
p1827,発砲,悪意,1,1.22,2.83,170,150,0
p1828,発砲,銃撃,1,4.09,5.02,180,140,1
p1829,発明,考案,1,3.43,4.54,150,140,1
p1830,髪の毛,長身,1,0.59,1.61,180,140,0
p1831,伐採,発芽,1,1.15,3.19,170,150,1
p1832,判決,審査,1,2.74,4,160,120,1
p1833,判事,控訴,1,1.67,4.25,160,170,1
p1834,判断,鑑定,1,3.27,4.11,180,140,1
p1835,判断,審査,1,2.88,4.22,160,170,1
p1836,判定,意見,1,1.83,3.3,170,150,1
p1837,判定,見解,1,2.84,3.66,140,130,1
p1838,半ば,真ん中,1,3.58,4.15,160,150,1
p1839,半月,暗黒,1,1.12,1.75,130,150,0
p1840,反応,遠慮,1,0.89,2.23,150,150,1
p1841,反逆,裏切り,1,4.2,4.68,170,130,1
p1842,反響,後書き,1,1.03,2.44,150,140,1
p1843,反響,炭素,1,0.57,1.15,150,140,0
p1844,反響,木霊,1,1.89,2.83,130,150,1
p1845,反抗,異議,1,3,3.64,160,150,1
p1846,反抗,逸脱,1,1.61,3.01,160,150,1
p1847,反抗,指名,1,0.54,1.54,160,150,0
p1848,反発,抵抗,1,4.02,4.67,160,170,1
p1849,反発,同化,1,0.71,2.18,180,130,0
p1850,反発,裏口,1,0.8,1.92,160,150,0
p1851,反復,業界,1,0.75,1.46,150,150,0
p1852,反復,繰り返し,1,4.69,5.12,160,170,1
p1853,反論,異議,1,4.2,4.72,190,140,1
p1854,氾濫,洪水,1,3.78,4.74,190,140,1
p1855,版画,将校,1,0.66,1.19,180,160,0
p1856,犯罪,違反,1,3.71,4.54,170,160,1
p1857,繁栄,配当,1,1.2,2.76,180,160,1
p1858,範囲,限度,1,2.81,3.71,180,140,1
p1859,範囲,守備,1,1.74,3.75,160,170,1
p1860,範囲,領域,1,4.35,4.74,160,150,1
p1861,悲しみ,痛み,1,2.12,3.85,170,130,1
p1862,批判,女王,1,0.76,1.69,130,150,1
p1863,批判,専制,1,1.13,2.52,190,140,0
p1864,批判,評論,1,2.62,4.02,160,170,1
p1865,皮肉,会館,1,0.45,0.77,180,140,1
p1866,費用,喋り,1,0.69,1.38,160,170,0
p1867,飛躍,配線,1,0.48,1.29,160,150,0
p1868,百合,写し,1,0.82,1.28,180,140,0
p1869,標本,制裁,1,0.63,1.43,160,150,0
p1870,表紙,白色,1,0.94,2.5,160,120,1
p1871,表情,顔色,1,3.71,4.65,170,130,1
p1872,表情,顔付き,1,4.01,4.72,150,150,1
p1873,表情,面持ち,1,4,4.29,160,150,1
p1874,表面,見掛け,1,3.26,4.17,170,150,1
p1875,評価,鑑定,1,3.64,4.54,170,160,1
p1876,評価,織物,1,0.52,1.39,160,150,0
p1877,評判,持ち,1,1.01,1.86,160,170,1
p1878,病人,歴史,1,0.51,1.53,140,130,0
p1879,品質,特性,1,2.27,3.59,190,140,1
p1880,貧乏,金持ち,1,0.87,3.72,170,130,1
p1881,不快,安全,1,0.42,1.71,180,150,1
p1882,不況,季節,1,0.62,1.85,170,130,1
p1883,不幸,死亡,1,2.24,4.15,180,150,1
p1884,不在,反発,1,0.75,1.61,160,150,0
p1885,不在,留守,1,4.96,5.25,180,130,1
p1886,不信,疑い,1,4.36,4.62,160,150,1
p1887,不信,疑惑,1,4.12,4.49,170,150,1
p1888,不審,疑惑,1,3.99,4.46,140,130,1
p1889,不正,虚偽,1,3.6,4.42,170,130,1
p1890,不足,欠如,1,4.37,4.52,170,130,1
p1891,不能,無力,1,2.93,3.75,160,150,1
p1892,不便,刃物,1,0.51,1.72,170,130,0
p1893,不満,携帯,1,0.56,1.71,170,140,1
p1894,不明,疑念,1,1.85,3.15,160,170,1
p1895,不利,変異,1,1.05,1.98,130,150,1
p1896,不倫,羽根,1,0.57,1.47,190,140,0
p1897,付き合い,行き来,1,2.27,3.64,180,160,1
p1898,付き合い,社交,1,4.07,4.65,180,150,1
p1899,付与,贈り物,1,2.75,3.59,130,150,1
p1900,布教,悪意,1,0.66,2.24,180,150,0
p1901,布教,開き,1,1.31,2.54,180,140,0
p1902,扶助,救済,1,3.13,4.15,160,120,1
p1903,扶養,控除,1,1.75,4.28,170,130,1
p1904,普及,下水,1,0.9,2.69,190,140,1
p1905,普遍,尊厳,1,1.32,2.52,170,160,0
p1906,侮辱,拒絶,1,1.38,2.86,170,150,0
p1907,侮辱,軽視,1,2.71,4.06,170,140,1
p1908,武装,軍備,1,3.91,4.84,170,130,1
p1909,葡萄,醸造,1,1.4,3.91,150,140,1
p1910,復帰,別れ,1,0.92,2.66,170,140,1
p1911,復帰,返還,1,2.6,3.74,180,160,1
p1912,復帰,和解,1,1.25,2.68,150,140,1
p1913,複数,痴呆,1,0.56,1.41,160,150,0
p1914,物音,階下,1,0.82,2.95,150,150,1
p1915,物音,疑念,1,0.78,2.07,160,150,0
p1916,物語,意見,1,0.79,2.05,180,150,1
p1917,物体,不利,1,0.56,1.18,180,140,0
p1918,物理,法則,1,1.84,4.06,180,150,1
p1919,分解,左翼,1,0.72,1.65,180,130,0
p1920,分割,区画,1,3.16,4.24,160,120,1
p1921,分割,師団,1,1.15,2.14,150,140,1
p1922,分散,普及,1,1.44,2.58,140,130,1
p1923,分子,生体,1,1.94,3.55,170,150,1
p1924,分担,貢献,1,1.37,2.96,140,130,1
p1925,分泌,母乳,1,1.39,3.6,160,150,1
p1926,分別,整理,1,3.43,4.46,190,140,1
p1927,分別,洞察,1,1.76,2.81,130,150,1
p1928,分野,領域,1,3.61,4.4,160,170,1
p1929,分離,切断,1,3.69,4.47,170,160,1
p1930,分類,区別,1,4.18,4.53,170,130,1
p1931,分類,配列,1,2.18,3.58,160,120,1
p1932,焚き火,見通し,1,0.55,1.06,150,140,0
p1933,文芸,精霊,1,0.71,1.91,160,120,0
p1934,文体,構え,1,1.71,2.96,170,150,1
p1935,文法,指輪,1,0.51,1.13,160,100,0
p1936,文脈,命題,1,1.54,3.03,150,150,1
p1937,併合,召集,1,1.62,2.63,170,150,1
p1938,兵士,将校,1,3,4.19,180,150,1
p1939,平原,高度,1,0.88,2.11,170,160,0
p1940,平坦,水準,1,1.64,2.84,160,150,1
p1941,平坦,標準,1,2.01,3,150,140,1
p1942,弊害,災い,1,2.56,3.82,170,160,1
p1943,並び,塩基,1,1.52,2.91,170,150,1
p1944,閉鎖,強度,1,0.66,1.68,170,160,0
p1945,偏差,武器,1,0.85,1.58,150,140,0
p1946,変革,改善,1,3.06,3.98,160,150,1
p1947,変革,改良,1,3.17,4.01,150,140,1
p1948,変換,調査,1,0.95,2,150,140,0
p1949,変更,改正,1,4.06,4.55,160,100,1
p1950,変更,改訂,1,4.08,4.55,170,150,1
p1951,変更,小道,1,0.68,1.94,170,130,0
p1952,変更,訂正,1,3.96,4.48,170,150,1
p1953,変身,体操,1,0.68,1.8,160,170,0
p1954,変動,塩基,1,0.93,1.99,170,140,0
p1955,変動,気候,1,1.31,3.8,160,150,1
p1956,変動,替え,1,2,3.12,180,140,1
p1957,返し,沸騰,1,0.79,1.7,160,100,0
p1958,返済,利子,1,1.66,4.28,180,160,1
p1959,勉強,学問,1,4.2,5.1,170,140,1
p1960,保育,花火,1,0.37,1.3,140,130,1
p1961,保管,貯蔵,1,4.08,4.65,170,130,1
p1962,保険,酵素,1,0.68,1.18,170,130,0
p1963,保護,救済,1,3.6,4.43,180,130,1
p1964,保持,見掛け,1,1,1.94,160,170,0
p1965,保持,整備,1,1.81,3.57,180,150,1
p1966,保持,扶養,1,1.42,2.49,150,150,1
p1967,保証,品質,1,1.86,4.04,180,140,1
p1968,保全,管理,1,3.19,4.03,170,150,1
p1969,保全,救助,1,1.8,3.3,180,160,1
p1970,保全,持続,1,2.45,3.52,170,150,1
p1971,保存,維持,1,3.27,4.19,190,140,1
p1972,保存,貯蔵,1,4.25,4.51,170,130,1
p1973,保有,所持,1,4.83,4.89,160,150,1
p1974,歩み,速度,1,2.01,3.73,160,150,1
p1975,補充,要員,1,1.64,3.52,140,130,1
p1976,補償,損失,1,1.48,3.8,130,150,1
p1977,母国,分析,1,0.63,1.55,160,150,0
p1978,包み,半月,1,0.66,1.42,180,140,0
p1979,包囲,封鎖,1,2.91,3.98,140,130,1
p1980,包括,感情,1,0.86,2.11,180,140,0
p1981,報道,機能,1,0.78,2.06,170,150,1
p1982,奉公,待遇,1,1.33,2.98,140,130,1
p1983,奉仕,刃物,1,0.48,1.21,180,130,0
p1984,奉仕,待遇,1,1.34,2.91,180,160,1
p1985,放棄,耕作,1,0.54,1.9,180,150,0
p1986,放棄,断念,1,3.26,4.09,180,130,1
p1987,方角,激怒,1,0.44,0.99,160,150,0
p1988,方式,順序,1,2.48,3.8,180,160,1
p1989,方針,施策,1,3.61,4.24,160,170,1
p1990,方面,日光,1,0.73,1.95,160,150,0
p1991,方面,領域,1,2.41,3.33,160,150,1
p1992,法則,力学,1,1.71,3.99,190,140,1
p1993,法令,規定,1,3.62,4.48,130,150,1
p1994,訪問,入浴,1,0.71,2.01,180,160,0
p1995,訪問,面会,1,3.49,4.43,150,150,1
p1996,亡命,移民,1,2.17,4.05,150,150,1
p1997,傍ら,暖炉,1,0.73,1.92,160,150,0
p1998,妨害,荷物,1,0.77,1.92,160,150,0
p1999,妨害,故障,1,1.47,3.09,190,140,1
p2000,妨害,賛成,1,0.64,2.01,180,130,0
p2001,妨害,支障,1,3.15,4.02,160,150,1
p2002,妨害,出力,1,0.74,1.81,180,140,0
p2003,妨害,面倒,1,1.37,2.69,170,150,1
p2004,望み,期待,1,4.13,4.65,150,150,1
p2005,冒険,賭け,1,2.55,3.82,180,130,1
p2006,冒険,投機,1,1.58,2.91,190,140,1
p2007,貿易,通商,1,3.91,4.48,170,130,1
p2008,北西,結論,1,0.48,0.73,180,140,1
p2009,北側,感触,1,0.39,0.95,160,150,0
p2010,北東,不利,1,0.68,1.15,170,150,0
p2011,北方,大物,1,0.78,1.49,170,150,0
p2012,本気,真剣,1,4.87,5.11,180,140,1
p2013,本気,誠意,1,2.58,3.77,160,150,1
p2014,本質,核心,1,4.32,4.76,150,150,1
p2015,本陣,奇襲,1,1.03,3.13,180,160,1
p2016,本部,配当,1,0.85,1.84,130,150,0
p2017,盆地,高度,1,1.02,2.39,160,170,0
p2018,摩擦,葛藤,1,1.94,3.01,160,150,1
p2019,枕元,宿命,1,0.71,1.22,170,160,0
p2020,万能,増大,1,0.83,2.06,160,150,0
p2021,味噌,出し汁,1,2,4.35,170,140,0
p2022,味方,援助,1,2.91,4.25,170,130,1
p2023,未知,暖房,1,0.46,0.95,180,140,0
p2024,蜜柑,競り,1,0.92,2.13,170,150,0
p2025,蜜蜂,白色,1,0.8,1.54,180,160,0
p2026,夢想,錯覚,1,2.46,3.48,160,120,1
p2027,無駄,祝日,1,0.48,1.42,170,160,0
p2028,無用,北西,1,0.43,0.9,160,150,1
p2029,無力,指名,1,0.59,1.38,180,160,0
p2030,名刺,出所,1,0.82,1.85,160,150,0
p2031,名簿,中絶,1,0.46,1.02,160,150,1
p2032,名誉,栄光,1,4.3,4.67,170,150,1
p2033,明かり,電灯,1,4.53,5.07,180,140,1
p2034,明き,注文,1,0.8,1.76,160,170,0
p2035,免疫,抗体,1,3.78,4.71,170,150,1
p2036,免許,公認,1,2.66,3.97,180,140,1
p2037,免許,認可,1,3.41,4.1,160,150,1
p2038,免許,認定,1,3.26,4.22,170,160,1
p2039,面持ち,顔付き,1,4,4.15,160,150,1
p2040,模型,対称,1,1,2.08,160,150,0
p2041,模範,見本,1,4.01,4.59,160,150,1
p2042,模様,飾り,1,2.86,4.16,190,140,1
p2043,模様,装飾,1,2.96,4.06,170,140,1
p2044,目的,趣旨,1,3.34,4.12,140,130,1
p2045,問屋,本質,1,0.71,1.74,170,140,0
p2046,問題,核心,1,1.97,3.79,150,140,1
p2047,問題,邪魔,1,1.74,2.72,160,100,1
p2048,問題,論点,1,3.06,4.05,170,130,1
p2049,夜間,演習,1,0.75,1.82,160,150,0
p2050,夜間,歩道,1,0.76,2.62,170,130,1
p2051,野菜,女性,1,0.52,2.04,190,140,1
p2052,野党,空洞,1,0.79,1.67,160,100,0
p2053,厄介,妨害,1,2.16,3.5,180,150,1
p2054,役割,用途,1,3.28,4.12,160,100,1
p2055,役目,職務,1,3.64,4.36,170,140,1
p2056,約束,儀式,1,1.5,2.67,180,150,1
p2057,油断,無視,1,0.9,2.01,150,150,0
p2058,輸入,関税,1,1.96,4.72,170,130,1
p2059,優雅,会釈,1,0.86,2.44,160,100,0
p2060,優雅,恵み,1,1.45,3.2,170,130,1
p2061,優雅,風情,1,2.13,3.67,150,140,1
p2062,優先,人質,1,0.74,2.71,170,150,1
p2063,勇気,根性,1,2.24,3.55,140,130,1
p2064,友好,声明,1,1.06,2.69,160,170,1
p2065,幽霊,怪物,1,2.61,3.84,150,140,1
p2066,有り様,状況,1,3.97,4.43,180,140,1
p2067,有り様,状態,1,4.36,4.49,180,150,1
p2068,有益,炎症,1,0.47,1.01,160,150,0
p2069,有限,事象,1,1.26,2.39,150,150,0
p2070,由来,起源,1,4.46,4.94,160,120,1
p2071,由来,系統,1,2.42,3.43,160,170,1
p2072,由来,系列,1,2.02,2.97,160,120,1
p2073,融資,貸し,1,4.06,4.6,180,140,1
p2074,融資,貸し出し,1,4.07,4.62,170,160,0
p2075,融資,貸し付け,1,4.59,4.74,160,170,0
p2076,夕食,献立,1,2.5,4.63,130,150,1
p2077,予感,疑惑,1,1.91,3.17,170,160,1
p2078,予感,直観,1,3.21,4.09,170,150,1
p2079,予期,見込み,1,3.79,4.26,160,170,1
p2080,予算,見積もり,1,3.49,4.97,180,130,1
p2081,予想,見通し,1,4.17,4.69,150,150,1
p2082,予測,期待,1,2.19,3.55,160,120,1
p2083,予測,見通し,1,4.51,4.83,170,160,1
p2084,予防,阻止,1,3.19,3.96,170,130,1
p2085,予約,社債,1,0.58,1.72,160,150,0
p2086,余暇,白書,1,0.9,1.94,190,140,0
p2087,余裕,断片,1,0.71,1.52,160,170,0
p2088,容赦,許し,1,3.29,4.11,130,150,1
p2089,容赦,慈悲,1,2.2,3.36,180,130,1
p2090,様式,更新,1,0.86,2.32,140,130,0
p2091,様式,戦線,1,0.92,1.79,160,170,0
p2092,様式,類型,1,2.88,3.65,160,100,1
p2093,用事,飼い主,1,0.48,1.53,160,150,0
p2094,用心,集中,1,1.88,3.45,160,120,1
p2095,用心,配慮,1,2.84,3.62,160,170,1
p2096,抑制,雨水,1,0.53,1.57,180,140,0
p2097,抑制,監督,1,1.37,2.49,170,150,1
p2098,欲求,願望,1,4.12,4.61,160,100,1
p2099,来客,増大,1,0.73,2.17,160,100,0
p2100,頼み,大事,1,1.29,3.2,150,140,1
p2101,乱暴,強姦,1,3.55,4.69,170,130,1
p2102,乱用,光景,1,0.66,1.35,130,150,0
p2103,乱用,瞑想,1,0.62,1.65,160,150,0
p2104,利益,目的,1,1.39,3.35,160,120,1
p2105,利子,切断,1,0.51,1.1,180,160,0
p2106,利点,長所,1,4.13,4.71,170,160,1
p2107,利用,喜び,1,0.73,2.05,150,150,1
p2108,理由,証し,1,2.37,3.55,180,150,0
p2109,裏口,地下,1,1.17,2.86,150,140,0
p2110,裏切り,謀反,1,4.54,4.78,170,160,0
p2111,離脱,炎症,1,0.58,1.44,160,150,0
p2112,立案,計画,1,3.55,4.53,130,150,1
p2113,立場,出し汁,1,0.54,0.92,180,160,0
p2114,立法,団体,1,0.98,2.51,190,140,1
p2115,略奪,窃盗,1,3.92,4.2,180,150,1
p2116,流行,通用,1,1.44,2.58,160,120,1
p2117,流行,風潮,1,3.33,4.3,180,160,1
p2118,留意,考慮,1,3.07,3.8,160,150,1
p2119,旅行,渡航,1,3.14,4.31,170,150,1
p2120,料理,調味,1,2.57,4.61,170,130,0
p2121,料理,波長,1,0.5,1.39,160,150,0
p2122,領域,手形,1,0.88,1.72,170,130,0
p2123,力学,複数,1,0.91,2.18,180,130,0
p2124,類似,地質,1,0.95,1.8,170,150,0
p2125,礼拝,原点,1,0.69,1.93,180,150,0
p2126,礼拝,賛美,1,2.41,3.78,150,140,1
p2127,恋人,法案,1,0.49,1.11,160,150,1
p2128,連隊,回転,1,0.94,1.67,130,150,0
p2129,路地,長屋,1,1.16,3.28,170,150,1
p2130,路面,運行,1,1.25,3.49,160,150,1
p2131,労働,雇用,1,2.81,5.03,180,130,1
p2132,労務,勤め,1,4.27,4.66,180,140,1
p2133,廊下,通路,1,3.69,4.5,170,160,1
p2134,老齢,原告,1,0.64,1.31,170,130,0
p2135,論文,支部,1,0.64,1.42,170,150,0
p2136,論理,対立,1,1.23,2.91,160,170,1
p2137,和解,小道,1,0.56,1.41,160,150,0
p2138,惑星,隕石,1,2.55,4.21,170,150,1
p2139,枠組み,構成,1,3.97,4.27,160,150,1
p2140,枠組み,理論,1,1.96,3.25,170,130,1
p2141,嗜好,風情,1,1.46,2.68,160,170,0
p2142,嘔吐,法案,1,0.55,0.88,160,100,0
p2143,躊躇,迷い,1,4.01,4.56,180,130,1
p2144,躊躇,老齢,1,0.79,2.2,150,140,0
p2145,麒麟,花瓶,1,0.57,1.24,150,150,0
